temperature,smoke,humidity,gas,motion,distance,event_class
25.993428306022466,4.861735698828816,56.47688538100692,0.17615149282040127,0,313.95206461000686,0
44.12623251230451,68.75424941518054,14.93584439832788,0.07143099171229293,0,253.79585811264477,2
25.628494665190548,4.091975924478789,35.87696298664709,0.1732824384460777,0,288.71118497567323,0
30.118976062075586,5.394233021879601,51.2221916522268,0.07422821689537734,0,269.9680655040597,0
24.416612500413446,4.398293387770603,68.52278184508938,0.09932513876310331,0,247.114453552205,0
24.541099092336086,5.389348913256123,37.34880886077358,0.15459961321788357,0,233.59069755507846,0
25.393722471738247,5.738466579995411,51.7136828118997,0.09421758588058798,0,284.9448152205356,0
26.547400833667364,28.074588597918417,36.53321902638654,0.05597043669764468,0,316.20419846973977,1
60.6478390752256,49.83693420905034,25.4982348789241,0.14656400595580993,0,289.64170549477126,2
50.01766448946012,4.589616691313699,61.79716344700701,0.05508960302721609,0,296.39949392098333,1
25.723272050095268,4.354880245394876,53.61395605508414,0.17690182832329848,0,468.61481268133366,0
66.70492168243732,87.14225143023492,27.38947022370758,0.02906247707042986,0,352.12458086697103,2
23.963459563452705,4.191506397106813,44.982429564154636,0.14577010588510372,1,316.43755548298424,0
27.74372426709955,5.175553293954833,46.90711453555422,0.13365627513869877,0,280.3945923433921,0
22.072970103735763,5.296120277064576,52.610552721798896,0.10025567283212306,0,288.27064333124264,0
24.208967096839412,4.710863143530058,54.52936326533509,0.09169695458244674,0,394.3092950605265,0
25.349155625663677,5.2575503907227645,49.25554084233833,0.004061439235047926,0,298.67430622753915,0
25.204695365099333,4.5673907194519865,43.40817697563522,0.10019686522157015,0,290.3819517609439,0
57.97258234975459,107.68031437865356,27.02602652939094,0.15714114072575103,0,337.5966516343387,2
27.784651506983806,4.119359181470231,50.76894948584572,0.07532837588983367,0,346.15813041709765,0
25.199302730175283,4.496524345883801,34.493365689338674,0.10342814874030137,0,326.8168016191033,0
23.170618137477444,5.620548215961735,48.39062623136937,0.0805867800511693,0,255.72438130855755,0
26.62703443473934,3.769135683566045,52.27459934604129,0.16535713771412142,0,283.7754521085553,0
24.58826656580899,3.559958552316202,61.9072725611364,0.16496984071322437,1,256.64269219752236,0
25.500985700691754,5.346448209496976,43.19975278421509,0.11161268485805018,0,311.31441347494376,0
40.126591648863396,5.174833011991471,37.83145107640761,0.1524673696160433,0,366.25528307571005,1
26.574169207484903,6.158595579007404,41.7931768164829,0.14816880646221608,0,320.6390463468249,0
23.264717820041252,5.145861852428309,36.30128943283704,0.06141096252533707,0,296.1449145292948,0
25.682303949633287,5.276690799330019,58.27183249036024,0.10065009459389536,0,372.67670385786585,0
77.23708622864778,75.53074429348298,23.57000247046046,0.14885900004065367,0,246.45537509694438,2
25.94647524914709,4.927171087343127,41.532062819315954,0.024257638765706774,1,253.6976690394261,0
23.974069364728756,30.29104359223,50.92478871551097,0.1315037469300504,0,388.14687361516144,1
22.714059404338755,5.357787360348283,55.60784526368234,6.357682939934839,0,352.69010260174514,3
23.792191255030943,5.304449119870853,52.57207490980107,0.10119659072329186,0,343.5956994406196,0
26.141781021386333,6.135565640180599,59.54001763493203,0.1325695625652899,1,242.37173141699924,0
21.99846321358565,5.165022798109338,41.44071082170632,0.09801819289801905,0,273.26686290749683,0
26.372520380749027,3.3872841288103483,45.280681342105666,0.15444752984836832,0,378.01900705664394,0
25.25710200014216,5.549576345062667,37.2912819312396,0.21945179786962313,0,392.1706879160267,0
20.949714826684787,5.186454314769428,43.38213535231612,7.491952595912231,0,261.40904611216223,3
24.331505817699266,4.682153093489417,53.177670324371185,0.019388634641273828,0,236.95580228324775,0
26.835723894109552,7.122156197012633,60.32465260551147,0.024031501702299327,0,275.78829635668745,0
24.525216077586663,6.872005680472304,49.80557859100452,0.05337041717194595,0,287.371592430342,0
22.504433636070303,6.632411303931635,35.69858622039367,0.07799777566515081,0,306.53702886430455,0
25.11701780461369,7.347996928450323,54.04975508770525,0.14548690874799086,0,309.9529847786735,0
23.79956624568241,5.069802084990019,46.1468640313824,0.10567586726256241,0,333.10653372605236,0
23.76973264445734,7.111317641616251,56.86848512765971,0.1035486207819873,0,314.0495933867516,0
23.75460096035881,4.791877749642725,45.06999065341167,0.07053176215278943,0,342.48010485105124,0
26.90402218769339,6.452550247462371,53.62013911942471,0.12906570670178621,1,258.5502494538964,0
23.87963791960606,5.747293605123262,56.10370265433465,0.09895492030179259,0,305.8663691654391,0
23.661594543637573,6.161937317746775,65.52859775839326,0.07802410622628614,0,365.27394035771647,0
25.042007683265517,5.6819529712949635,46.89733243406544,0.11620831762442212,1,293.49284728161575,0
28.824635279679942,6.065227082546918,32.07954899864785,0.07766132441050462,0,357.9055436750034,0
26.58332538792587,5.624119817052155,56.2834550926428,1.8649733770545804,0,255.1372814257084,3
28.540863033133437,4.690907490803078,58.03813051376258,0.13069206707377123,0,367.8940394049994,0
25.489933142217446,4.49305682462887,45.289616943816775,0.11160249686788182,0,357.7177169204462,0
24.04523653884936,4.335772556695577,63.601113662481715,0.0,1,378.5016140271336,0
24.96196758419462,3.997470635362191,49.8148686400761,0.08556706805399308,0,363.55691129904574,0
26.54172620292808,5.492686483800405,50.88873006131744,0.02771950137639588,1,257.793154324113,0
25.448184963620832,5.012592400781795,50.97676098548832,0.06134951080722668,1,413.78806487836016,0
25.812453370099856,4.568057798391628,68.5996700648693,0.16002057742066994,1,390.80438951219077,0
29.379605866435345,4.191701714644848,41.602781578192236,0.0700303677277989,0,351.6300202008988,0
21.379737350007968,3.087293482935781,53.62476458805302,0.1285673755163394,0,348.52619100066056,0
22.359533585958715,6.831458765854354,61.79440120721287,0.07654121739476477,1,314.7738762211592,0
22.80530826286668,5.340922198558953,49.13586493168386,2.6083585118084494,0,313.93615174853306,3
23.801249954092455,5.005243699718183,50.46980593764742,0.07749672642603782,0,331.14249661737495,0
22.262819768916287,5.535491809975205,60.604468141104675,0.17706854984590914,0,316.6157005989796,0
23.503026926886893,6.551151975522523,51.156746342928585,0.15896485920319134,0,303.37592407050545,0
27.053159693104156,5.166088132508151,39.79616752737845,7.052947336298523,0,332.2687974792574,3
23.07015307883979,5.686051459998439,60.58424486849588,0.012063025678844291,0,344.3031780123077,0
24.725844357916294,5.2001344191734225,28.2913417186959,0.07566427519786253,0,366.72228204320675,0
21.59323512128969,4.944452301103381,53.840654489393074,0.09836526259529535,0,356.1338842399011,0
22.117608479008002,4.8770886934485445,49.24696345244877,0.044937404757644406,0,324.3836637461647,0
24.874641805453656,5.955142320501238,40.14273953664456,0.12520232577589224,0,259.2250463355756,0
23.881949013532285,3.565911130767476,48.084671760867074,0.10287370015121484,0,185.8598754979601,0
23.60054898401483,5.213979910734222,48.8767195030917,0.08895152002333885,1,263.1793913871177,0
53.22483856750642,4.4527201636624785,37.71945980876376,0.21870708717002985,0,284.4637867691403,1
24.501927920887244,5.576556963055767,53.112501545435364,0.25394404042276186,0,355.97874557172884,0
28.047574820387617,2.5432529431365207,41.89494153020782,0.05477290581064644,0,267.67135578787367,0
22.83690399277121,6.687141635072565,58.816397569494505,0.09960136793416914,0,373.9972069445013,0
29.74865880698478,6.014532692687298,45.59495441126475,0.17910190914818902,0,256.21908733076214,0
22.234400538071327,5.926177547531641,69.0941664047013,0.030071621309042937,0,328.1484618345285,0
24.083780194337248,4.3740070697456,46.180897776312385,0.07932743805911502,0,302.4260813972414,0
23.338099767177923,5.2704568257798385,49.49761890550863,0.08805259765667951,1,254.6218168979201,0
25.474648769519487,5.273577403138628,42.75998203395701,0.07337098488897978,0,304.9666152714613,0
26.502774246743577,3.3305947188786282,55.43360192379935,0.06686881205270767,0,328.52993342965794,0
36.6923996886552,2.2590451555402984,45.41380723057001,0.08466418003390914,0,331.9296229388687,1
24.867840402705365,3.7889838002375433,43.48163892197841,0.1023699335658207,0,269.90156605518075,0
26.520502189270722,6.1063291048284425,57.71638149301336,0.06383304587743831,0,421.6924039201208,0
26.15414425436108,4.796954613957007,53.71145873371309,0.06980074066420898,1,324.40220396893744,0
28.160268190150404,4.880149080634401,51.137294602129806,0.07027419736378754,0,329.41642592303214,0
25.788904284756594,4.5790155191797375,52.89774856896413,0.20377003993227194,0,286.4898340661231,0
26.89523387532282,4.749877398925489,63.010524331622996,0.06617934897579808,0,188.48350461870555,0
25.036836758379103,6.676437312275283,53.269273737641626,0.08904497355955679,0,344.62054099076056,0
25.191240891778786,4.115184058082015,52.86941261224298,0.10825971900602885,0,328.4468337234821,0
25.67699281498883,4.584712086099199,56.32781866106285,0.2135346428902198,1,275.6302488039426,0
25.80764111735861,3.9086095627065296,41.82998560739106,0.17548856562298118,1,320.1017240023461,0
27.0750798885158,4.489983601145253,47.30125064706629,0.05106181421088463,0,278.6296028775262,0
23.894708453305988,5.9638503187153615,59.73557447520124,0.16929516606455497,0,350.4301474924418,0
23.452421601792853,3.755345296688583,32.212797510957216,0.17480221557445916,1,76.43571583398551,1
24.594307560659693,5.046915434950258,67.82163618536079,0.1295137309530894,1,260.4762772277344,0
25.94293671427199,6.882024496475034,63.454200461549775,0.17965933133196987,1,274.43921617844074,0
24.81954467188758,5.781073267616453,75.38691101737487,0.1261976333553897,0,292.0996050710505,0
24.14623786010516,3.9878956247398323,33.451433281342304,0.14115852919809574,0,303.66589835942017,0
27.540251093151433,4.181525782957609,34.97234982369396,0.08696324175540905,0,287.7128467957028,0
54.74211744181914,90.33338617296246,16.004447145873673,0.08845327348956611,0,334.81031824067094,2
24.67092868390061,5.000699117557175,51.58255980953368,0.06612168936331464,0,307.46432817362387,0
25.39616952153571,4.855639588076057,44.26337993119763,0.0726570529379804,0,428.4963419845167,0
22.785791090799957,6.388582269040288,23.406486429506273,0.0,0,237.96799611562147,0
24.314624811839302,4.628559134004209,35.924883052821784,0.061109165620456235,0,281.9054514383498,0
24.86082035417398,5.485315996560454,42.27332857726529,0.0955389412203165,0,301.4991817263579,0
26.44334412808647,3.870948228782771,44.75479733720226,0.12446872806139592,1,47.70783948446408,1
26.627727816247212,4.059586225432097,52.34652005155086,0.11263777537689434,0,245.94683362000512,0
26.231871213888528,5.593101257968383,46.904535606860094,0.1163066511121059,0,237.44432118073485,0
22.516997538101755,4.183694590945154,63.157665082821595,0.012344647653089236,0,235.97853237518586,0
28.509588363968728,2.918070592116278,66.96456368290038,0.11055087336013092,0,295.1643444064804,0
26.943645380345473,4.969041749363426,46.642849271134295,0.16730221037323587,0,315.39008844460295,0
21.57966321468675,3.651814577894287,57.43264094022715,0.10854327190639709,1,290.80083318236603,0
22.42310524048535,5.100817422254052,33.70407014023672,0.12759318276547504,0,351.4577818662822,0
25.945194964826086,5.256029734313875,59.82690983945514,0.18327372222312885,0,350.7185032509065,0
59.11384280269802,83.73533528954157,16.22308533823339,0.0,0,325.88295102345614,2
23.776964394016105,3.5933389031517775,40.76766753889096,0.03241576971918332,0,328.69834796008377,0
61.36543260643339,82.44019629290723,32.800422691343975,0.10476604034738596,0,308.9518398274483,2
24.8078802005507,6.149273326285676,42.96823574874112,0.09825057547515192,0,388.5400317817755,0
21.884095364646665,4.599618639816682,54.9973762011211,0.12662975546852756,0,331.0904981108598,0
21.859550560219088,4.272862824175132,47.52481364448495,0.0962783285449977,0,331.0336048775339,0
27.1291373560534,5.119605668887069,58.1669851771357,0.13093309798549663,0,341.6961077274452,0
25.918360158456874,4.929834288541353,33.39039066484008,6.227727101957809,0,310.38438435815556,3
25.267695308492,5.446639731517086,47.867276240342086,0.15645347187675715,1,295.97921131455035,0
26.876567611951995,4.4839552717826265,50.96120776940983,0.07688623556474788,0,247.87575628864306,0
27.55585365847633,35.159222697343175,51.349847208196884,0.12062851983220613,0,203.51577018429214,1
22.028879253926057,5.267050265869258,58.89630795623437,0.10411419946377122,1,353.27401875326757,0
27.446341901182915,4.316568209869877,44.901424225000255,0.0,0,277.7248739299614,0
27.906768954235403,6.579572145730713,44.771399728467316,0.07899065914520714,0,285.9107695569746,0
22.987768213833007,3.9490880421718133,30.663216988924397,0.03963020841768128,1,47.86011155774491,1
24.901072580695136,5.674819492166604,38.772779784377015,0.11912048730920254,1,358.3551457191818,0
28.242217115575432,3.430039662342657,50.73962964073568,0.0741233174545888,0,270.0537801720332,0
23.725225745386965,6.189016531107551,64.20504247989855,0.0714626853125262,0,317.18092947676087,0
24.24689469795547,4.294789263670219,42.963799370735536,0.21786881825163543,0,346.8919150783322,0
23.774422619031228,4.6122984400640155,52.85865390724905,0.11672283949935125,0,257.47217706689025,0
25.209470597276262,3.2514530150424736,37.426596995711556,0.14420504182795899,0,252.46581042973366,0
23.964777401927655,5.223787951638898,49.83577103927248,0.1594196636724042,0,360.28140389764184,0
25.68627010203375,6.323874803787213,38.681838578673045,0.018030186616797186,1,323.127427632377,0
26.181309661384617,6.108703580582908,58.204821811973645,0.1253637015553649,0,350.4260412389291,0
28.06337760248183,4.350808675096321,54.80562107410747,0.08148383157013517,0,258.32205063603664,0
25.737346617745803,4.606661187672639,50.28744822934817,0.16392259313036495,0,340.8876347938025,0
22.02121388070139,5.0246420984285844,50.899561481267895,0.13766521345388247,0,232.48757940285873,0
24.384443530094,5.219150327663939,52.49383683710755,0.17887266398817372,1,360.4490972053233,0
22.11701150387277,5.175545829890508,54.08512348377426,0.09068138028184541,0,279.7667088346477,0
42.370973063435216,4.299879185060827,61.950466289248425,0.023840654760811264,0,318.3551133394034,1
24.737923186002007,2.964759759374496,57.321236073330724,1.701791065069877,0,227.59930497918782,3
89.6581573703832,75.55174443088869,14.265206856332803,0.1354178223649677,0,356.0926594713424,2
24.770819399384063,5.633267502303576,37.72740219079142,0.1830068476724121,0,297.72069918222513,0
25.486678898645383,4.75876394214367,53.520553965142966,0.037423028790477805,1,372.18823020366295,0
76.71562840025973,92.85445519735087,26.645762650662157,0.08849717822018087,0,328.4883640116102,2
25.39304233940294,5.709003757588512,49.102643057127736,0.17200586077247365,0,318.7488969169855,0
23.485200966203383,3.6417288032766475,46.83902131563473,6.260965323483086,0,299.28554843050154,3
23.69475204139522,4.55381656678522,31.104592690544692,6.53528228369849,0,178.80603366855217,3
69.94596191364147,56.83270621614915,27.51699150883575,0.09879115114509353,0,271.4497640180213,2
26.754724581151343,4.779035826170336,50.26885838994531,0.11041914039737763,0,197.91325657878548,0
24.461627736637222,4.913861554516636,48.20988032882514,0.06340614571848915,0,389.88432634247613,0
26.28168572253402,4.428821010217203,55.72582781356159,0.16996777182930012,0,346.23168414563844,0
28.623960248269743,5.357925728691769,53.932631513836775,0.1340722540178643,1,352.47763576596674,0
23.929529576878863,6.317394065634326,51.975996046923996,0.2037630436312633,0,265.54060909552163,0
24.26095676635554,5.204549396090745,39.68423753129842,0.07353508812268901,0,298.78227038695087,0
29.284540717223727,6.727543170100711,54.36323669674032,0.10190017390841002,0,306.0015663359131,0
23.99548856761175,5.211594970380394,60.910461021646675,0.09446332854596522,0,275.8406768850313,0
28.147973526580067,3.774234336997659,35.3562511979018,0.1112225909279986,0,352.3549151306077,0
24.789216149125348,6.780829212966642,33.670477194580165,0.07136157877257371,0,373.8270174862948,0
27.760182708294902,4.374437298490471,53.95803533437409,0.12470150931413695,0,313.03368829119535,0
25.64760025521189,4.70851002100651,33.49508789962238,0.09747885741392562,1,21.514573793699245,1
27.297531400744205,3.2602862212219,46.37559058596868,0.04401650526869281,1,340.3646562405542,0
22.508467881800602,6.1077204502817,42.91921133805859,0.022205067475505227,0,286.3802014750095,0
25.15364378212051,3.7170077758114304,59.9626681944714,0.07531217084193438,0,332.4462105253498,0
22.21600732562398,4.161612508882115,55.20664420534209,0.14235395049925173,0,361.125045744344,0
25.763870904463108,5.43004164719107,60.30283454031842,0.11193945795132568,0,283.65596101601744,0
23.898103771069145,5.048385118285803,43.124565486604084,0.09345420136151254,1,248.25225677339336,0
25.15727038063218,44.68876423583887,59.16327674702482,0.11732442379489964,0,194.9540569274041,1
23.257732471924967,5.403390023354078,40.615320897941515,0.1322134079754651,0,268.81155196520973,0
28.828062707733572,4.809317599236653,52.17432873179723,0.14350338653443773,1,324.78409439863026,0
50.9351515278019,7.003407267182105,59.6296552911413,0.1153810377725526,0,355.2762966478992,1
26.27746044405837,3.8569950872695165,66.33431532301096,0.042682730349065605,0,350.2571286639009,0
24.4952399130711,5.340600019099859,64.35181549190051,0.1282201493946633,0,317.77753148371767,0
27.378940977849282,3.7723921848630075,55.97400069849858,0.13505863711554492,0,364.4878264187687,0
24.477200150089754,5.120499958789301,39.713256668709164,0.036098870828181195,0,217.8129642205971,0
23.017215301087386,2.846609886396285,43.610382523104974,0.033845510329625086,0,308.48468961760096,0
23.599768253589982,6.089664865016461,65.33978120849567,0.0,1,265.8503834824439,0
20.001188570252854,7.290942572590742,36.10427533236404,0.017730062652155404,0,416.4309504210783,0
26.450302798763484,5.679973075516756,55.7546866749443,0.08736571559995181,1,319.60422648504345,0
23.492070822266648,4.719324923133226,33.07043185804615,0.09508301866026252,0,348.5450365967155,0
23.765106775081804,3.0878968389151398,53.96838665848805,3.5262689096925355,0,338.65415945887634,3
24.55073370000595,5.550052099024552,40.31655545136365,0.105268775307298,0,233.2987252540898,0
25.32095241399769,4.0627719511661775,63.97414703060372,0.09624279165949917,0,306.26122513239534,0
24.141188917749496,5.122297503032284,55.43298029036388,0.10244300351628523,0,302.0295845601941,0
25.999274202251915,3.703624080736158,61.494197282637145,0.08495479903193205,1,237.80683823043574,0
23.614189604408185,4.281592734430802,58.949243769444415,0.08525251608539862,0,362.3871036336867,0
25.47895492341179,4.217982363092393,72.22695629135075,0.038108952795644205,0,331.6888440466049,0
25.827598194902997,4.814712341122291,48.70179300266574,0.10219057359895549,0,292.64989991857556,0
21.926104079947358,5.267751224364462,64.59493603383521,0.015734453061902978,0,259.81627160151345,0
28.278233610888137,6.677700814076441,44.46411758292005,0.12844915395926376,0,381.4198311564269,0
22.79844143432663,4.288701375239462,44.134359204372814,2.666156530694559,0,311.6892955895374,3
25.661760464428916,5.833528961608924,30.062643574285445,0.11870282849237862,0,334.74989503884376,0
28.893085675029532,4.739501438061278,67.26833842218761,0.1048216859396745,1,265.9556358980459,0
26.077511984892737,4.079326406920634,51.69360824036078,0.02931427515475099,0,379.1732512692047,0
24.38643921425726,6.3140094746439,37.85456510273593,0.07330454493416001,0,229.64279868925416,0
27.426195399958367,5.141716913639905,73.19329539981695,0.11966589196971861,0,273.62653381930716,0
25.72335317084731,5.503736046212426,55.82395959984063,0.046470283088219905,0,255.51269491067157,0
21.327589253793406,5.507991326912544,38.966333938261265,0.0,0,341.81618614977754,0
25.06253375449735,5.251305640806381,49.984494941640975,0.08075790590264373,1,323.19861414617293,0
25.16365871709513,4.901110346808857,59.190764829877686,0.08548627279056743,1,328.4220503128077,0
26.19918822656299,4.49287693994341,47.63645262911004,0.04060435956789676,0,282.3491971637219,0
25.056362314738255,4.990881003355796,60.85895565831578,0.12373491164399765,0,423.24388179288417,0
24.39971943121502,4.3495869652900065,55.29693132905442,0.0,0,303.19783934554664,0
23.780975595681433,4.813028697014554,50.56649924897107,0.12648463771783655,1,209.87955462528913,0
23.706940957615124,2.1117287948072754,52.93269314133503,0.11416497092200786,0,260.33590530831634,0
28.061501664687395,6.218761851697317,47.86557129069792,0.1745363068424976,0,271.81754862868286,0
24.17813768740163,4.632775784045007,42.93243242781823,0.1151224857180062,0,268.60357566230255,0
25.32114796209973,5.003046020153414,54.369381697463496,8.433023103196508,0,324.9763492547704,3
22.912054320003485,4.791039512667969,48.71492519144194,0.14946847191410656,0,241.49434869703202,0
21.39603912483996,5.541462728204788,57.59155160302647,0.07117447996366404,0,170.4478853927545,0
26.726200452341264,4.203559818940421,51.0884563020912,0.04406842859005962,0,299.23450754135024,0
26.158582999202178,5.119580368414153,40.26931059118444,0.15982857508322457,0,292.0735213486515,0
22.613880090179528,4.9599114873434464,61.68217721816865,0.05685473306247508,0,231.4049428534322,0
37.004317567764936,6.471170327493608,47.90676322848134,0.06654636306700418,0,351.9952343698038,1
24.18655383390683,4.911657340990905,59.21349602986496,6.952611934098197,1,360.72395669536735,3
28.123022393453706,5.0320041490657665,42.46582129653817,4.65652570776463,0,266.11423151239467,3
25.18008567530657,5.2369614157120425,45.45179684111547,0.05987536333941764,0,364.9405662423526,0
27.40082781588885,4.343105721028604,39.5308901731806,0.12683263762636432,0,314.1271763053397,0
23.584294646513634,4.218287479388032,58.79592587986366,0.13035655503918092,0,365.5579443159053,0
24.354640322315728,4.749166983544953,63.281941418490575,0.127811500470033,0,270.83210138863257,0
25.077183880454065,6.455618690081117,67.99271575019,0.1372900625530202,0,329.67145865968047,0
72.21548987840166,70.32377736917807,18.342718511376805,0.0016821705311999141,0,328.9721286433631,2
25.42094108306097,4.835436928991406,36.59446819996172,0.145650011013715,1,52.825799504882994,1
24.502617747632907,6.607345576019993,54.90974951638251,0.13674388930249087,0,248.0599085998722,0
26.005800809828273,5.3262746708466855,50.303116574943424,0.09528141249823095,0,295.7053375141104,0
23.942766636500487,5.586364018755093,62.38283071433636,0.10106357883680309,0,415.0205042723485,0
27.150866126210076,3.1008236120845325,50.78429399018643,0.19056875143324908,1,331.1774428450819,0
27.57950550816549,5.6731813512699585,48.615440160162265,0.03878508818553172,0,341.42272578475536,0
23.146573795015637,6.2879824738019385,45.77188038914457,0.11303314165752038,0,229.97460198625285,0
22.60823387592963,5.44460266822014,61.966314866456514,0.06951085478403089,0,227.50717172595472,0
22.787383637543314,4.545810441688484,41.796561754693045,0.05914072666955023,0,195.29396861681113,0
25.44936945150377,5.93259083187309,35.816342670669684,0.011959559400961203,0,358.3274295488503,0
23.85400439001811,5.18111651021106,41.64237864979091,0.21071257617311379,0,285.19913863350513,0
28.08421990513575,7.006092888159123,70.61503576636397,0.16041831152965713,0,268.76052265329736,0
26.655700191924836,4.9929572010752645,63.124086217426324,5.132610329437771,0,267.5367210962038,3
27.955060162110524,3.858310885866495,48.06340540720282,0.06415888396985975,0,206.673169146347,0
25.960119160173367,3.6345379778078195,51.89847836212464,0.1288379033096536,0,361.0516847762676,0
26.164195406937232,4.773515901150168,40.405607632765204,0.08138966119644736,0,354.4374309852093,0
22.49330361375623,5.348644344334221,35.89175501912125,2.3473409516557227,0,307.0443123455602,3
25.646335428369564,4.852397413701332,45.33963498131758,0.020264846636660228,1,281.558488520373,0
25.803542565117148,4.80788894727856,63.904997812407466,0.04442934939327825,0,297.41779224174576,0
24.944970189898726,6.772251596669744,66.6125921454787,0.07714518717068641,0,317.73892410851,0
22.804275283301553,5.395309462458484,44.26562178457762,0.11767414529743335,0,306.07525057008576,0
24.799691847040094,4.796326249823034,41.22017413243439,0.058655982298007,1,257.98592846714354,0
23.154339620546335,4.696169152013784,65.6810479471821,0.07369609838940207,0,299.2990230871206,0
20.151519479454116,5.884045396361049,57.36843897092433,0.08593362214408934,0,312.35386889031514,0
25.17466211583082,5.702406569151066,50.96749894959117,0.09452253542653982,0,269.79938625374365,0
26.588529359243655,3.7457105768307506,52.935579321666296,0.03217090976882975,0,303.99966902795717,0
25.69581223264977,4.191580175476613,46.84735155758454,0.0786621441558823,0,272.9082506165679,0
25.401138394461885,6.148637349428715,39.841781810216034,0.1030839924923986,1,285.22293799267254,0
25.30463102715325,5.379482057165507,68.11504812593517,0.09586761074809055,0,258.5491540170819,0
71.10655161830329,107.94452845117526,20.285065681855258,0.04951346476450313,0,264.4619948225411,2
23.705518724023907,4.941118190097275,43.71515136103953,0.1301238604719741,0,275.86282389089837,0
23.093342783482576,5.122670315994796,66.2467845846956,0.11615396365580147,1,287.3823248936856,0
24.27905319159081,5.511415500929954,53.1747193473109,0.0984040752678319,0,344.15548885735797,0
24.844325605974397,4.819520086409375,81.93107567844861,0.11493764541828431,1,262.41044749524076,0
50.40024032857324,4.431857670165665,31.692315516051337,0.11003259019778436,0,393.6648888108773,1
24.105356208682498,6.281016361735113,50.678555105274036,0.142638683756111,0,349.1286731813889,0
26.312721739657096,5.833807339159365,45.72244312953248,0.08672265809907882,1,324.1712744057302,0
24.33044933578692,4.596351536758004,40.44877420650647,0.12117995327967306,0,263.20980424785853,0
25.407344169786196,5.1915209638659645,52.41238137655348,0.12606476452978782,0,300.2905279271225,0
22.87521294370624,5.428307097207648,48.12855734995451,0.14928649978399317,0,301.63622457703536,0
24.466170575971358,6.792922591330873,52.23955278089735,0.05973140864748281,1,329.82211697803353,0
25.336921952539228,6.31759753560796,39.934574347203586,0.1569939280564523,0,291.7300490928244,0
27.61193983465438,4.908830880443813,27.599501014804968,0.07508188039037768,0,349.63442694563963,0
26.681240053009105,5.546733568201379,47.61067900830306,0.08165877940926562,0,266.8643114068535,0
20.940652264520836,5.7635911006198555,62.570599566890934,0.02407755280176299,1,362.19264662931573,0
25.807460180673218,4.975804393609084,40.96298139269872,0.11621796408608015,0,359.73370721640106,0
22.75723872385043,4.597933255483329,55.24264677643169,5.189569369319618,0,338.8765620407472,3
28.877857998116568,3.9996686753944255,43.222550294751485,0.12569539248294576,1,308.9790890969799,0
26.44722117445775,5.667460781639312,37.879101080617346,0.14171163328700806,1,333.62868506013655,0
73.7940522139762,78.73107872111709,19.062329399725634,0.15535403346434865,0,293.9809418023201,2
23.11486921711387,4.7781390962046935,54.21684468264444,0.07823888835996859,1,337.5293426917888,0
26.477620961775006,28.06761641374013,40.645612979554045,0.1542991058087516,1,332.96902930934755,1
25.67902896763768,4.3542286493634315,40.89296176935268,0.10459323728242469,0,299.0290197056134,0
24.39364043433145,5.79994190194205,33.83689391563412,0.0473158790426823,0,246.60985392104035,0
25.856625924946993,5.899135713687492,59.02469222501783,0.11072254169858206,0,294.77753907312643,0
24.66235655361998,5.070052163113181,61.61878302608191,0.0536323432904713,0,311.91844913673924,0
25.530311054597775,5.641930534961551,56.53283173249538,0.23437671828484802,1,31.693671031435432,1
26.022405199049963,6.373658545162957,48.62551485372308,0.14764372736014694,0,361.09002762594065,0
28.499162610545,3.9855811228320004,57.82870243581346,0.05172510070854722,0,301.50807862675623,0
29.34188543499563,4.824114187567663,51.23204806784486,0.12757426880202338,0,414.5441962039381,0
25.214084764157427,4.894469947997693,48.156433492829045,0.07802056444841132,0,189.61245418087157,0
41.652949025837245,4.307579020126144,35.93682536328166,0.09584472136856527,0,255.28336884557902,1
71.72539118721126,76.79734408866719,23.356700382252328,0.07112349532462231,0,206.24137651771275,2
25.42639325647538,4.248030668261181,46.80946064333382,0.06019870715982555,0,299.07209971169664,0
27.152292625280026,4.60088814779725,43.47103227588438,0.03111496134415738,0,207.10039791877978,0
25.534253302022968,5.508725023229934,34.188092979678665,0.14475191570380577,1,307.24338323287776,0
66.83304641758458,60.25640945697632,19.343715164538477,0.05838530584409138,0,189.54241904556494,2
25.153703765917538,4.775144018191922,43.4999741917654,0.10843273359833638,0,322.09703247847045,0
27.35235021047984,3.266016470582647,52.067240472449946,0.1379469300060974,1,269.3781312679781,0
25.723007050412203,3.856273792679338,51.085597057765234,0.09833850046777697,0,289.59415713637304,0
30.356219747276786,4.514348823909328,30.406097739092562,0.13663246803645415,0,348.47286002633683,0
25.85438872374337,4.353772690156197,67.75310892609512,0.040318158412176,0,345.9577086805001,0
24.468460827012034,6.433422419825169,55.28068367746235,0.12443459763546091,1,293.28456292647263,0
26.621616546319565,5.793488720552213,32.51468026761819,0.16521701214390763,0,216.8754005982163,0
23.02642790852091,6.482022493615791,47.467450899747895,0.039277035962366924,0,284.59828579071296,0
26.55932106453868,6.310308746119608,63.95683810789956,0.0718915986710849,0,289.53890631277363,0
27.22060472396553,3.816593811733469,33.71109816425485,0.16362437232993696,0,298.67971215205364,0
25.560322317639212,4.190396480078354,54.24061044464089,0.0763080326464542,0,299.27738645608605,0
24.795743119930002,5.409258387597243,39.01854521969153,0.08190943303837163,0,287.0601968666449,0
28.197294341009435,5.560919447941239,47.045196819708394,0.1348477202255368,0,283.3090255121995,0
21.92066696145336,3.513722970049706,55.2895793639252,0.0,0,386.6257499742546,0
29.462600292385265,5.638051101440757,55.00844474944457,0.009947113292363058,0,272.8663100132989,0
22.477090332689784,4.134960773651007,50.61115609367388,0.12469759359968603,0,246.36284871300967,0
25.4784937282223,7.0740826697499735,40.80615408413577,0.0,1,285.69978890599447,0
25.58372352400003,5.899464971148246,69.60691272161047,0.1563679121587379,0,276.73447716099736,0
24.788103291391728,7.644343347017035,34.970296716048466,0.11268698307472869,0,323.38465858827163,0
24.276473862326373,5.280121388969449,43.34514585309785,0.14365847153467332,1,318.8550196951093,0
24.941474372630044,6.126050250772169,49.48606276411514,0.011348376589655929,0,363.0960750356996,0
26.279574663591074,4.274731022038929,52.40471249330207,0.0,0,352.80284045330257,0
25.44647782825832,4.945105999383713,52.85554074857657,0.12605612141896694,0,332.26077929750284,0
27.331612038416772,4.795545020314775,48.64745674606308,0.15017832800916428,0,332.79503882648805,0
63.850592442208395,65.05843841396717,25.726945942736762,0.15620563599930068,0,347.3763231061429,2
23.936886125513887,4.105650087324597,43.16040498200903,0.07321933307872942,0,342.83085523128386,0
26.450191573695996,5.5161782871149585,43.585184047770476,0.12159612723369703,0,334.8551427954136,0
27.364907653210608,5.584503216119309,54.496559066258506,0.061647274671466176,0,310.5908539487239,0
24.67386607211247,4.255097355193551,43.24821725025618,0.09277406646422412,0,305.33935967370866,0
24.73046284176976,5.030190787210155,56.0860744235674,0.07683655221695838,0,289.0278094177568,0
26.31849133686481,5.937570137626558,33.924401356310256,0.06186376107168929,0,343.64595933853934,0
23.740189490563175,4.845075398163724,57.00736285132898,0.08608044145945108,0,331.66806574218265,0
26.270836060418453,3.7607416051465274,50.599326302663286,0.11386884689790959,0,257.26635275142917,0
25.670074250524934,5.007964282647331,60.03709523810677,0.20937444146871032,0,235.4817757728582,0
25.41931883054925,4.508363814367953,58.071225966373106,0.05132269001477657,1,311.82908754380986,0
27.73941755593956,3.844374518331138,50.652681953425535,3.9579303033664126,0,344.4958166282584,3
24.18143512377379,4.475911602065407,51.52354872033722,0.05887900338088997,0,356.05153336622357,0
23.747619935556866,5.0153789813721055,59.55096379441476,0.04835653857064731,0,341.2549132333817,0
23.265739568578198,4.341883510924744,46.96273971223335,0.03270645382633926,1,259.0371070139251,0
27.05484307067755,4.336279623020288,48.40405438175004,0.1472485832694366,1,319.5232424964445,0
24.793556494135007,5.265362349399629,44.17241342388418,0.0,0,293.28604189068477,0
26.04448736249602,4.183596013898958,51.9150693879273,0.10341853146551305,0,304.43287954807187,0
76.11887526271428,77.50048427283468,5.837402146118958,0.13078855748855708,0,360.1942218584408,2
25.033781432484968,3.5585179383902226,47.90547434350924,0.029771787146517917,0,229.1751182460266,0
24.093503181953974,6.452467534470745,53.2674476460232,0.11502371798054142,0,281.4704738463774,0
29.20761218425482,4.72698023927398,53.65125411983011,0.14854706656884306,0,380.1126612803455,0
25.752819052195033,4.09794844564249,41.303369187253054,0.15627173922073848,0,377.3999876962009,0
70.61378763093582,59.95625088437055,23.704121727100627,0.0560758581725965,0,229.37321182894985,2
23.97357286705683,4.771400084659981,40.056506253914876,0.0,0,290.44861186999157,0
24.845255217334454,5.01501922659429,55.38061720181809,0.09791595988050532,0,240.95935923455775,0
27.228643389337744,5.715381315441244,57.18185725707934,0.12192378694048638,0,300.9808328846995,0
24.52460975062072,5.192234764195231,59.80853449137475,0.06288852399041828,0,238.04464621730494,0
22.06494946849512,5.164760841236517,50.50887701856018,0.10866708321852042,0,312.19765989542503,0
20.45300748176939,4.0637113675932275,46.04171219268338,0.09101879998823816,1,33.568111888458326,1
24.648291191135858,6.661470165728018,50.20886488295962,0.11153504528593418,1,289.7136204586013,0
53.32813064594452,84.9300955686401,22.491108742483924,0.11694073004053684,0,250.29099537991064,2
27.280298077042534,6.580540686568374,39.84905808172131,0.05945712443948309,1,237.1211070542692,0
24.474042392438644,3.164288725958979,53.30065000812621,0.13099631661979025,0,258.24285491849884,0
29.179077443389545,3.3923389728819413,51.847405788957246,0.20118031096148198,0,300.3399922279999,0
26.683056684079517,4.382363390605753,71.87649874550019,0.005276346558151762,0,228.80214237749274,0
24.46669534153117,4.570755579701338,55.8855326977072,0.020093782405812624,0,323.10863330409717,0
23.56672025989551,5.157054581409441,51.62744414846396,0.1020689526292924,0,321.2943603096518,0
25.038295554831503,4.35851309095569,54.87872284871074,0.19021740548933716,0,290.4548104136351,0
27.784944325885146,6.175283107824049,52.32155949742035,0.039843369899165364,0,284.34709847384227,0
24.99858281084671,3.7495922660302825,56.045153263553665,0.14411665311617047,0,277.395483358346,0
24.692347945603267,4.127070323260434,49.80250906465373,0.07567100546630963,0,282.08299239893887,0
23.704916388729682,5.744191971499937,48.18775826781897,0.0675313480839287,0,366.06520161365063,0
25.49502383315241,5.150405438176164,51.00520094508162,0.12938658262399713,0,265.7685087119998,0
26.58125119832554,22.36864501638894,58.92597338299309,0.03944140353596094,0,336.5382059533262,1
25.065151154817123,5.2139038682014816,48.1058632901845,0.022987618398446166,0,399.1693117425856,0
28.23442514993725,5.104355937523213,41.01215951676872,0.03348431871305051,1,370.5525450529612,0
24.189179984772444,4.639108580575392,15.285701080616171,0.12045140268713188,0,233.72450441587966,0
26.7737747801946,4.579238206318947,23.95786143372866,0.10994740733982473,1,276.07163789919434,0
26.91545530732402,6.037047288739929,57.40590868103047,0.052391059663032535,1,321.1327532750802,0
21.442824831986968,5.319651825918977,44.958201689923285,0.09592386634491772,0,334.5118400190136,0
19.883263233485795,4.26848659610367,39.76804488681705,0.04850326645471266,0,262.5484264522452,0
26.358746565913005,3.851205964841344,56.66312500909212,0.12312956464269756,0,246.8851422416813,0
22.603433228505683,5.863596659246591,55.796432293226474,0.07698682992083385,1,243.22695531509348,0
23.804979610616716,6.422369861698508,67.3889966379758,0.1489429025390898,0,390.1082404215723,0
25.76620042414644,5.480304653013299,44.30616299851873,0.12842401126372993,0,305.26546604395435,0
26.30090018507228,3.4969196982401822,60.51947617722919,0.05009696863427936,0,301.6663962832901,0
23.087646233700706,2.6908162687151345,51.570536054014504,0.15409710298704246,0,349.77662345415405,0
25.460141518382805,5.4977430890913945,56.659242520544616,0.12107933053072278,0,273.20204272953544,0
26.080048463233844,3.7008833556989327,37.77788191327079,0.15291035234719538,0,346.87800611023823,0
24.988807962341905,5.6687416555925125,39.08299123860686,0.08064501487627995,0,264.3752903595881,0
27.888840776307383,4.939711008608389,54.54795169642381,0.13870657308096826,1,249.9281461747461,0
26.00133144276242,5.04977368718096,50.07063158628176,0.06698394302632765,0,288.1028226326463,0
25.538048136275066,5.243637047027521,63.867580661311536,0.05018041554164664,1,286.0063456916989,0
24.04232508798319,4.13722423595688,56.934789119139936,0.08039936800404353,0,267.53041531281275,0
26.54418957795058,6.111578657131968,69.3470599843339,0.10348734244205246,0,268.01177362779333,0
22.941256983635856,3.6473297141564656,34.77640813782109,0.15563441874949627,0,265.73969010702973,0
24.69688908998004,4.296345450433488,59.31979754959575,0.19066719759913878,0,267.1283921223431,0
24.688203644126666,4.451712703509399,51.60018225852788,0.12508913680837724,0,240.726882320245,0
26.041936331149657,6.520339237309503,45.05219054233117,0.08528675641032217,0,273.59815010735224,0
25.687575763099773,4.951347648429548,50.327969954115865,0.06207523326499653,0,375.6798987326389,0
23.773278374963436,4.357242697051442,67.01521070420735,0.044587126909200664,0,216.9378418646789,0
24.83312406041928,3.55035478030147,40.78140186874687,0.04980213139592508,0,304.37891094767946,0
38.50209381536201,4.916615724725707,51.85692589741059,0.10986636312976056,0,259.3636021540784,1
26.65946483575835,5.811396554491592,38.51736711247382,0.14093888218774303,0,376.89659592062765,0
26.311202855099015,3.4634763850562167,47.85089644849922,0.11383967246626442,0,352.36588533107243,0
27.339179984855548,4.770609255931972,49.56523050186138,0.023444624872213896,0,325.7127378008918,0
67.38468613145746,84.50615844081884,18.152365355833208,0.12102262386237793,0,298.82239245628807,2
24.737054808656666,5.826047171441506,45.63235762761782,0.01967114496306603,0,300.790377205592,0
24.826488498902112,6.568239758919651,62.903681221946705,0.14037654999094049,0,251.33788433137332,0
25.588448258026986,4.765592199683678,42.16234334413603,0.06547294738418703,0,385.2507073603515,0
24.398393375566144,6.614976818911148,59.97093755494534,5.113932901874131,1,322.62657181797425,3
26.485364836719445,5.482248952680657,37.62337577672702,0.14345780321946366,0,344.3645418633371,0
24.62991855467839,4.380444324978315,51.53831916078257,0.1383233684055798,0,260.70069836825087,0
22.23791079369245,5.303818595604875,57.21562505126143,0.08845668130776156,0,372.6630331660517,0
26.66141970099218,3.9826760922025954,33.846335487232736,0.0,0,272.52214320457097,0
26.719175773959606,4.612869350210485,49.54588782067762,0.10126942102712051,0,204.0163421901172,0
26.586338733586196,4.983464249752374,52.52060342705278,0.08119338095129322,0,237.1746552860372,0
26.626410373495954,4.721037069668191,47.202398315041656,0.13951859480258558,1,317.0025647284445,0
88.67019371105181,52.978512675839575,13.38771021628215,0.0441462928769127,0,447.45472126543626,2
25.963732123436984,5.5472647973779665,55.48883835317365,0.08725221032231512,1,242.723089100054,0
22.273254750557683,5.707636423708488,50.09038186512307,0.1532438369645119,0,192.98670606110105,0
25.73496333094861,37.95452452452259,59.21801501977252,0.12413439436046064,1,280.52992284849006,1
22.793953089059006,5.359020152555939,40.1219116541198,0.1267389272902505,0,279.1316593197458,0
24.40982017152419,5.975816719344709,59.18454443942414,0.03771413117768078,0,302.74670554999244,0
24.437960705456828,5.424966116247545,42.2034371953929,0.08560534967793527,0,421.3358243172761,0
25.86591965072139,3.622382499245763,44.352259958290574,0.15106916477146992,0,404.4221386434963,0
27.683401525883987,2.6693452364531005,60.859266963227974,0.15276094256655215,0,168.21261304915612,0
25.00675101319432,5.327821172843085,59.2427013953783,0.049305202385373115,0,304.28435807016797,0
43.82689715021293,4.210554639759012,54.33489717448523,0.059696622062509766,0,342.92255583283327,1
25.076475989920056,3.551408585366456,47.00323351993213,0.09748976914791277,0,297.71498844516105,0
23.470016102487744,7.0286289242698725,59.58476527604755,0.04517987569242993,0,341.91184397855704,0
25.561272808980274,6.758620484195133,53.72105472606863,0.11945795978339645,1,195.70920705383557,0
24.6262608062992,4.761087158015972,64.30155636559878,0.11668639317809366,1,285.11945189416525,0
23.39992287120471,4.936475425384645,62.37438134684139,0.0771349172456605,1,286.21489035395666,0
26.881392287645365,5.4961649055979365,50.44267973349114,0.10957696497224151,0,272.0128763202259,0
27.40015791285372,4.508097552493795,31.23447293958126,0.13098557229830682,0,237.2850568532124,0
22.058182485624805,4.813228085804709,43.82390818199213,0.18808444653960962,0,285.85767269111034,0
26.30304398267901,3.8623143295751836,47.98508466052482,0.0996739342385271,1,313.4266993232404,0
28.026018532007978,6.396596891581264,54.14647985104783,0.13755654239029252,0,331.2035707559738,0
25.819525591918996,4.138912089826429,64.0336997012519,0.1348951636269514,0,307.5435106638767,0
24.76425187083681,5.356002629225026,52.179974106661376,0.12707037844362942,0,372.0858380475026,0
25.38127118253005,5.9413105807674835,39.674760964724605,0.11989635249734046,0,250.60846595397672,0
26.866464896631268,4.369687520747019,39.91944522888052,0.06209573366564003,0,265.630784395465,0
25.031236667899208,5.902277173786647,40.9224381985308,0.17596419618208844,1,355.41688433185755,0
26.193565559349953,5.926605508044407,39.01449159193605,0.10491550961190513,0,297.35859977126154,0
22.648810788750296,4.104930157723396,55.972282182533846,0.052582599788789965,0,223.7035140613702,0
26.235749600929136,6.0445139862434605,55.37178427625761,0.13563142419232146,0,337.9773234789021,0
25.52088452666711,4.461158143807261,39.91445315923792,0.0018687154163710418,0,283.36813408245206,0
25.983084241754618,4.461962756862578,50.669157242373686,0.038232809142699754,1,358.2332604250786,0
24.34110442730582,5.731870704288296,53.35058029084117,0.11580779785913892,0,264.6353309682019,0
25.250730631530338,6.161398787431406,41.88742880862807,3.4749753071352543,1,315.7862633467746,3
24.5118390526516,4.960692712372369,48.655032155982674,0.11669299832842674,0,371.5683390915592,0
22.597393300464333,5.6918811448550874,63.34903247843444,0.13148749391993372,0,319.3404260344601,0
27.181960850371933,7.012270445700765,60.23709546106981,0.11246542978208646,0,352.2544237042377,0
28.537543566518842,4.507856484803997,36.45981641501596,0.07234039082825566,0,318.3824646495711,0
50.94757521332521,5.625508016831036,58.852314829889906,0.07038220221739733,0,306.1773847977791,1
27.342241262067855,5.558291674755797,48.39628999417552,0.10006898255039925,0,236.16135239344567,0
27.022926070816712,6.341475915530881,42.57515767461616,0.07573470823160659,0,239.69998994637652,0
25.746986538803444,4.602295886093082,68.1994885054967,0.14762991973244532,0,323.6846568366114,0
28.10832084142955,5.853975976552224,54.148655003619105,0.12316442650590531,1,250.9869411851245,0
31.123893930812436,3.8968172426917667,46.87457262899836,0.01726358617950012,1,326.9399079384631,0
28.51095139663098,6.573019725214857,45.34194430881837,0.09245811442166524,0,259.6282299265193,0
24.70198960127227,5.931571268681065,52.612666841319,5.944294376332716,0,339.95894099527,3
23.391368480680015,5.895355430762599,43.68422270834669,0.11265826190189906,1,341.0172006306228,0
27.38499311806294,4.879886356788631,48.17579002847583,0.07576856179980179,0,289.707028455983,0
23.50684330691952,4.823225836884218,34.51381701136253,0.07544231264289478,0,285.7562253315165,0
21.595573467839976,4.537184313660489,43.87305354122392,0.15259475286328023,0,275.63985394025366,0
64.30893251521238,86.64130498328814,24.405916715210033,0.0771939586262906,0,309.07133100569854,2
24.239516888139594,3.0819003994962078,48.49895778414495,0.16760142380903575,0,314.1093703715213,0
25.367669032645008,7.693033663980497,53.49800024567907,0.04979727015789949,0,257.66768755668187,0
24.95068543853701,3.114233081245758,46.061981315564935,0.04070697264348985,0,183.90217913290945,0
28.665114086958404,5.814151762118266,54.82066727335386,0.118436657365876,0,361.1926599286864,0
25.273643659342586,3.8156398276879773,45.00615701408629,0.18513482441739681,0,296.2627915924917,0
27.49378343106944,4.9379959906339685,59.514492770580866,0.08167464898159742,0,273.69188232262553,0
21.071414955528773,4.508438841401915,53.44945001546285,0.11309751746706567,0,237.24461253716822,0
29.43756046689627,4.840954789599949,52.95624488747095,0.024167872528960438,0,255.38373049057765,0
25.80417651640588,3.7084743982317985,52.908528001767074,0.0545674852129281,0,264.24759085166875,0
23.903462410149846,5.833333911780307,38.9513720693748,0.11102707135069335,0,273.3843867035105,0
27.390278359666873,5.11617308407655,41.55101546589526,0.12007803041938594,0,323.4157792469569,0
22.795415700327155,5.681359510442948,54.08607307701767,0.0846095764430558,0,314.8092402365507,0
25.750433914314325,6.3540191423715235,56.8889093249163,0.09290991875019564,0,240.80574119737503,0
24.937882134258196,4.090316583018167,40.63493625210404,0.06661102217655569,0,296.5210895539387,0
26.7799751244342,6.591019305775117,47.942314019703325,0.0977628409618701,0,239.30291469213086,0
23.947504286965156,6.388337778208448,46.149781882871366,0.11914944923704643,0,270.0316753079841,0
22.779992856228148,7.410048649407134,52.21491623278394,0.10106402185520318,0,344.33661797772714,0
20.831774121002823,6.724696649761109,47.12552480599644,0.11436644522015046,0,222.34339733155852,0
24.397005272958253,5.2491786717138975,41.06506766112392,0.05927026034147806,0,272.68704809369797,0
24.099974284008372,6.257149216862572,44.64664912983777,0.11792268091048103,0,337.7041585145236,0
22.76345169086944,5.742859479577231,51.13869400309684,0.06800040916112754,0,291.68892576449247,0
25.19613507907789,6.295871781863014,42.8116761239127,0.13725026564386406,0,325.27021367154987,0
25.391690494021372,5.695020695088224,35.37775260310158,0.04138697735542501,1,357.34395996259497,0
23.22151834354335,5.955300558237753,58.760467925297945,0.1736335337875491,1,245.5840256485473,0
22.44125900829431,4.8914070292875556,42.00651546623994,0.05899115604769872,1,237.43108767863038,0
26.280959590401647,4.809496894002189,53.24057028221561,0.04261543050921664,0,297.2400882856312,0
25.969757363064264,32.333354909830405,50.09880609829763,0.2037818771082919,0,281.38637578572,1
28.04201245431876,28.649200038086683,67.47363197915558,0.14660957821301923,1,288.1722356390527,1
26.18785346884529,3.8955887224884154,59.23970458584404,0.07488624127460569,0,275.36223944029604,0
27.44616613419065,4.741145599630168,53.525049683568795,0.07148243167931598,0,296.86677382337183,0
21.298736716610296,5.780342811616446,33.75202009897011,0.03954828015054073,0,288.08309138432145,0
26.822725444349445,5.10575379127148,62.63706677654669,0.057684201126713214,0,395.47093261467467,0
26.619778643322235,4.78326348559576,58.593137911229725,0.12333581170025912,0,325.3183488763127,0
22.73959255065215,7.411676675578422,65.16394055253573,0.13010591601962418,0,321.1670974304288,0
29.16153180807838,3.2556692807217424,55.82244477563761,0.0967012689554595,0,322.53277776673275,0
24.17278893315671,6.887687657340191,55.56553124533758,0.033225921545005435,0,206.72274494609388,0
27.05730875891178,5.42956300020348,54.333886157338945,0.0,0,283.5700280954222,0
23.832801347307992,6.038378851019317,34.806539245231576,0.0,1,272.2215326026036,0
22.397312946328842,5.484446605278938,54.61666294711363,0.06038955469076541,0,188.18354858429274,0
25.380847779850114,5.4492187212850345,44.901933068091175,0.10172205058529207,0,242.63390161758298,0
24.3751564170099,5.160577349615641,50.5330742059876,3.5559011520730817,0,324.9542782732971,3
24.586777440607907,5.610216169589222,51.569729609684344,0.07067343652180323,0,311.21082021453964,0
20.62940630533019,6.143836726420391,54.03300390245282,0.12138086407923912,0,231.4163151384767,0
23.581117995144908,4.711451304124295,42.16246478875571,4.751707772970009,0,257.16139530866036,3
23.6412308603873,4.622955830865742,46.5038500996445,0.040007013891020085,1,285.387239227808,0
66.1610415749537,107.40819387967733,27.14728901022004,0.10092008153917191,1,317.67739315993384,2
78.29560128778537,84.68048908706297,18.757356909627752,0.11754712524478535,0,338.75777470173915,2
27.401063316947745,5.140359869848047,30.329302964128477,0.04414067691464988,1,332.73383087411565,0
24.053469906333902,7.350205800005721,23.35667678925553,0.13364716022475198,0,211.77020453614765,0
24.811082571115996,5.419609972024118,41.36117039410234,0.16397324658288756,0,367.3334861877433,0
24.051309116193053,5.073434519241119,46.63621336889596,0.1641181737057802,0,354.3869921616874,0
22.413716912482705,5.572390311175676,54.50603412862539,0.00650918302339179,0,283.60882368286514,0
50.24353563208282,6.49610223342556,45.24011397613632,0.05797645321570346,0,288.7627189742508,1
28.31081422617659,4.516438516153463,43.878330828451794,0.12456038327059982,1,282.0985310126507,0
23.812193655959394,4.893778506157989,50.83481125519851,0.07400124557962391,0,303.6340262164671,0
24.177013710875638,4.910765845778551,49.62429355020519,0.013439934827753727,1,374.74691137266177,0
21.532347291032664,5.340952690221626,39.80493797615813,0.14672138916156538,1,342.3385387608247,0
20.74554515929701,4.900905699758731,43.97179344216038,0.12161314753170778,0,323.5022093684101,0
26.27132319350192,4.451250866585181,30.14538979582238,0.06949885112508221,1,154.65058903391792,0
24.250355886756388,3.961456179156028,33.687241845390545,0.03812866808887138,0,305.4704235916485,0
26.216884138948384,5.714318935873653,48.28052065088724,0.0915165920609389,0,242.2818665883508,0
21.49634238649656,4.610076293440555,51.58053489920132,0.09516881649925552,0,279.20165360263206,0
26.050380780675457,3.8621928403463652,55.233950169020154,0.0837206321423439,1,249.88914905366377,0
23.49512952529393,3.533214809384323,44.98597853114363,0.14876562292389894,0,325.78140442219785,0
24.249012227295566,6.182352844091784,54.81783707861284,0.06520692899276123,0,240.16056767868443,0
26.78739537877822,5.892953870108769,68.29620201716088,0.07951567036852514,0,335.6161079790081,0
22.37170829108957,6.766655489291436,31.639280124974608,0.060775467837894524,0,281.3840473531039,0
25.87462637407792,5.185175536829914,54.25444864184172,0.11111449279004271,0,363.9432906656697,0
26.32689545830302,4.27575346794166,55.863329755781365,0.08019369510053857,0,345.01992941975317,0
25.902450638637017,6.183493666889928,38.21959132623619,0.18336120557755686,0,376.1619310856129,0
21.559108779526575,6.827680982949696,59.17967670666362,0.06170699549568487,0,247.49296301989273,0
26.51499029867497,6.370536143996714,56.95202900083999,0.11418755118307507,1,250.60633295496254,0
24.42766272662406,2.8851337049830095,47.9097890034864,0.12667425384122638,0,246.45737906577807,0
28.822838174279447,3.7195444289975335,51.89479821221081,0.15037219865975993,1,237.25386659988538,0
28.24438620309886,6.951142048297795,42.26916544429519,0.10002500325168148,0,216.57003705609026,0
27.11745705976776,4.8271982626035355,57.719201548366755,0.1220653575849623,0,263.3421901445002,0
28.80311851022734,5.24481937389454,51.112767680532755,0.10762173834370929,0,318.38099201048556,0
25.296178839596553,4.118931663338707,42.87779236350949,0.15933673100886656,0,371.81677028529896,0
79.69734306588656,75.68664724904735,15.635194547731498,0.13543593367589657,0,311.5722961262786,2
26.762815057847142,5.721135362545581,40.83725899436275,0.1677721400552748,0,301.24287518756347,0
24.399090262364496,5.608407753799226,77.65979614439267,0.10495691697090623,0,257.91440269809954,0
21.87701355511628,6.503419828428999,46.698799060335496,5.412112854119518,0,298.42438377884883,3
27.137919070550275,5.091188273843782,44.380537523048986,0.1507322693219706,0,383.81965136041015,0
95.98073937052123,94.05763597190244,25.178623212915163,0.11692764381429571,0,253.10372117318005,2
26.639456663382024,4.999880851440906,60.833404379113155,0.13725152814563998,0,371.9722857576568,0
29.17209409907423,3.985240506814148,46.38537233306014,0.12082230190507263,0,427.73431629510577,0
23.715610694931456,4.146696693173666,50.85284233493352,0.15902454389864806,0,413.92009932646135,0
27.207754686632516,5.475167746495382,49.97596159081146,0.0705364174105347,0,258.1145284052515,0
22.84121508580129,5.836328719335456,52.38829386186414,0.11725376884729254,0,364.32515595359655,0
27.799189290291586,3.6578722515148847,36.34175844584561,0.09255153451163516,0,198.72909583397603,0
26.617849444558022,4.6258197240098164,48.44434305478165,0.13830980045870536,0,350.5206913125328,0
23.07058914849857,6.628468554772322,47.15615350393491,0.17952910363089253,0,310.90125460662824,0
23.04237150783772,4.911955530823956,53.382524875291786,0.09093072984453571,0,275.2822831071642,0
25.916336229577396,4.020278775283193,38.46667596794255,0.01563278264446448,0,289.3335100345365,0
26.91991334886749,6.5834772772495995,38.8222115976303,0.19964163126350148,0,261.0352200239284,0
25.800962773012657,5.1310651862158485,49.225565392740066,0.04023531182003777,0,210.16309935109734,0
27.98075894038596,4.166626441204565,46.38411419424407,0.044112517303691236,0,282.06481134755404,0
29.330112135613206,6.190548594343596,52.12574030632215,0.15134931316598663,0,309.24339419263174,0
27.781464975183084,5.123917426342644,42.08290649432405,0.08978523333490816,0,340.195966544036,0
24.852054272811245,4.92433439567417,69.72542176789808,0.030700602880050096,0,360.1238873826504,0
25.634293969420952,4.954138740630978,41.687292260476895,0.1547580205860116,0,321.6752749973421,0
25.39096346310658,4.901154798760694,54.35975389500046,0.0,0,309.338102742412,0
25.945326112153428,6.379162588197498,49.166198555615345,0.07050453510671219,0,342.2141614048709,0
28.983106604409468,4.167938695150143,44.49884717063461,0.09264872882845751,0,288.2832544478968,0
26.614889436016703,4.706594484157955,35.505802708225815,0.11629204260739624,0,360.41739087867813,0
25.505137691993248,6.384532047593906,54.44198327290672,0.15506614788678813,0,223.92015786836652,0
28.493477875016694,5.0517838511989535,55.76793823913817,0.0327977685764078,0,325.26632500390326,0
22.423384765072925,5.292715482141853,51.45521197768241,0.0692938717495842,0,222.78113233258068,0
25.26454558099484,4.40749043478707,52.34977874816247,0.039183708360245054,0,289.4916546104049,0
24.04470883479199,3.744864628026605,48.7234531848181,0.0719696181576345,0,181.1783571831068,0
24.32261732015625,4.802230955294386,51.891112166039406,0.0636163822571888,0,300.47325970113405,0
28.39144575562173,6.897288694773112,51.56693728246525,0.15117653220926724,1,405.183655153086,0
26.192794138235307,4.512006683792775,58.20966884368401,0.018119754127166404,0,305.9800131333552,0
26.9556310993724,2.8943530581596755,61.53590343316925,0.16931746986314217,0,167.9551160328147,0
24.353124264910793,5.110389639107697,55.07420927833289,0.05420376363687865,0,356.71473969441064,0
24.345965364780458,4.786543220649562,54.96199187363317,0.07323416437161706,0,229.7999351809451,0
30.290073580830317,4.102508436832791,36.87817522472217,0.12513574458866286,1,282.58532732092715,0
23.996431614376935,3.627534452115899,53.22974503617668,0.09694980140723083,0,270.1288317428386,0
27.155803478906652,4.445944706587216,65.99156684528614,0.16005073805859454,1,314.1473092253742,0
23.408885864118236,5.424393937861012,62.795186697601586,0.0,0,307.8629218392649,0
25.012422711243573,5.39844912285788,41.71602545206351,0.04994688933077836,0,285.8157653160924,0
23.836435933215892,3.8261200355910274,48.020622710153184,0.2033953169081776,0,357.13499581175915,0
21.534911951291292,3.819716396177128,52.63546740578169,0.22849535177376676,0,232.08941657369022,0
26.357893975524465,4.18759765106258,49.50970659161963,0.09198199594775847,0,218.93029219389155,0
25.867498441772693,5.614841397302973,67.78655126538249,0.13284735561621394,0,341.40330381861895,0
22.776839500972898,4.964174421293537,44.68545448640785,0.021607028731727207,0,207.62958077360423,0
25.23911384919697,4.998263476724304,47.72112018449338,0.14969648785608258,0,254.58969088557149,0
101.80852180645752,91.58837965797939,7.445824992992742,0.03503918182770879,0,342.62979016475515,2
24.923719829116703,5.049802790902833,59.3620900957995,0.10924051512448696,0,285.1258899563075,0
27.623967477147893,5.320785725932684,51.94051943605874,0.036496945564398406,0,314.34779271508546,0
23.74129580062663,4.250784382911077,55.22561920875327,0.00825959851827221,0,396.01837510721305,0
22.554209960888873,5.071253749910892,37.06492374795904,0.06521525614014681,0,254.09365082917125,0
27.673840875129425,6.182565727060871,48.92645209285983,0.14997095163389557,0,362.96166198934,0
27.292881740801455,4.026621161972965,60.0713333647316,0.11680724815131145,0,288.62618700232963,0
24.05227025968094,4.634200327206497,50.00186664634973,0.15753037752965346,0,339.10650007657296,0
23.418201236664892,4.220147053778361,60.81984809249942,0.032521189422423394,1,279.23931160473643,0
26.119400944822843,5.187538784413962,60.04376634763132,0.06497315859952307,0,250.70980956660867,0
24.431689804142405,6.194762861876938,58.94647187573872,0.0313570274259468,0,317.57399501761006,0
23.62554693817198,3.2205705511483727,62.90261129046065,0.13820526481640474,0,222.8599242395177,0
23.73448994022992,5.596441137581753,43.65714152310597,0.08820150063945142,0,337.20928551575173,0
21.98362429129214,3.8430215248577078,49.76975145553499,0.06356609665271046,0,259.4499568185578,0
22.771907099676014,5.258661147855388,52.127397758576606,0.13914368674742864,1,278.44372152124504,0
23.870036177935848,5.423212374457018,53.314852620217586,0.10708829294805398,0,300.3589233453971,0
20.82704468325783,5.16048962397348,72.12531039397243,0.08199803656215086,1,263.59614510723395,0
24.74220163176362,5.340654136412141,62.03047852205925,0.13877118665446872,1,292.8926731529727,0
25.67737463584338,6.0294574815983575,58.72315380028451,0.04284903439631357,1,341.0079093377742,0
24.592545743916805,6.80651621066201,46.49289555376504,0.1524997083725284,0,308.9347358405238,0
27.458429568594102,5.603094684948833,41.49464721252956,0.22425949583394458,0,313.238765548899,0
25.757621058993188,5.377829221222158,44.0692786556777,0.11573531537772344,1,360.9097355877128,0
27.11473661075645,5.872197000072978,46.849132688058916,0.07141269790219694,0,316.6303755162099,0
25.145449254806575,5.187295549823219,36.14571731885509,0.13966427025825626,0,292.98124705473316,0
25.615225336378394,4.475432986232949,63.52202678867144,0.12120334307592256,0,301.97235241203697,0
22.26346212254874,3.746704372696735,22.777222590768552,0.1471272614226736,1,462.1546484797367,0
29.61583250123222,4.818550930752483,48.93662997468685,0.1497790757001015,0,385.1586304959019,0
27.798566682540102,4.618067728274635,55.10227645169608,0.07576046618215534,0,240.0151235817346,0
20.367712274062246,5.858014195302145,41.71803727034765,0.0,0,307.2531872979691,0
24.994499517931636,5.02106019836436,47.71661664700558,0.13099045537651505,0,281.47086187996086,0
22.303905776119667,4.285319323009568,55.212799050138145,0.116083927068825,0,308.402990298341,0
46.64553389355065,3.958152454559471,37.66502416055097,0.025518128928194536,0,270.7036163341122,1
27.50568526885497,4.551775383699851,43.077496707341034,0.0015538428791958409,0,356.92077603278545,0
25.05602583071778,4.787571070089533,65.04214282829923,0.09949171396286116,1,314.8182219627318,0
23.37397125547974,5.8232799156777055,52.25761523111754,0.10088066259668287,1,314.42055743580306,0
23.874615951119534,26.089982537444815,44.82862919551238,0.07373055651815272,1,351.49412695651654,1
44.92041077498879,3.2289314469119086,54.71542380418206,0.008442756083082495,1,238.57780843671188,1
26.83202063958218,4.277731116346113,46.88012991351996,0.047183600034712926,0,247.07481395020937,0
25.92873972709315,4.449448068291512,53.16358321536145,0.055737565693788876,0,324.2500645761614,0
24.064355634335467,4.195275427581619,50.8507903197999,0.08985412684947776,1,311.01759146367726,0
25.015760369389458,4.674388947851496,48.356647941146086,0.11060466765370877,0,257.3899184339208,0
22.07446738577776,5.932743608345579,27.667211806442356,5.052070623128842,0,256.5968046662385,3
21.06299157312389,5.65497558422169,58.1079864559171,0.05030686625825734,0,321.0095771447496,0
24.558714499768456,4.257751986433798,44.96495838112701,0.09526881036753557,0,280.85914051935157,0
24.752542107450328,4.602320306385396,38.1596944177744,0.08000504689344315,1,313.4647376290367,0
27.629559651193006,4.434488711782354,61.97186484622428,0.026196645411413907,0,359.09455464799805,0
25.961816185497792,4.79747577293517,44.71702953337021,5.446407414195684,0,228.85125373691636,3
22.831257583085755,4.5569051260439295,61.81761395661495,0.0860940384844381,0,283.14059311044133,0
26.95777911711356,3.6282568707364944,66.08780855734373,5.80047199305333,0,275.63052918549477,3
27.820427609628815,4.854923404296368,46.720580797326406,0.1400540481894093,1,48.48700779767478,1
22.20842159561503,5.5913492417584,42.76009668257391,0.09023048244114881,0,273.1913916688005,0
46.59762335391478,3.938706468288518,49.54535023870996,0.12364585422627479,0,289.32639320002903,1
28.30723453698457,28.768789390256412,59.96118214911129,0.030488903742326864,0,307.8880719646885,1
26.19140450035103,6.32596997047509,43.47191515830197,0.11906221332390364,0,293.20363550721163,0
26.90003165733929,5.243004722054399,34.672994401100695,0.09018596743060317,0,292.8442131518111,0
26.574061673743227,5.297394853531108,48.98279974446955,0.07120591437708396,0,155.00531098625007,0
25.286097539757904,5.849611988516213,56.928575842374364,0.12912856594044025,0,357.5564702979095,0
24.561936371295044,6.193644865573228,44.44691944613953,0.10798238847039515,0,328.57041938593903,0
25.85868164560347,5.379639648385965,44.43881253239219,0.09349698532231901,0,272.28310163433343,0
28.87997678295267,4.258016571908056,62.916352267604466,0.04322666520949151,0,324.3952722537093,0
22.169465616151626,5.218534042410946,60.09471788595969,0.057752928070325185,0,255.7920760028116,0
19.8231667355916,5.059767837373283,59.49522917961009,0.04930970336800686,0,342.3966086676632,0
24.474680959367664,4.663613054588864,59.6030479628147,0.1231241812033427,0,323.69670496056756,0
23.558747884818466,6.518718352716794,56.5839251192249,0.006977600003784654,0,343.21218073671133,0
24.301121345566088,4.227431251243759,53.79153118726124,0.16151110878253938,0,358.22917356009737,0
24.825487973634107,5.853421451492115,46.30613267936315,0.10484850883804249,1,292.785602868163,0
24.44001339625104,3.720969263780214,55.15294321624467,0.05828590949826876,0,241.6232892343652,0
26.041106115464853,5.630148776427862,31.232812693172633,0.12052660072046259,0,344.014253949189,0
25.098616663040445,5.768839675968897,43.91773492555241,0.11815578138722618,0,424.2484976793327,0
27.505231439239115,3.8498279396856123,53.46636196565839,0.17290126377821624,1,225.19004229619992,0
25.71133789712646,5.19157739619409,55.06240989305926,0.17236528496959033,0,355.8123195259063,0
28.016095182838306,4.750635898374054,75.01645035135112,5.829723734568814,0,317.8108354907231,3
78.26181602675146,76.10646675284005,20.023005435485693,0.015540848101636917,0,276.43681296487404,2
26.639776307963594,6.1832271737128455,41.41187272079311,0.09851291729223081,0,272.6944498630715,0
28.286756311609068,5.360647891435795,41.36506395035066,0.09843982555304581,1,419.5383082383862,0
25.754184187484952,4.900030220183097,34.04363239110317,0.061979090009431324,0,293.6631982107047,0
24.02345231509691,5.633326826071238,50.22630852676869,0.029721847307185675,0,305.91059957009685,0
23.651618879323546,6.177544724769586,47.87421372011432,0.07395681674245719,0,220.96245913452793,0
29.339873176161085,3.576317363116077,31.481572684253415,0.13917948323993035,0,286.1840182436776,0
23.367924209211456,5.2174165756867135,46.73376510914433,0.11402661702776293,0,350.80467608234835,0
26.724447023773955,3.5837729442073547,38.488462634471304,0.0,0,251.82082777349794,0
22.690268040650835,5.87362850207453,49.695972334695014,0.14634334428759793,0,410.211448464782,0
26.864869741909335,4.5848997110366305,57.00700612120583,0.24073272222362765,0,368.5021830585495,0
21.734244323019254,5.235317961439099,44.59896906401215,0.10620782954856516,0,335.4892145291844,0
27.924391877435273,5.448635764514528,59.619871890718414,0.08814940149936862,0,312.51476550915214,0
26.61823213648384,4.6038539100626785,42.32488353232564,0.13818488579240235,0,356.3687005222778,0
26.144012556600945,4.295271564389116,34.624152035508246,0.09275477104592844,0,295.35086042052495,0
24.508242488499132,3.8267304439960697,48.952080831052726,0.08549812801968139,0,281.91837381914206,0
28.35734934674513,3.0883594493482427,63.111674978026244,0.08878405145609476,1,303.9878263449608,0
23.281533715807157,4.793875492747359,57.603218753498574,0.09100916843099799,1,308.0890956300629,0
22.802759149644377,6.420504287271063,48.86519354117859,0.11107792368121054,0,350.88432063681796,0
26.54050089594213,5.6493646843375265,58.112035278626735,7.026609338619709,0,268.7561791117225,3
26.772382377169592,4.937360422672765,52.431234585128934,0.08528787471817711,1,367.8291692913991,0
23.647517583515153,3.9056352024498566,44.11845643012249,0.1709119391453145,0,381.4821065556399,0
24.254648832096052,4.757301252174718,31.09989828817057,0.07726026413111536,0,248.0096734486558,0
25.239197356434897,4.364576893164244,66.84348516124982,0.15000108575464113,0,263.23994826183764,0
28.31241650411459,4.756938801119134,50.02287936143504,0.1535182580114965,0,363.5946210969328,0
25.308096155403543,4.957631589458327,50.66592571751668,0.0,1,66.3835973227094,1
25.76261922452957,5.311652856004779,34.810891749099326,0.0,0,261.7095009970644,0
24.93095640033738,2.8013071877708353,63.196356622437186,0.0875095050157877,1,315.9398345579467,0
23.700346229005127,5.084168230185696,50.12828643543685,0.12399135176834165,0,357.308913035243,0
24.804027106558618,4.048730606861698,43.961098843442144,0.08035289990967978,0,263.9474985238505,0
21.9143935635142,4.839368880474506,45.15826048751263,0.0516876840123373,1,233.54074333275588,0
24.877623124441957,4.901108567603075,59.756783454381534,0.051392380089866935,0,349.1159741377722,0
24.042482856956624,5.359475797547126,73.49075786700757,0.06419782818620798,0,292.004198858228,0
26.873008233460975,3.2918806053918703,76.37694887963902,0.14466223141835644,1,287.22798929223956,0
27.19460037508742,3.4343519683944037,19.92367660306243,0.12855897031096045,0,217.65680708535768,0
77.4109587846328,22.90746674191218,15.715740674361005,0.06031067379905152,0,307.46781007328923,2
22.747892078177898,4.743659321627508,44.619522415098615,0.13989218899478834,1,207.03316141699713,0
24.359074900480714,5.024763538095803,46.60763032740378,0.01787233231834394,0,316.22293021762584,0
21.39227441487527,2.608043795686976,58.447743757817,0.09972198531759648,0,358.92563448992115,0
25.488421805093505,3.4788700483054207,51.50288631576774,0.19659701873795446,1,221.4559271437044,0
68.72770488010386,110.20221359860821,21.777159620468748,0.021848284671437318,0,241.02701677461098,2
27.732477979931463,6.073249400925999,44.53191910427372,0.06202466692967758,0,263.9407721574272,0
25.328589530741137,7.1962231421528,54.92986458514459,0.09712411234972684,0,352.85081414740677,0
25.39758917667771,6.631571737654756,56.2194581095221,0.06214365765919749,0,288.11444789270604,0
26.995264153840488,4.713205764261731,57.59514887486108,0.08541206838707315,1,205.62340484959373,0
23.807164962813363,6.9508518023679295,52.71107034897033,0.14697897061775894,0,254.99728836678753,0
24.735726822196906,4.476268697228578,36.41425984742526,0.04601318393620758,0,249.67047917951146,0
23.827278628057414,3.679074693936699,28.763169826751707,0.11448268491048791,0,302.29357224422824,0
27.318762086601044,5.973101561015072,42.20907260623299,0.11016179772930156,0,307.25403247546217,0
23.684425221408844,4.1757164423212485,56.83260389503326,0.09304748401064007,0,360.25478267250145,0
27.41321630972783,3.4728321434103524,39.44910631823305,0.10631338681170341,0,262.73382581464546,0
23.64053354479924,6.649783686240802,42.81519480240109,0.07073665995552302,0,237.98228739245138,0
23.73995004093221,5.731955502509845,48.0307819200311,0.07677094609421908,0,376.6466685267779,0
25.065415512537538,5.101685395447298,51.056538250260616,0.16973126941055883,0,247.73928188396448,0
25.3089873311905,4.663447410121827,49.80126364631688,0.09463676170945291,0,352.3337413640469,0
26.520426992660234,5.9370668751020315,44.10909777468599,0.07671523799405817,0,210.59672524809838,0
52.78440918273346,3.8463077186601415,57.54733298067809,0.10997119929933837,0,321.10542967449527,1
24.599050781684245,3.23298963499445,58.607246772401176,0.009805543699565225,1,397.4171322394907,0
27.050218305163547,4.346101611674424,50.27313379851439,0.09763146487277821,0,220.89116183269363,0
25.034910930505312,3.6558971838175864,38.462672092757145,0.05774356945867,0,320.2106432638666,0
26.431745489381917,5.227034478864889,46.7593182479103,0.12957210758759274,0,334.01101802383454,0
27.070257832353466,5.44556458127749,68.5897769444342,0.1491089493383344,0,273.7184533007308,0
25.064814026680274,4.327514403993664,52.23270835920261,0.012888915368236248,0,272.6979100591639,0
25.80687372574258,4.22828877981946,44.99613909879566,0.1219250884782869,0,181.41703195705537,0
29.08413930585576,5.295279940620868,42.23500859507,0.10785639594954705,0,308.8094911251346,0
24.187515102260946,4.383169122877729,55.75904436932336,0.09252842569944554,0,325.7441798038186,0
26.63985050527047,5.324340210014868,44.67274501783096,0.14198319322155944,0,232.12412300790325,0
25.641753022369155,4.835439030377326,57.63334150933876,0.12556633220811775,1,324.3652618522497,0
27.143859730423593,4.120717217588012,53.485951198609804,0.09374127858084179,0,342.3441051942457,0
27.16344338879019,4.543613538662525,46.270594795698635,0.19241753146337134,0,247.07796831791737,0
20.00387796501412,5.200459631413729,56.08905356254632,0.11310334045433629,0,202.52191411228165,0
24.863721772425286,5.230101173469863,28.089259274353356,0.08324502606003828,0,362.7701804729948,0
26.891739287368292,4.099409647463938,38.672150487322554,0.11751851081931691,0,257.78379814084644,0
27.002732912581724,5.264584536029111,48.738682396761554,0.14836556165191078,0,311.33421242472986,0
23.87688450733875,4.446910183085867,56.95863839093785,0.15867211383162225,1,286.37276393190956,0
25.62171638158962,3.421324798097011,47.874986353088346,0.1589474199618334,0,256.08683735882664,0
25.199773908818425,5.480744579767984,64.96710407445981,0.07525172598159635,0,275.1213750845393,0
25.24809023685344,4.374115469098515,50.957358338665635,0.0703337555185033,1,242.14416906433647,0
22.33374329044439,3.448487750941071,56.620518347584735,0.1594298411543504,0,392.46810706931905,0
22.885204284512206,5.629980840347534,41.307476447840834,0.0828517416921673,0,342.5039666208777,0
25.8353615044788,5.107444374340893,53.8737148063299,0.1161592741229103,0,364.1908429926781,0
26.41437237010019,5.979185435589733,56.377194971819165,0.12249501147046965,0,230.27524655703692,0
27.107783104591768,3.805477060233965,52.85803286794733,0.057742302078692055,0,327.66944915372136,0
26.72789327453974,4.988276496790807,45.39167660203237,0.08132851524919096,1,50.01325688734407,1
25.790841970776075,4.042431044984788,44.10667768572638,0.07706806819494577,0,373.34366450773433,0
26.078560901761353,4.492266696770243,31.4058667405374,0.11145734172495564,0,297.76272076220084,0
23.08244308762645,3.6474913105592774,34.1641161021242,0.12064994560688988,1,324.85774141767195,0
24.411389980279598,5.293274965260315,42.572251554712906,0.09753975419133158,1,324.45419390753716,0
22.62601322338851,6.057814180820796,44.10887867218873,0.05322018506187871,0,367.9291434808914,0
50.90064086870764,3.8564405402345,55.416456878505926,0.1673321715717241,0,236.93940740738452,1
27.28858613711988,3.612131449544198,57.63860351633423,0.09734465991515448,1,272.4509098230875,0
41.81206228962018,5.25459976987092,60.9048472490764,0.15999377418903415,1,337.122945679631,1
25.433366237928574,4.696649932522866,47.811337482643744,0.1383121487520255,0,213.8828321565107,0
21.133419856668855,6.069144263935914,42.2656250813234,0.10660932347574432,0,294.26414379377104,0
24.79904855885659,4.942609296998458,54.10550085327617,0.08844652612711598,0,252.05118782327762,0
26.745836694666572,6.44985351977335,35.73877631238824,0.11391494895639158,0,284.75388938213365,0
22.859616874211337,6.719040612841821,41.03667341407938,0.1109651168600218,0,287.7859530111733,0
25.868592151990722,4.313663153065175,41.565984515429626,0.1111117818315262,1,303.887995999554,0
27.90423539836512,5.014149264965758,44.0358859203112,0.08504091137862828,0,277.5598099418609,0
27.330654835604324,4.745896545964446,43.37093327720135,0.10140393870239954,0,305.2113969564204,0
23.86721081757055,5.831616786180404,52.09470083647773,0.0507732974759016,1,361.39686736926654,0
24.976679288222368,6.7760872803800645,45.39224986268347,0.061521880941743795,0,327.36513373884867,0
23.77282478927441,5.19624094066672,55.45786713532355,0.0,1,367.26906238138605,0
24.783190414250434,6.374784098970229,46.848996639813144,0.14632409375526084,0,311.433151406836,0
28.27013278905504,6.311693449272661,39.07858406571267,0.08731619612288095,0,263.33674532568233,0
23.660393283848276,4.124276414500145,61.48445956533724,0.037327119338743775,1,301.12252061388307,0
27.88389001160378,4.487625759323306,50.55863939844497,0.08451751430059694,0,288.02038376731457,0
25.017526969770735,6.654754358850542,44.133272256947905,0.18336911714693083,0,279.42644129310196,0
25.712505577412166,6.261519252535516,43.32810915222495,0.06335155504381206,0,284.6470840545644,0
27.401517923073815,5.6001189507966105,46.04784998215949,0.07012371491827722,0,397.4122162567388,0
26.046446371474065,3.779679310056024,29.826612018775887,0.0,0,387.42879570292666,0
24.218536171183622,4.766487542415102,76.38175256620599,0.09194548113691633,0,231.2814297852376,0
24.502768292466644,5.626613637263071,50.455638811418986,0.13117035691399578,0,246.2517686137091,0
25.249093604047708,4.200370175832961,47.52286157497046,0.05447796447165887,0,405.3559261603011,0
23.868847264252018,4.528684278848882,57.18417423471641,0.09211265083842574,0,327.9313266377257,0
19.755561690918114,3.765154286330909,59.57554719021884,0.053819651869560406,1,310.14720251550557,0
25.96052100281185,3.9448923245195506,58.227827808340024,0.05186744940405119,1,65.63900144899533,1
22.65185173678205,4.211328068848637,58.975435703037945,0.15651098859187407,0,260.1931598406752,0
23.099873005067746,3.5563957378302353,45.170901605394825,0.09586424880517534,0,312.15458638303494,0
24.411803052388734,5.270836515833954,54.33472831642372,0.07457188733621595,0,306.31570997416003,0
24.061738291579182,4.007133998914455,35.547947355877746,0.13331348360217615,0,328.89892618197786,0
24.753896818020202,5.58824544595163,49.07694606199226,0.17781536942401371,1,269.58246176603313,0
26.18506061463552,5.409636118683994,53.56972759266926,0.10406392110280994,0,298.1053459141585,0
25.252825658867234,3.822388992188227,68.7310442462478,0.148903593364855,0,336.1413447492756,0
25.223598316406775,6.007157200596669,55.17994776391452,0.10131023763870178,0,284.8217837367042,0
23.42023138166616,4.998094367011243,50.348668827791464,0.19984251093444258,0,240.5518290232519,0
24.900239691743764,3.953878914937496,54.73407415712467,0.11454736821697428,0,347.8919815554134,0
25.04420549969971,5.55642170545854,51.933527795983146,0.06744485514929649,0,325.9435590220061,0
25.991610042055143,5.001619031356941,54.14772890788791,0.1802169554154298,0,285.7452871478993,0
28.997743471879428,7.0277396931480585,48.3487707777816,0.05867424143769722,1,288.2041735343938,0
24.18622951099125,4.465243329155677,52.949714557088214,0.025137117741067777,0,364.04697883333637,0
26.322205071469938,3.735232716814481,57.81173856610691,0.05168079653658998,1,250.27857391001038,0
25.499096379196153,3.8169438152656108,47.472367449038146,0.1514706550477663,0,339.8350963535371,0
27.72135207221541,5.026553353799469,50.22857509845124,0.13687564468114258,1,183.98422008847882,0
26.565259652633035,4.975767166130308,62.02451247983072,0.04523647405785977,1,141.16480934019998,0
24.3217394581442,6.1667849932032075,48.986750837701045,0.0,0,336.5479488188108,0
23.698680345263234,2.9096971011468433,48.297417532040946,0.08671977198569475,1,280.0060880665814,0
23.23099385387996,4.479405822319547,31.08096098746376,0.08071576679747341,1,30.506282446775767,1
20.8992850854316,5.739180494701568,55.07020272135357,0.0971302317462982,0,256.97579633085826,0
23.378048732148553,37.13652682144608,47.424484288546964,0.13311250928478693,0,253.48471510727774,1
24.161130494682897,28.224391722547505,30.85939929412533,0.1329725620556806,0,259.80257926362594,1
67.62541782985504,76.3229221368158,15.771634477529435,0.05301487008739242,1,357.8776595837656,2
24.97180206818666,4.937351777878178,52.41240248406729,0.10422525728464313,1,60.065957152777,1
27.56427148072026,4.621648117400234,51.453180553257376,0.10252681713964558,0,374.4901315785677,0
24.06300777327937,4.241234742064625,63.50852330699006,3.6771550676852987,0,290.07577707424696,3
25.373719404464136,5.589118178772655,48.43636862563428,0.17017676659770886,0,271.90789503241507,0
25.958721906858845,2.375182943625888,75.49009708717722,0.12655130474471052,0,307.44384019588455,0
23.72698927470094,5.056926420870776,43.22809762346706,0.12077753707371156,1,276.21022779975493,0
23.347776016570915,4.312985900300503,36.494440356570166,0.09620642746574884,0,215.76662113868065,0
23.93151945607415,31.16434043713449,50.446077244342895,0.16285398842405352,0,237.77287499576386,1
23.783987714125352,3.985520273292586,36.599279288760656,0.1216108345379627,0,329.2065742409406,0
26.22773269228156,4.255439459606971,45.85627338294816,0.12225521274163534,0,260.05396720406173,0
23.295226467851794,5.47536561069201,56.32454216642301,0.07629109124480177,0,310.05074903543266,0
24.15457108061458,5.7495817433076555,48.26053577663846,0.06533446272054161,1,312.71707546492604,0
23.355847976344144,3.780715533477806,44.30550225507889,0.09379893063050015,0,287.29228236650755,0
23.0665341637111,6.20893213970257,43.38507256071862,0.07840003109145952,0,318.89416337916174,0
22.94519289694798,4.626731754058686,56.44518491645292,0.14641228456721622,0,259.40391704460035,0
50.921214983309156,84.22793134941318,25.313286453937632,0.1666038096358387,1,206.94800353339429,2
24.24873266846893,6.351114089986715,62.92745289518207,3.292912522017099,0,315.26215632656766,3
25.728959455692983,5.652823875519785,58.82113772075507,0.09625051904363897,0,257.1216212926928,0
27.193094236460507,2.808746148834719,65.34482101794515,0.156118710935158,1,281.63411766657407,0
24.44922008236385,4.816130700183379,51.88233272701134,0.11945849051117242,0,300.0354313840261,0
26.965366285539883,3.599929276816991,55.87262413464177,0.08971860731783762,0,410.2764784132707,0
27.3986735618565,3.740934374069254,57.87016569640892,0.15118881508104082,0,279.8281150689321,0
25.480411687892445,6.253132824768244,57.89919722180852,0.14847845128764536,1,51.981316511358756,1
25.958883383486537,4.930246570771202,38.657195468537665,0.09241331207897462,0,293.83279679769447,0
41.365255204913254,4.344312280538556,47.64288755143332,0.05302683790070087,0,355.9622458782048,1
19.341102377871852,4.446031451422552,63.08716678922282,0.0,0,252.40399298853913,0
27.756939254923008,5.115824587226946,53.896045240919875,0.0,0,253.67664908794416,0
72.88895378096957,127.84219270547985,9.503218677904872,0.19289643800291245,0,348.54024262686016,2
26.366446029577617,4.885197751240936,55.667717261841794,0.06713137230026378,0,297.5517484570775,0
25.625301982414644,6.782454216557315,33.694427977526956,0.10276312979395089,0,278.81201589886484,0
24.093171783232293,3.2043568273699847,46.69909808298563,0.13664145409108724,0,236.28839404616025,0
24.377304225774605,6.227803433451347,48.26816160603826,0.08366686207749065,1,57.33547813505866,1
25.017567309796295,4.762316683039016,50.76609070451659,0.07441182210288483,1,302.139145106216,0
25.98836042856159,5.666706060858609,49.373841813870776,0.07629094714609257,0,309.46016517371174,0
24.62815103810246,3.4006052378056886,72.77086498053305,0.0382744000788802,0,300.6990907984662,0
22.47590195356733,5.491066043445357,59.88654479366518,0.1254242778073687,1,290.5644935753707,0
26.462001253570964,5.538434957216452,57.157342411708406,0.21971809502912254,0,287.14034776967844,0
21.77316829469503,5.916568180644302,70.5727186499401,0.05631026893794051,0,348.13401174431493,0
24.659228469223606,4.187176409663435,58.28058814893309,0.15355402502014026,1,299.26567928040635,0
21.396994006983846,4.335795656053769,30.937276779992942,0.12145890599374994,1,341.58187794757885,0
25.683320463905254,4.728685021931702,37.834191958642904,0.04392349262874863,0,346.999040904641,0
24.220914410833693,3.7296205287915956,45.61066027655997,0.004896517572678019,1,237.50553443804785,0
25.062791731065552,6.60757830639951,49.794394426494925,0.11445918365593627,0,278.1396276526057,0
21.748436803849632,4.227585008989412,58.895412311690244,0.17941470760274722,1,332.5637522059344,0
25.082574911174877,6.037158898658243,53.344385148485216,0.1739035949178222,0,213.3265250981906,0
25.442986614265664,5.086430189087542,45.75896184415901,0.12459577690756934,0,302.05625343209385,0
25.169036951630655,4.286415330092824,31.792397221979837,0.06471132584523175,1,322.60320050758077,0
22.58157093903364,4.500279500580207,48.97331391434072,0.036183203968673125,0,258.48916405538637,0
23.466271923990895,5.068072269248621,60.287689914234804,0.12508425225843942,0,301.6249931443931,0
26.61118766999035,5.07541774261246,39.75071933414232,4.940158424372432,0,250.23516531047454,3
22.19152086747682,4.8658197893230755,55.19358745637888,0.18366819730762618,0,270.5273800030641,0
23.530392585579282,3.3433074804404095,46.74837267578375,0.05314414773806334,0,334.4582228537168,0
23.632731435427225,4.726270747833239,49.857296470506114,0.10747989787593941,1,304.8913587353961,0
24.32588502791075,5.13791652091806,55.205018830769745,0.12130515654916986,0,220.8888416626761,0
25.10045539833136,5.479507548001608,57.2894119457045,0.0653824612883103,0,267.04803625556775,0
24.150201821594386,6.058022388115813,51.91631962067389,0.1599266313560594,1,293.7857111418782,0
24.57723154036406,5.746611364602157,53.2557781678707,0.21379127138238188,0,257.3887678501338,0
24.921527052602514,3.245211257877613,51.19659304518934,0.058126599193673356,0,290.7927092158399,0
22.739642541030634,5.273010717494386,29.253599624536317,0.09540216086978671,0,300.801264114758,0
23.237150187665293,25.024130200503812,40.07956439222866,0.07231524234322638,0,279.2686549714068,1
26.09936637258052,6.801430099266488,36.98412017196669,0.00734907585512154,0,323.0027170723222,0
25.45301070423058,4.212524695112245,36.05644333330767,0.1495875172723278,1,308.95352657285974,0
24.262121121937074,5.213808793941063,40.82023895389264,0.186558481588365,0,288.59859851075606,0
27.877652758908447,4.109745579951347,34.775853057332604,0.1217832283228501,0,331.00399992231684,0
24.338450207953894,4.489839186349783,51.4945608966331,0.13853751048093937,0,214.5418222404772,0
27.45951026111596,5.105259701023334,63.88200938854161,0.136217725563284,0,303.0578229967856,0
25.72078679003616,5.504287853384272,52.90964730137443,0.07464956703649722,0,301.53737915437495,0
20.34111669775485,4.42561754953706,53.348381950246214,0.07969996680457539,0,172.66339441189075,0
24.142304148787854,5.4158368362860605,56.00212965744278,0.1478966027607842,0,263.2463508186321,0
28.33402541071414,5.398564065892007,41.305672519631365,0.21061953187955043,0,319.58201199444665,0
91.84492707969378,73.99346308391519,22.551381555845605,0.057878368493683684,0,298.6624377212931,2
26.754701013479394,4.803219051123017,53.09837593199923,0.13305513888405868,1,251.71086835680205,0
23.92285265340675,4.533241188048559,35.17015568017582,0.05911588016974331,0,243.30848215968228,0
26.223985263828975,3.274325746624897,30.25329105412892,0.06254603916743587,0,313.6210698326805,0
25.83493017964259,6.191085854773477,41.81394973339921,0.1546053391991213,0,272.60473478965326,0
25.72205029028551,5.968102663776543,53.609860825370816,0.01944152684128904,0,240.01373674548933,0
26.397839370161577,4.590198756206467,57.83358710524031,0.026475522438437468,0,236.8615112150718,0
26.354417042700366,3.9204495883605706,52.76994520427125,0.16786702333730874,0,239.15516448299164,0
27.72675302707668,4.394843764394002,59.1041849968557,0.17868671082775534,0,322.83440053652,0
24.229926395147558,3.1319981133292565,70.13698917331357,0.128112514158486,1,289.5665814389767,0
24.374663108535284,5.857898825291343,55.53569531067793,0.08713499996911052,0,354.105615649657,0
21.999064574433966,4.653290467123998,59.738462572598195,0.06265758705039576,0,286.37949916981563,0
27.467448556672387,4.1949048189694915,51.884757610181026,0.06716553271862935,1,286.9845479364281,0
24.63963833725426,6.371474782140923,40.15544503535903,0.0774364734535235,0,354.2099122021771,0
25.420606080443992,5.198393517177487,49.90817646614861,0.07411212763888902,1,310.89011698743633,0
21.78095803383804,4.302690849300973,31.844583704746636,0.12684878484718706,0,312.8085302847139,0
27.38662201185425,4.228259185403218,45.02038153182158,0.0743732944676725,0,259.92362049477293,0
25.87015667637172,4.694529970752131,42.55243044760163,0.08348119683295113,1,247.30822523178273,0
25.855628790305808,3.2980977699816645,44.38662003557794,0.0835255349891007,1,383.74298364570325,0
24.682859815307562,4.513023699811994,56.20148780415464,0.0,0,330.68854278949544,0
25.750911715254507,5.167570105800991,61.62259597505667,0.07302043896314342,0,344.74552780134127,0
24.30239369025405,22.51276665697126,43.71514293689244,0.08536846898348974,0,290.48795777933924,1
27.7264579502645,4.696373927101999,45.11113880956309,0.17944701642220415,0,353.5982683799564,0
23.5639223731897,4.8885092128748875,64.41805329015908,0.08192113442783032,1,274.7640294906442,0
25.863263259275193,5.7396754681178335,75.7199531749497,0.0,1,273.78200221592084,0
26.077633856362247,5.659699769930798,39.2682149052453,0.134331409597308,0,292.4423856688285,0
26.684594654027805,5.023195978557375,63.51015752487,0.024373551735056218,0,282.24417172784456,0
22.400724660275166,7.177052647488376,38.75344960684063,0.1546051480509667,0,226.1768179189099,0
25.479255036477994,5.733054281465998,31.07237822409948,0.1155745429398895,0,315.27821921785255,0
22.492390345799983,5.003974956517182,55.92477984120716,0.11040275159120272,0,263.8434350991371,0
24.5894319610075,6.118549944255326,44.73468312903957,0.07382120057967086,0,343.9091207485152,0
23.4593478695647,4.365786806314473,39.539209841467475,0.13418547684540147,1,297.3378714955399,0
23.859371864427068,3.820891785637152,50.33902723682338,0.040479613216275495,0,291.4626680250846,0
20.187523697980204,3.543318558675918,45.78405937442397,0.03429146204475815,0,339.6674661843029,0
26.375865944102856,4.387016728729311,49.42958833147058,0.15919937215984448,0,265.1191774695472,0
23.091891091790824,4.5848247188362885,38.737617929139375,0.11076103664751091,0,338.32756771688855,0
25.639930382290327,3.5930565994868306,45.58151072759176,0.1055443191414209,0,366.90135813909603,0
27.015161365525465,3.58957279617577,60.85821319228746,0.09228132326380356,0,256.9544234703321,0
24.926820051314138,5.6596499980823705,60.90183471020447,4.125669917935948,0,347.8616903874343,3
25.778684788439474,5.826249422672824,50.85957388017216,0.0706422920484398,0,281.3315787498458,0
23.999604365808008,4.830147642322269,66.3673996183064,0.09083496452369014,1,299.0102827739646,0
26.239377843224226,2.8691620026441242,61.84181016367215,0.1518078630569252,1,180.78466056071272,0
26.490301728569634,5.134166415995844,54.28342050660725,0.06442689029581476,1,280.7771560511454,0
27.81446002276727,3.791409475757658,35.887449948303,0.09316015476213296,0,293.57268533740216,0
23.69664975568717,2.8056175301799757,65.9947094011379,0.1351571271110002,0,326.66036589496565,0
26.47068230839559,5.061908104029997,52.95560601786746,0.11445110253027016,0,247.43899851087485,0
19.936461367498374,28.73962017045013,48.58242445972461,0.10677817082073546,0,336.4259321757268,1
51.40656570879641,49.94258782635221,16.27028936762199,0.12208143242094581,0,279.1197016114061,2
23.676917114969417,5.75341946350243,43.85461216308905,0.057182574085939804,0,269.418313165272,0
24.23357032608277,5.5417376476161895,47.803549844662456,0.06776620244182543,0,365.7754145470052,0
25.420992597843007,4.839580618024653,75.00900497934282,0.047218025510070184,0,282.3157120216497,0
26.29466537102696,3.3721140610447833,36.642433374933184,0.20678130505866155,1,281.73795112550766,0
21.65766045501187,7.035873535181793,54.68978078148468,0.07540215475652585,0,366.4028444493484,0
27.902509313909224,4.2605855683973095,60.54777814276657,0.09819894821227801,0,298.5391797073007,0
26.550230243178174,3.954470514325947,49.73739206730148,0.06877447724557113,1,337.3490420052355,0
42.334547989920836,5.230537127828304,45.530522724173345,0.11686815331734332,0,299.86069446665493,1
24.311872086591546,4.625465849249749,40.20074425217756,0.0021330705433005026,0,300.34821117209685,0
23.394383930102485,5.297039470879875,37.256148655310824,0.14201784119677757,0,401.8078093179421,0
27.335019645972892,4.276035269532213,43.55659732978016,0.0,0,223.9866959552674,0
26.89616877487218,5.224417207944116,55.01791167777641,0.08300774790778173,0,255.77535906696505,0
25.818877061284503,4.723328228280854,51.13394391966689,0.12294970008371456,0,324.308429898325,0
24.349402151352873,6.619813234242322,43.81826837652736,0.09155067509225792,0,338.4324043984099,0
26.79733832067835,5.037696573123923,56.59531469589138,0.1883255900163817,1,304.72538265236955,0
22.903497672561898,4.769974692085994,59.70101094012654,0.061173182772931455,0,298.37248884561427,0
25.780732388790753,4.846094773025312,46.79614940563206,0.011030053474638965,0,297.4915366183059,0
22.49985296405815,5.612240014906914,53.980947793532806,0.17441973388457144,0,355.58110757543545,0
37.69003110086561,5.864824438491011,51.514030479517324,0.114922590699072,0,285.17922781726224,1
27.66677460044085,5.581873956823205,46.80509929427331,0.12714366740518357,1,158.348485492863,0
27.71837898832805,5.760506119584143,32.57052469513335,0.06962156041102222,0,378.4091214763663,0
27.144393431876974,6.012224423453833,33.18271464671166,0.08522488552334581,0,350.5137293418008,0
24.911277088976878,6.378467355453808,43.28487793019454,0.09726108198305874,1,42.94817975974571,1
26.317627949767797,21.348686347578273,50.08588138508183,0.16927431702590445,0,277.63133750793924,1
27.667771491001147,7.497415126419854,50.46006386736341,0.06794428698876775,0,441.2165295501523,0
25.902176425011135,4.533254189424953,39.15756246388291,0.10613660808191365,0,252.4407814806022,0
24.31635635950773,3.993072639054856,50.47825319784683,0.07179019100697567,0,225.2981103355125,0
24.577862660229613,6.423754075307279,44.64442920301205,0.06212846126236052,0,316.5823833562881,0
22.90568486261947,6.711028809190788,55.23960512076735,0.08000500049453418,1,262.7416114841325,0
24.675435105665173,4.974652725249576,44.091718890925236,0.09625103704612244,0,282.83970365784813,0
20.82841512218999,5.9737262308523675,52.98797780321762,0.061327207798328495,1,394.9367490677619,0
21.39336549262256,5.267231950848763,51.28628690654427,0.08271668126619987,1,319.728999274211,0
24.14848879069682,5.450495723778035,47.38241709778905,0.12779707258229211,0,204.75277729946805,0
21.75252283576554,4.630089530542853,55.67488721129979,0.04831325666459657,0,277.60193307750126,0
22.570387728222713,2.791719223771748,47.69413601476387,0.10679297120408285,0,297.3747465730674,0
24.887888868119607,4.617406617112622,46.20898251651253,0.13580228745202472,0,328.9673379878388,0
27.8240537570865,4.371856260830822,50.989337870288836,0.11691787209679799,0,250.37109966355885,0
31.17977921537277,5.2802055410501945,51.15442636164276,0.09721330300531933,1,280.80626293346086,0
25.404560815242437,4.98210502299165,40.235999513362025,0.09773728490178318,0,238.34493474925725,0
23.194622812355853,5.339177579135484,33.43619472858974,0.07438413447704527,1,274.0666640189395,0
26.70640309010311,5.029430591677552,55.166444459359674,0.050933703174126765,0,229.75915280362466,0
23.540260827074814,6.974396744480029,34.419272641464865,0.24167478059471365,0,334.87934851695996,0
23.327816659560746,5.308009902217341,36.97155236475255,0.12260339191298356,1,282.20129578070834,0
20.631014529896383,5.2735287711417635,58.49142605932191,0.03627404463463153,0,293.0958832669259,0
26.182272235847865,4.89302853014152,69.422455947563,0.01263891665173722,0,304.7310522334679,0
28.702108353699533,4.738299006184164,48.283149226307174,4.612737292952849,0,454.91497170356286,3
26.02024872250015,4.350635180386119,52.95232575040603,0.08808831624721913,0,395.6363425153261,0
20.652462191172017,4.932282802647295,61.91737835821428,0.09377387877805678,0,183.0913773153365,0
27.206435144107317,6.441942401952601,52.18963915855975,0.05790891840659239,0,302.660609855177,0
23.358279959674192,6.558183630762687,32.943640498376126,0.09291895084947363,0,257.8547217837845,0
40.26862184134985,5.268593581044298,38.85177812647586,0.15984554743806761,0,393.06286869902647,1
21.471103655538883,5.2910068624638145,53.1364036740782,0.133301728669493,0,309.21545320390516,0
24.159944545411676,3.0953253065345363,64.44412195055088,0.038616001777197144,0,270.43609953151474,0
55.0846740155369,61.57097953142157,17.173035148572993,0.08243639814446772,1,446.3635046236665,2
25.486269310276978,4.5297966612146885,56.123322140025124,0.051070580500567286,0,254.95149907868725,0
20.076040588220167,4.211150750258699,47.38699889431105,0.15411769365811545,0,237.07925847175397,0
24.330394025110998,3.206078886808037,44.33294891944947,0.07000893030414693,1,52.17579536342962,1
23.5003035792348,4.073005613325437,53.34894441752292,0.05520020734151071,0,318.0184357952431,0
23.17870982563502,6.271065326007033,40.19937698159386,0.019109969309233144,0,319.0389035682526,0
25.192738480119992,3.984371745281754,33.483904032817165,0.07764003034650083,0,226.0611438076857,0
28.344531808195054,4.262620096502041,41.65815151267376,0.0,1,282.4610897199223,0
22.218810278135884,3.5528264062589323,61.00663944921611,0.08095934839271404,0,221.44238244410585,0
27.163028172599482,5.037541841486822,60.91805339074646,0.09648898192411917,0,173.8861041256025,0
21.020368962401704,4.325121503569882,48.16266725233195,0.045100571629010135,0,383.5673787718738,0
23.19724864020565,5.5057354324727985,49.132988638517915,0.162880952817968,0,320.30280612140405,0
21.69540142327571,3.9598336947787107,60.88614701319352,0.11047309848650985,0,332.2945210137946,0
22.801910496890255,6.25228366195664,51.61299542662695,0.13220618839250545,0,304.09944069123594,0
26.991318022857406,3.3849681278721206,52.53706719491813,0.05513725362509418,1,251.66490546486702,0
23.40787172455873,5.1029173905232375,26.859559339998945,0.18367209428114928,0,322.0873368188779,0
27.7149227313666,6.791670710523534,70.87993682510094,0.13538574414330645,0,300.0554972343647,0
21.91113230350351,5.49288397185187,58.33603204837348,0.06994367236655766,0,358.29582601276115,0
49.04797217985943,4.573293632269211,51.34328100267875,0.06758498363278079,1,264.1713255787947,1
26.0617886284319,27.028250736301977,48.76863564647732,0.13012901339891705,0,410.42095455773523,1
22.31988621927838,4.783085009573462,82.40139148636808,0.14476026175093126,1,342.5562049190119,0
27.447711837085187,5.337955554145025,44.077591551871855,0.1487856688834625,1,300.03777537272975,0
24.782624566826694,4.621723455422591,38.35200602630877,0.10700072434378076,0,382.6654818589265,0
26.24617469577819,5.239857745849297,54.86309993350221,0.05007795735616409,0,381.16283452640266,0
25.18855858722856,3.9636351158679046,41.69378419455355,5.061387123093384,0,260.14432168875095,3
25.8698820767358,4.6060133187568795,55.37768190368484,0.11531947410367072,0,346.93618081190795,0
22.553722371181152,5.306950750112526,37.630010986379375,0.08575438260612676,0,332.00848180615253,0
25.935900844263703,3.829719293603225,38.85918641766912,0.0684534583131105,0,228.23220420044595,0
23.84129233432468,3.0923881930432007,44.51600860891671,0.15497435126665407,0,290.5644200130083,0
25.95800628678552,4.138690420302892,71.78562173991662,0.10971667316691167,1,345.2533274179774,0
24.731237863639876,4.9245868190938005,66.58940303431565,0.018221048659187597,1,348.397275657047,0
24.36447821196521,5.116578512012464,60.715159355810385,0.024673298490480042,1,45.852976132730326,1
23.594684509766697,3.0946695475490644,42.7619625564833,0.07438524268695142,0,228.6586711609329,0
25.138674323430696,5.86254348461517,33.050265614833876,0.1410116199152992,0,340.8653101869163,0
24.44223272505366,7.053140183741208,46.45231478841236,0.10546702881704546,0,300.09884223779056,0
28.065746711272624,3.654985516069331,41.38950327834424,0.16885904682522807,1,351.0018253451045,0
27.367840967702747,4.308068677661359,59.95893415589245,0.10798041237004158,0,432.100595524631,0
26.196198310094932,5.049328165794844,57.22446985220979,0.08173595708980576,0,419.3983852762366,0
26.523344372590003,5.825954155620064,38.7473511019234,0.045323385677016374,1,328.82256725612115,0
81.08234925175549,105.60664607743456,17.777833535385415,0.18536649047796117,0,261.4590598635655,2
24.714691603821592,5.055042557281044,45.23602239398485,0.11126292267475493,1,378.9544728035604,0
24.80977670459847,4.666962380946238,46.89609008622435,0.022609922184548437,0,293.22368655105646,0
26.54462916888141,5.033723102921375,53.02883276719302,0.11992240227560004,0,312.27020306029056,0
24.674592596861817,4.128806969992369,50.721532368217616,0.13691186154080812,1,52.279911637090606,1
26.249164618634488,3.8989669141163557,51.80105467465415,0.06343376965256958,0,255.23228131704,0
27.125707386066434,7.337827745388299,41.392431982981805,3.5691663673800313,0,263.66290475589904,3
25.906509002571543,4.238124371028242,53.85469775033526,0.02326063354524302,1,55.519642593318274,1
49.75128596934271,4.885527628201137,51.477559074001285,0.061908766417057566,0,310.5183556770443,1
27.543048295307877,3.5583548534891865,58.26702974381481,0.05883519653711453,0,287.35416136403404,0
28.737206438326005,5.034807540499832,41.97800591964821,0.04264202444941443,0,301.42317242095777,0
25.043458981979445,2.1676816815307465,61.59596289375497,0.0,1,292.7031281943349,0
25.127298122993036,4.628220988476512,35.223875930805555,0.11288004286990648,0,364.5274112883979,0
26.730313100240526,4.5110077104215245,43.84262541790794,0.06413039181702843,0,282.7706732132683,0
26.449183557446243,5.44848545419644,48.414623075835436,0.05409904691805176,0,216.20294904504493,0
25.216824946705803,3.060594591858125,58.900101268264294,0.03426813021039973,0,211.3710717319273,0
27.271895691887643,4.846002334802169,48.38045183058672,0.12192063497483227,0,232.84373661777295,0
24.208799253508587,7.238353161770862,40.61045852031132,0.05345573781484028,1,32.7081711049658,1
28.905834764979023,4.938902491994132,42.51200203979946,0.1208400787241557,1,39.60370921581081,1
24.967365575307955,5.981383992275033,56.694161911868854,0.09798735507895859,0,205.414280551425,0
22.138337596750656,4.523446198566475,47.01179910970796,0.08208778110462461,0,226.22942994529888,0
27.045025587392033,3.7362309227794577,36.29440957932991,0.10441178769429743,0,348.6952559996614,0
22.675868359487435,6.582116751303567,46.00534509527147,0.10645937366658553,0,407.98696303304996,0
21.277031098889022,4.496160746112319,55.60652519578775,0.019739149215202825,0,253.64749540373333,0
25.02444709683034,3.803334407715604,47.34439487481459,0.16850509268051855,0,323.33776024192895,0
26.58003081795636,3.2999802321897884,49.330276402774786,0.10965040951660235,0,348.2300878651847,0
26.658647545165724,4.368348475486356,52.912027551380326,0.08182133525424855,0,352.1922721086335,0
24.957309395655173,6.019776527188288,26.313087931478414,0.13958271030467628,0,244.06169185930767,0
24.566953604927654,27.768339606164076,63.32551467665128,0.14644660067661075,0,332.9477067390518,1
25.74280806884606,5.495379815328487,53.93114656058034,0.07977225412208021,0,215.2872052002461,0
27.013213082065256,4.430301037074269,46.42172066558733,0.23189408761301,0,315.0936690360506,0
20.5424234679475,4.597617302475665,57.589443197586704,0.11333498947510362,0,249.82805482502482,0
24.337295401824303,6.416411791700293,57.732399866657595,0.09210812450798701,1,315.41460318194106,0
25.302065818110272,4.359681240820584,70.35009109334788,0.11791033169351875,1,281.8826221226949,0
44.61113649867792,4.908031533796954,39.18085631286867,0.07983561040445307,0,304.22634918921625,1
45.56728020028276,3.9603660571752206,54.21084990219806,0.10182360883271047,0,345.55136544999635,1
25.371675257805506,5.91987151595443,60.18923240089899,0.07028945638091667,0,269.1928270975528,0
24.36276751554552,3.543887903521032,56.69622632380284,0.1332511234721987,0,325.2778926607504,0
40.64722822176923,3.8090834940262734,56.78728069279419,0.05354318297451209,0,243.2989907032521,1
23.640344580077553,5.880915169033245,49.03653368505707,0.1153349186829718,0,272.46416059407125,0
21.10531505171837,5.97845780566655,41.894713701783736,0.14284877684913933,0,403.6889341401642,0
23.427391893723343,5.69063056975676,39.12759661255335,0.09239545569266007,0,377.2866571076758,0
26.914609645187063,27.63573603510977,62.33406076352669,0.09961555021393154,1,228.69431414284477,1
27.391952924967406,4.655678798230003,51.388320827178134,0.022628893581542436,1,365.90985336170127,0
22.283650157044814,4.556736535182097,47.11424882845899,0.09427202862637402,0,304.2047194125098,0
24.196058055886073,5.929740224811157,45.67956185755226,0.19037951610961537,0,292.8170235051441,0
24.669838869993907,5.031759456581451,50.75673540613386,0.07838524104463349,0,363.6357366985632,0
24.769159397595175,3.4163920655798026,70.90529901971613,4.647089135041342,0,196.1440073113063,3
29.29164985015298,3.4550640778465995,30.180355142612868,0.02504093990211509,0,345.39995780912284,0
26.01284154999406,5.624287956648842,35.74822235499295,0.009591103873492005,0,359.12971795349443,0
23.358242155180626,4.573195805064742,47.41061203421609,0.09060702994956403,1,51.411554146911946,1
29.19746470810085,3.614590608181871,50.292689839048265,0.12156725499388818,1,402.8905588548881,0
22.123177666410882,4.484829100907982,48.7348110304605,0.12197263452289954,0,363.39802435515446,0
28.403132140105715,4.96368406658408,49.97787330529438,0.178400251552166,0,220.49290846598512,0
23.670697804995875,4.0971910730372,58.09264698241986,0.1058415087086092,1,41.21052996752147,1
25.59310264286261,3.709056749674783,59.23013236894499,0.13688129650652514,0,264.70604929698925,0
24.835492600657094,5.306450862963341,45.62262677595675,0.10909949413113988,0,302.2409098550084,0
26.066547205567186,4.348192621926291,46.35893778610787,0.14830203990286814,0,367.86623309632216,0
25.982891021788802,4.7709189690782905,38.62967116852513,0.058909258578932706,0,328.61926161539515,0
23.278860421154874,3.583063591524348,33.31655111891274,0.08919478144083404,0,249.1737818908699,0
22.036838456897264,3.660530225042244,51.351903409873856,0.08368831477793202,0,325.866864734182,0
24.000773352757044,4.936373162552638,64.14642667495347,0.14783114058677457,0,230.18940928124837,0
26.568292832706998,4.101972773675541,42.339547975996,0.07693664747508464,0,301.7004627430539,0
26.471442622037777,5.902660289382486,46.73202657100709,0.018265324062280194,0,247.9795029064129,0
67.91096939998621,110.25061404605101,14.34218696726835,0.1497986839423223,0,332.8600550648027,2
23.87177039877681,4.62956739858956,48.47499929849688,0.08270095845487546,0,326.5341561505024,0
23.673127685561024,5.037574859335866,46.853091712119074,0.10646840033519094,0,180.96304472382513,0
22.728498304283413,3.965461369151713,56.13174001891568,0.11927347379241217,0,334.6608800829352,0
20.944645456658304,4.113959753021623,46.67420620150125,0.13515700986180246,0,424.92152418607475,0
27.814476273535526,4.771906768002966,41.4731498376716,0.10956441300681265,0,347.899697074001,0
26.32709123699687,3.9739191558043756,53.81425617534342,0.14986327838294364,0,359.0945021279447,0
21.510870096203927,4.078346880221738,38.952736949023254,0.1329654059755664,0,353.2688136129801,0
54.421655409461735,105.84858748674165,22.950023805522356,0.03883898849690351,0,371.2313866038622,2
30.08078219536287,5.06835044365313,67.00429296459093,0.007126060866829834,0,229.32425134014028,0
24.2627612684286,5.8070464166066875,61.196877785533815,0.1141526581129327,0,325.0585632244334,0
25.022190440639157,4.5508925311706845,52.02225874591964,0.1288624186187765,1,266.95528315069083,0
28.080882479553345,6.2553497802884745,43.1432508240987,0.14101491872544825,1,45.08121307950346,1
23.192175669674647,3.201586078642185,17.45521058702292,0.15977263558764904,0,304.12208833174213,0
24.26136245968362,3.4205637012824015,41.821081578614944,0.1195604663618697,1,38.98225637060226,1
24.970044452740737,4.020161227458508,56.541280021710925,0.06423895241003061,1,295.16852319016635,0
24.783722019217166,6.112100619221339,56.85290084710968,0.1701004662959561,1,370.9201273018291,0
24.32312843037036,5.696136241969568,49.40731977399659,0.0,0,245.50782074897623,0
25.436777975088347,6.288863425206302,48.669968360699364,0.03395538587469195,1,336.44093188298183,0
26.18511061585754,4.964856420595292,44.891751811358816,0.1521270796046255,0,323.1581048939411,0
25.317512101875085,6.156006669451127,43.91506096268798,0.049606604338893495,0,267.40449823071816,0
25.089746471319405,5.374485577591286,45.910581107587284,0.08174086918531329,0,274.8378172349159,0
38.78875384265439,5.1035381539491755,64.31152117761741,0.08699818749097776,0,198.28755702445386,1
26.028096281372935,6.550630593257668,38.58763783155272,0.08061191086467388,0,211.73062064850131,0
28.481882973193983,3.7105194127903127,50.5844948070565,0.14563101612702203,0,321.08584665015485,0
73.05039189998152,93.63486817630283,24.812514429000508,0.014991199369058822,0,260.6412965006502,2
22.547641284374635,39.40401759396658,57.674793445541304,0.0999142923165468,0,188.48397876134857,1
25.12205716711264,3.37753466910744,40.862066484164785,0.0,1,267.2733214500845,0
20.90097096762335,5.373533683411769,64.55434483915325,0.07044907721332841,0,322.00299645115723,0
23.35102938869298,4.253072306627805,42.93871387813895,0.08242315618756976,1,261.9818179391935,0
24.21277683593398,5.382433315692535,36.87836798804482,0.08014423342160737,0,297.9264111000426,0
21.840745094889648,4.408698553303462,55.97072561011359,0.04317750306696477,0,327.6452614299741,0
23.126815987512714,31.733488142508318,52.00698694288878,0.1128626710555751,0,282.77613956237735,1
23.629768040714538,5.6517110765969125,49.14391951071879,0.11885169189140066,1,48.88681151202199,1
25.59817146804221,5.8331577666294345,43.69750704995564,0.14321241923493183,0,164.62280723094113,0
24.10556437054229,3.2709008225679495,51.065349670537806,0.09530627225133204,0,312.0438378600204,0
23.668613070212906,5.3690164378251675,51.2428569485085,0.14680280839680082,0,338.8468351465758,0
69.23321960476933,80.32249575800945,20.71653152500002,0.07550790289967971,0,335.75871950640294,2
23.96818937373532,4.074607742357044,32.4456210268929,0.06524253209615638,0,338.72902488658707,0
25.358228022736935,4.1283978018427,44.122340950288404,0.1656042208053613,0,346.80512175984757,0
66.16824352927726,104.32919555798235,8.036959259013685,0.09265732393723496,0,242.01896942301005,2
24.90787719175107,4.606453680126813,56.84661230543745,0.1534956717705486,0,371.7154834676038,0
25.569509186771135,3.0367108521610255,54.608248654038654,0.15241999439067705,0,295.94664472822916,0
27.068219981007204,35.98584013623927,39.360063834344466,0.18305469559483575,0,275.0430524264817,1
23.384817319803407,4.7765274947630605,39.55163686096929,0.18919612976008846,0,276.50087133349956,0
25.389859147621955,34.05852785806633,54.84220774346842,0.08092977347642928,1,318.99747788364,1
25.663836895415773,7.935406206388468,39.72076234989261,0.014469832278174291,0,280.3454899649269,0
21.97540401663201,4.203625524910491,56.5965229877725,0.07886005726950682,0,252.269094902497,0
26.036437900890824,4.493810938914664,48.2048542512752,0.14471163872504675,1,261.6838737609287,0
24.605705238083175,3.4939111549398243,60.705794675782776,0.09574778304809883,0,403.21100674262055,0
25.31618975173362,5.819739717258095,48.04527356414026,0.11486136107925432,0,383.3628420874767,0
25.5805216108071,2.846723927956367,40.4825552670828,0.19057484409358835,0,298.39762529181434,0
25.067049404777176,2.7824089206412292,38.318221721498,0.0451562460308007,0,341.10330390162636,0
24.569302630343447,5.9929571304529645,47.50305827533206,5.013182663948108,1,360.0965834769772,3
25.115728094853512,4.734407366737589,56.844504776364275,0.07894005916935434,0,355.9091508575354,0
93.08713518715976,111.44796420540655,18.589371115330444,0.1268792653521903,0,327.6500835951826,2
73.88700482626508,70.30665482533121,16.90022151343191,0.0,0,383.6434100949265,2
23.828756329668543,3.5758775883420624,45.43596817159892,0.00898009759640822,0,359.38205696794535,0
22.152083775604787,5.178529169720478,30.354639618970754,0.025942713768914216,0,448.9527481900694,0
24.777414184789386,6.766239860299406,55.01987657388833,0.07231455034620753,1,263.96330064122844,0
22.008916927003593,4.987701550691942,48.271543251858894,0.07821177515146904,0,314.66717709636146,0
28.651994423482094,4.515045573201737,54.61518046378113,0.018605107670897417,0,353.01443204436583,0
23.843773082568713,4.741991463802391,43.6377628734807,0.07174697632244038,0,237.58647450655985,0
57.64963874625976,5.011936780181388,46.92443264818738,0.12216989753180285,0,305.0655141610626,1
23.012813992137104,3.879582081063611,42.45133803428079,0.10160715734822805,0,213.71144375937132,0
23.473301626569775,5.005685698039677,58.501865538483756,0.13106272269775965,0,258.70836133809763,0
28.692791841198495,6.933359747714357,52.567507986617876,0.09942424559616775,0,351.532990412078,0
23.430649224859,5.711045304397363,59.90958187035662,0.08489844886086184,0,232.50371810693633,0
24.089602190367682,3.652746082418651,41.012001897561625,0.12755085301131497,0,263.325896666086,0
20.604173108851978,4.117439588554471,49.52502554545137,0.11051231100011466,0,309.0147440251722,0
23.37026370218131,3.5237374559982206,68.05574432686815,0.06833636476448637,0,295.16199484065555,0
22.61594731603363,27.306048477116445,52.30697318334435,0.05805157801779112,0,264.6223857352947,1
23.55957595798642,3.874345032199415,49.58708638215339,0.026274865647588228,0,313.7992246456236,0
29.084515681021585,5.57212571760839,55.95931347039166,0.08666934933602316,0,251.00671021512838,0
23.280772972243092,4.109431189408985,28.901617593743584,0.16696632947399997,1,336.6674116344519,0
23.55218362169145,4.098630285157754,45.933312809615565,0.0784675373623087,0,340.3174205537465,0
22.82317752865431,7.560502959355684,67.50925941927143,0.09842407433359479,0,335.7265345526084,0
25.607208542567438,4.5037224669103,67.14164357415557,0.04831320997188868,0,286.2677575719081,0
24.86544507017293,3.925338960567137,42.176460774980065,0.1426582653206596,0,285.65039071045004,0
27.300974100066703,4.749763834342925,46.82209786087689,0.15528572879216468,0,284.3217943514718,0
27.599974744524268,5.960305168086668,32.05808133450564,0.15415726063303672,1,47.58048475342217,1
27.01991099341416,3.6683818837885642,39.81063329607352,0.019742428491000386,0,250.09526861154825,0
21.491430294355002,5.094527567588468,68.06089117836962,0.23334526111600046,1,304.8577893543124,0
25.193487825878094,4.406579389822077,45.7022407384698,0.12944555587877124,1,309.7538462711301,0
26.074957409212857,4.421540271123669,49.22505700107012,0.0970784940501256,0,341.3201658665262,0
24.62593274225056,6.954711197261288,47.091853872924126,0.08088290295121733,0,395.6002734526349,0
41.41047553545394,6.349179048888705,50.24431840178034,0.11604987818430117,0,350.1118083351463,1
43.615553221155984,6.939032700797979,58.526803758270106,0.13269166115311898,0,288.26173242805913,1
23.656558421483844,3.745839013004396,44.44983298455891,0.02988153582880876,0,404.5547136366239,0
26.990580799044064,4.42177983337908,61.13272312739393,0.1469579456572091,0,268.4577224604572,0
24.404266390086278,5.769031655442276,44.7261093836038,0.09974466839863876,0,319.9381882212407,0
24.16991079912473,4.160308339638752,42.48744406305326,4.6494139132224115,1,335.73728249444724,3
26.41491542172876,5.776931692354829,66.07915061119158,0.16767268238106015,0,343.52245848706536,0
29.170821244184296,5.437823766243572,53.255458153220715,0.2121960637751525,1,163.7015574950262,0
29.0974165153977,3.3745077298001673,44.432212271566335,0.10163194183454358,0,283.39576266629024,0
25.636136325722497,6.6216475959513215,66.34141008885491,0.09719926640831644,0,312.6504243338896,0
26.001834658171717,4.0176757277232245,66.05355962361807,0.16119681721189452,0,287.8460971960396,0
26.727743319104015,4.611483977643545,30.735450605404516,0.15018453555560013,1,284.82581850716304,0
26.532776953144797,4.586105057725143,54.60797243615968,0.023883284085912795,0,204.54718248244325,0
26.539130287562013,6.1183812821105805,36.31479857274783,0.11642164952907746,1,352.85895648072164,0
25.285981269618432,3.2739893813332337,47.296333032388304,0.0986307839798128,0,349.202072645224,0
28.458579351447955,5.485715841353997,66.08713883048895,0.02233583737365101,0,333.2974418917033,0
28.211239665130236,2.9192594746090217,62.05818420716043,0.05316023825203087,0,358.8245218817516,0
23.45658062588326,6.290705515312131,63.96347503911844,0.08700080373736474,0,301.42141318558595,0
26.11744767388897,4.843522623876842,53.42926377321343,0.1621734564172982,0,270.15854059421434,0
22.784294360886978,3.125271719438592,47.84593872029007,0.03677074427010474,1,302.8209726636902,0
25.10611862586524,5.86528975613525,45.23123539356165,0.18385579350934356,0,235.95296000003262,0
22.945968823543442,4.9348994612446955,77.22948687724303,0.016894264322427965,0,330.9831559081212,0
24.559963944680653,4.87259312761004,51.02645528539664,0.085110192188802,0,297.8037433522439,0
27.17490710138833,5.175245194032561,30.68376022823125,0.15482713979876073,0,199.349968384516,0
27.628149963049207,4.051251304732,60.61256258512118,5.476469553515953,0,271.60412607070236,3
25.948084623024414,5.696065417077049,45.35073825584162,0.0811072555607553,0,276.10800746481044,0
61.56691455669604,81.15394444331568,23.620836204385817,0.10115403294752104,1,331.2451797327021,2
21.453585184421907,4.2847514811824094,43.05823264114648,0.12054951014387504,0,326.3643269845975,0
18.55796728802857,5.395598834762942,50.34271814200222,0.015956477038093983,0,276.53009187822624,0
28.063284932298075,2.7060584151534783,53.02627631529815,0.14140052030817363,0,335.07692291792,0
23.246605828761414,5.66045995235155,46.145067590876415,0.0,0,261.12334380225724,0
27.323217627314275,4.712441889848865,39.69594262772442,0.04057322730194497,1,68.97887292658706,1
24.772374923172485,6.085222263661631,50.385551687843176,0.07581706812812158,1,287.66377879427796,0
27.37292207466065,3.1085761081500936,43.61587581330461,0.15305433140794317,0,279.26847455929845,0
23.551394931584667,5.314444590874853,46.41041614820586,0.13648864685170978,1,253.44991441837792,0
30.014990475717667,6.739697407120067,30.187563794462196,0.07782951633907258,0,307.9046949288393,0
25.0668869359463,4.918105620427507,59.91191112926666,0.1373722485713528,0,314.89380955119225,0
24.81958564998433,5.494624639574286,65.74948699307639,0.13794004669878845,1,340.6640203032297,0
23.3122922451502,3.2563273976034637,51.56823016098193,0.11406152461093022,0,374.47997047238243,0
24.572646462260277,2.9791824154140527,36.22423619935333,0.18500674551999688,0,300.700248368569,0
26.12757575001383,4.408605270161953,65.55198534147343,0.04427338424959692,0,213.03974239136,0
29.053604737873812,7.059917908414474,38.7915284643443,0.09956325120512004,0,297.13012681066033,0
24.898398422760934,5.1606499403531165,56.6226298215962,0.04804444158161304,1,384.3774027618397,0
27.52393423199273,5.646668746583331,54.039155813157194,5.416328770240297,1,287.14737955934675,3
23.133787845625783,28.236575505022092,56.882053064528826,0.07781965848963071,0,290.5948562227474,1
23.758532506794886,4.305218525264834,52.91880026116316,0.16888037235871528,0,204.13255569948507,0
22.057747189252964,5.336277889247563,42.629706388473025,0.15283624556402092,1,54.36732555564835,1
25.80241432696599,5.244750326684774,45.831147199474856,0.10418496993077547,0,310.77998418529336,0
24.833821344513634,5.648881925903839,44.15599023403969,0.2226184956434362,1,300.1073141063271,0
23.374848435378382,6.019343267248685,56.52841534321157,0.1416818698401846,1,308.4622702409482,0
24.705720990371788,4.343375929200295,58.73989751006883,0.1039219623041835,1,343.64664337877286,0
29.852385629366132,5.480335046953477,47.19073375792226,0.09193823726603653,1,335.37711754670846,0
27.872859039117735,4.296083674584455,39.4529554503408,0.09663848464019344,1,384.3298068011094,0
24.339660664118117,4.9189761632612,49.7763113812166,0.09955168371181303,0,252.62854774696618,0
27.499420840368636,3.94350292937474,60.75221541181916,0.15236382042797314,0,298.8765511662716,0
26.72575234779948,3.611377985465016,47.70264668502149,0.09220894722130916,0,296.72562309891924,0
23.350775980469955,3.94119985175218,42.84487014514771,0.15607496059249643,0,324.77493345700907,0
23.80679329018329,4.865934750363624,39.26539255297305,0.1989643202750732,0,303.65993140813913,0
22.89962692527666,4.0277017552651655,45.49746612221728,0.062199799027169766,0,404.31877087756754,0
25.557824730163887,6.46571724170406,42.05937742963978,0.037419820376762794,0,251.11108945205746,0
26.270658390432413,4.882332697807147,45.44532943750259,7.205648454518807,1,335.1138213775789,3
24.272212420982154,6.2154805936346325,50.65937593427987,0.02363405062911092,1,63.95434082199185,1
25.483604143111496,5.301407069781117,49.63419960123154,0.013109769207675023,1,383.6969898622384,0
25.06972483065833,4.587653306576593,43.98699535488267,0.06281419573527511,0,325.7072913203023,0
23.355668786621187,3.712394716346939,40.995515386219736,0.17097278403989197,0,372.5043521087876,0
22.459536321944906,4.123606256525242,56.803425779863254,0.11352040671040245,0,344.74937180474035,0
23.480653964494895,5.6636463470328415,60.59565572623397,0.07223597515473354,0,283.1566897479733,0
28.04542259859234,4.214299779121657,64.98467324137042,0.1281119529879133,1,238.82164072624946,0
24.2131242074509,3.0908025410227573,54.70482996129107,0.19861722395411002,1,59.01206780492308,1
26.691702368938007,34.16589715635091,55.31665595938595,0.1228299924349251,0,321.95750668502086,1
27.56558993767796,5.078007418478857,36.92223434852339,0.0827447951590405,0,463.81996725565,0
26.080048393978487,5.5675134612896136,55.952277718342025,0.17036498532672945,0,320.3905007308877,0
24.78027175379613,4.815913132984081,42.278076121956204,0.18328016068432637,1,333.5871241095936,0
21.569760090610608,5.6301795923651135,27.581036452251713,0.08620422647819116,1,57.82027387574128,1
23.176765395692193,4.980081603700269,47.52119880921337,0.07858408711011222,0,299.4767435473635,0
26.027270067730303,3.233401280586051,41.34990356989157,0.0741326713530361,0,310.11916852993477,0
21.886097826587044,5.0397138217196344,35.77123092188445,0.12306360421589156,0,253.78213331848121,0
24.836578615716842,4.011262681580182,51.59177115922581,0.06521404377664572,0,388.2456902775386,0
30.584417735819923,5.09116814666644,57.88204140797187,0.01096871635462554,1,375.1367163152794,0
23.540791272596667,5.9424092950341345,47.70530208680288,0.158418231647415,1,277.0987408492722,0
25.950669850854982,3.936645500169681,60.21624764399948,0.04720050940365783,0,247.4972605088407,0
23.357680583609326,5.5375171269731425,47.47950875365144,0.08101028789540221,0,269.71600000321007,0
24.935915258639028,3.8190275163356144,38.48318890965656,0.20556481670497923,0,256.97172980930566,0
25.680069218411475,4.70571938743865,43.10795952914967,0.02989020071219782,1,238.17608567038255,0
27.548880455697805,4.9046589088033175,67.30321814857169,0.0,0,309.770161064166,0
26.409723096391524,5.348570744295073,46.39723153123024,0.1311265671968597,0,283.10924529042984,0
23.745158531147254,6.228856550200559,54.61078032296435,0.11253141160516511,0,340.4285503445058,0
25.045025948795455,2.7224373931509156,48.76306810488217,0.08136288779856554,0,274.1941679064283,0
29.24911245965803,2.2261850600660833,48.203802785943665,0.18628468964073855,0,306.0922232066227,0
24.630174562247618,5.650088908081645,41.29378976874115,0.09615719049764725,0,259.98322969173483,0
24.002025488041777,6.744861406623493,74.04837542253972,0.11086039687642005,0,276.7616388044136,0
24.731749241909686,3.6353513261306194,52.384651403237946,0.18924411995161758,0,349.2699855725025,0
21.828308719228303,5.176484183662953,54.512260161360985,0.09634463489955308,1,260.4614540457323,0
48.08331988235559,5.589024169925716,47.294851180958034,0.15712617804390652,0,363.0424759999655,1
25.175947094258337,4.559725363149196,44.71001585796873,0.046213167577919434,0,197.5397114838079,0
24.23549550485625,4.96700969717275,44.82637010857767,0.16951665917660858,1,365.7943633523059,0
25.023725358361567,4.019211991586441,57.39944051379317,0.18398736911107647,1,310.4191156259811,0
24.065227849409077,2.736853209244856,56.372914550139896,0.15770681182640117,1,223.7191035850875,0
27.627564353143615,4.98452835927326,41.32024577471668,0.08932033788974789,0,292.9858483321316,0
23.94968293860348,6.250286912941233,40.66246263859903,0.06375479840876033,0,255.22270576413467,0
24.283192848974224,3.775000111339949,61.765332537877654,0.07081389332186994,0,318.92510744587605,0
23.821218810299115,3.510468646619703,43.52153951593906,0.09787579387285898,0,182.11540529784554,0
23.876139772284148,3.571095393488273,61.89226461255785,0.1333622573714621,1,227.31007246268638,0
24.93594486168271,5.8902605314672005,60.57489279302178,0.11854543953176436,0,288.33557191268034,0
25.7927339129347,5.169747767970661,41.535021971310925,0.1303973783502877,0,291.28179398739223,0
23.645772108238933,4.326078622336959,64.33834489160157,0.147577868886525,1,215.32504545824636,0
24.74224524262249,4.4909061946884306,54.8535990755319,0.05754475745048883,0,237.8207461096399,0
26.91706392259723,4.955994455058174,46.59487955288823,0.09928402786421135,0,279.12459632424844,0
23.38469888450647,4.608430022643961,65.0506203860833,0.045999869580893395,0,421.9428353289626,0
26.669657002384906,4.356564932969723,40.94210621398213,0.07528471993568225,0,266.66856921606774,0
56.68216438784191,94.2391493343453,15.154744742312085,0.12459967434182481,0,256.9746374449892,2
24.53343203368546,6.475732678992345,41.26331108077374,0.1772221049437133,0,371.7785496581812,0
21.343188238316074,2.9316242845689677,50.89395278931613,0.0778705353612922,0,300.38639465878424,0
25.43752947356954,6.297249200186053,32.345713024742935,0.07966123918530554,0,355.18600068612983,0
24.231021757916963,4.936610147965189,54.82790124060318,0.1541791551554998,0,283.3269653409114,0
21.95457098041899,5.2943927591362065,52.19641586617015,0.18359814800366375,1,266.3547333995299,0
26.325682186043267,5.893188347207252,56.418941228586384,0.04851518801834698,0,275.79914381889574,0
20.898400288011704,4.31768892779287,36.691907381380005,0.11171220210196356,1,258.0749691808024,0
23.5150264444608,4.785462335482037,13.989148955404822,0.0649355214604225,0,256.20925876768536,0
26.87683084357823,5.759032676867219,67.97733840577358,0.08418322276299678,0,275.0063784794574,0
26.086064558579306,4.766102199546406,48.03906789323062,0.12048426718732749,0,270.15032057895337,0
26.407931610257254,5.80882040227785,66.07854336808246,0.14512664800376626,0,351.58268872875874,0
22.18216179461895,5.444895895009884,58.50719394460647,0.14459315110803744,0,244.33525829426844,0
24.609116252414232,5.546331706001751,49.797602787023536,0.05109558118757752,0,263.66129310830786,0
23.24476528627419,5.332719329585188,36.66851991522791,0.0876332018051791,0,316.6615267495011,0
26.098859014871525,4.339971851089257,39.83116014452155,0.07473275538998515,0,291.3979320367264,0
27.876338402291402,5.165240050064925,50.12521864329786,0.18186058223514268,0,228.43225764727865,0
28.151209118311467,4.136542762811606,50.68893616722855,0.13560949592516383,0,279.79214202603487,0
25.003589745756216,5.117707418460958,33.28238726671833,0.23551658221674465,1,325.99355090509556,0
22.88922755731653,6.799064234023653,46.53415418381181,0.08591763088725346,0,370.95178056836323,0
25.586704072645965,5.729819362267631,63.91920887679919,0.10109444105824174,0,315.8476003492058,0
23.935476547656847,5.704129848049276,57.96965795509925,0.18166147582599707,0,229.63532782537987,0
22.403792192625684,6.314226575703579,57.13266250796542,0.048701759125961114,0,330.36445075508465,0
24.756960643599523,6.4586813374587235,65.39017375255416,0.11039401883888454,0,344.5671950802623,0
24.591288546708704,4.70955851798885,54.44145171087257,4.044807347675665,1,330.12367181411815,3
25.696213629429423,6.1061868381238815,47.037508012357605,0.16041345457940273,0,212.2322715339918,0
25.386812734379433,5.059691880579736,51.061829194402165,0.06810956535700322,1,258.82386915715114,0
24.92724675268099,3.090528982098743,56.883869307128094,0.10968822893224103,0,290.42214207658776,0
22.319022717267128,4.680173722111244,51.44310019435079,0.008314711618528273,0,322.6048644225344,0
22.35276920302192,6.42037984802835,41.77664528647276,0.0,0,374.7411449946163,0
47.513986472627884,4.821976709936162,51.55155342865356,0.08008584832287258,1,273.86125258917184,1
27.0969697474091,4.014189503524527,59.763736729794836,0.1465437255968622,0,348.1251295976649,0
27.331189790288256,4.941167145868477,47.79068275060387,0.10955621169181962,1,242.5146263551297,0
27.171965788890653,4.658353304351603,40.001047077519,0.20968013078050357,1,286.2024274151931,0
24.276552327813228,33.232246842711305,45.52122355068042,0.1329071518001282,0,280.23582259919095,1
41.746716893319025,4.8824015473418685,41.270167386494734,0.08901519878917753,0,284.0011735324488,1
24.346704873622777,7.002427467644797,46.92428582884201,0.11801130185387144,1,327.0660647004139,0
22.472238341851778,5.968025075870584,41.88518463015495,0.04085922488478555,0,157.4984945341409,0
26.089164801587255,7.05419384125607,51.47820739036527,0.02918655703296963,0,267.8611808550026,0
27.547330108260876,4.207136394927682,57.63438181389476,0.1587094082529661,0,376.34063317886324,0
28.80511641045912,7.865212023085963,40.98007350556803,0.24121102131976016,0,282.2896805745606,0
25.59446854499503,4.535176644872899,49.11087409096538,0.06556379217378633,0,364.279111718084,0
24.88587741713769,5.141595786739883,54.75258604717312,0.15853308146588302,0,217.23876439052833,0
44.397064057632655,5.629637603025589,47.9241565485696,0.16606581014017022,0,366.52161721894083,1
106.09183537004907,105.10210833166167,23.433546021742828,0.043740694913441916,0,273.7825691875823,2
25.892025021457076,5.299772235602137,53.05000545209729,0.10816430265400663,0,283.1061112263097,0
25.004463244324803,4.725356250633703,45.42781460680804,0.06554441011391049,1,323.3845051929443,0
25.60149803436159,5.7675900769499595,52.99236461918441,0.13712221193234783,0,284.09207491910354,0
26.201466030291183,4.093784667952789,51.41979913874005,0.11568615914484537,0,225.76976040401735,0
22.331091837694167,42.09388889656732,59.097833451011624,0.09551680392301831,0,189.071501702445,1
27.990916490485915,4.715374495746321,30.27910973356182,0.11440141841527446,0,304.43031953623745,0
24.01536241004193,4.450809230703176,45.785251625687074,0.16573942457595087,0,355.8067144369061,0
26.951646674577127,5.0088577036688955,35.844759330862935,0.1488936136105569,1,256.9726713725686,0
23.692645892503883,4.3356177085040315,49.132777508585,0.10299566185456308,0,316.20886542984977,0
24.917503742041593,7.159121154603292,50.9131472861135,0.08097720479168244,0,374.589108171203,0
24.034633472705302,4.288338461423694,43.029552986405776,0.07990067544319325,1,246.83584951147532,0
24.190409241159415,6.132804697174807,65.97397293221623,0.13223449016421168,0,309.1736559355784,0
56.06610276308904,69.91742652696672,19.635711555794725,0.06356353036729886,0,257.67440777781945,2
28.778557591007992,5.238171306139629,41.592281101013754,0.11103154021535816,0,282.395612627306,0
25.918360334669728,4.705422359500004,46.37532360240574,0.10927455001592451,1,49.75713504329974,1
28.277921055199666,5.908022662536191,42.92560455187812,0.2104927832874232,0,343.4222155297966,0
28.855625994877144,4.5158528691127895,50.552560982866765,0.13999556408441935,0,297.1086245847054,0
27.555713310061027,5.570487330863574,51.0172320847177,0.1749005885152214,1,344.5760609202915,0
24.501721507520877,4.198608729737411,40.527969888404954,0.027929890631228846,0,277.93206042425743,0
39.95935021611575,5.977847564654331,26.148863013069636,0.07173706303947983,1,289.01989528872133,1
24.948566070225795,2.838403866761463,62.55766175268559,0.0,0,218.74393705587374,0
25.16582370634408,4.5850837218796725,65.01952965188596,0.17056784308728123,0,339.2672801505141,0
20.323143599513806,4.3846472332385655,64.844590928257,0.034261327464027325,0,289.88305465649563,0
24.633509513581437,30.632378377441874,59.45929585270378,0.1476588127164677,0,339.4537600699955,1
21.838599896652156,4.468628483033021,41.04495479691395,0.05458109535146567,0,276.17599347742845,0
64.82777303999057,97.29698446597828,20.749031534705427,0.08559219847444412,1,261.0473797846655,2
26.09765572280211,6.2724965439077796,54.349370541780765,0.003965556655733879,0,358.2205870267635,0
26.85135351542774,5.034333388568835,46.37500997117932,0.14737559542877837,0,333.734748890431,0
25.181581805934215,36.67114597086345,58.63060781252714,0.07972300429664608,0,317.9527546740183,1
47.732026871034144,57.140457182938015,15.545978671276877,0.13887980308961362,0,293.64815485624786,2
26.320841871882624,4.852639865243712,50.31427009353846,0.09127061378861209,0,357.6751424890772,0
27.32514733637568,5.435546318992364,51.66485272577147,0.0,0,266.0509826768434,0
20.665819876948486,4.089357479912006,53.56970097395267,0.0974800024700489,0,298.0838082151314,0
26.63753194169763,6.106774518624329,54.14784462079241,0.05183018294007155,0,203.39674207400202,0
26.327682722510932,4.804575797030629,48.275039656025434,0.05314244210828387,0,249.29178909365157,0
25.67795178733652,4.7677264972005275,50.10545711741025,0.15701252763356024,0,240.9884132899815,0
24.150128420524954,4.868241811808221,47.974770025309176,0.10872657041722424,1,343.9507077278504,0
23.107018408023144,4.817839416142076,52.812116825840654,0.08634966259887078,1,329.2510666143899,0
25.20057944501408,4.78604457081245,31.876412935728805,0.2315307504925936,0,254.57487442439043,0
26.208214910878088,3.3828281099544553,53.46312710224887,0.06849757843258295,0,263.2919066939493,0
61.61800641906489,89.3450443036558,17.27851926842854,0.1341110540456415,0,313.1877792411288,2
23.99115463340566,3.480107200381015,59.262574910843924,0.08069987121752804,0,244.55918393567273,0
43.47803450939922,139.85621140121282,28.72929485136568,0.07455117358046484,1,160.24564670290403,2
26.445349649776595,4.246796218409029,48.86407838298035,0.07282897851117416,0,363.1927969548194,0
26.752426148544693,5.308364312631886,61.61207671758028,0.0781716974285167,0,380.00489234102395,0
28.05666312697249,5.757032065053977,47.47375131197363,0.0,1,314.8580011904111,0
22.34395828175155,4.973160431682849,63.61607236316751,0.1028335147035836,0,334.11693910298294,0
26.893154007146773,5.604051644921623,45.899705884610896,8.14654278350799,0,304.55624336266885,3
26.194606733663036,4.361497975722791,50.64538063009722,0.10183099631791115,0,384.3046577169497,0
17.326688903081262,6.236832466127266,44.59623661012945,0.05992580390844966,0,276.34392476953224,0
23.577386640002246,6.730171804985622,64.22560328842513,0.12013222557320612,1,42.12963721066701,1
23.04346870146752,4.49336516621208,52.39872752284725,0.17427386846362747,0,197.6281407114625,0
29.334491946265988,3.8893367300487562,60.99469081034057,0.06622219203266055,1,346.0512919865497,0
23.250207288101628,81.0398406434929,26.520332316744184,0.08767144728702128,0,336.75660565270454,2
22.905700344440085,5.585538258338495,54.305673840619086,0.06240612372062462,0,376.8267078159085,0
25.42564879733994,4.989647710092263,48.261261796854136,0.16692960691478034,0,292.4873987991672,0
24.91877395735864,5.716330984288281,83.981273176629,0.12275330767673788,1,301.21201213127387,0
24.18131884956275,3.9438884308129136,31.19711589431215,0.04873904571312835,0,430.2079176622808,0
26.73642323677111,5.341559473447963,53.9412889589211,0.12019883825277328,0,265.2716527318115,0
24.62161963744984,4.9136621417532735,27.841775749793317,0.0902282576738618,0,351.7866233486471,0
26.496391568788294,5.1714097959035055,55.87097926300296,0.04340332662028336,0,260.2287604122597,0
23.935712219653794,4.611431779508797,38.76121594874406,0.11890231302139417,0,217.51935352831933,0
26.472157512089755,6.027045852177761,43.691790060925584,3.493880550567459,0,189.58139054935486,3
26.88877044567078,5.151657272145018,39.762440522921494,0.06832052422530938,0,204.688168995531,0
29.76691407329373,4.8835951005389,66.6675312854367,0.1153610522147845,0,398.7039343872512,0
25.754526518684454,4.81277267849312,60.326575166220124,0.17269201185609423,0,276.00176786438954,0
110.47493253905631,84.84141340575934,15.745124596592175,0.060820747125810884,0,254.867282000609,2
26.72784709992489,5.769135779310033,48.12272976420116,0.14203033563916917,1,279.4459191160758,0
70.98682972973444,113.25862894379675,19.199627566958476,0.17216500050648942,0,206.50363524759587,2
24.513179394864185,5.056510648465556,48.750784046764345,0.08924018382199098,1,357.16990535747766,0
28.52335019038796,6.223606883457626,45.22994281678643,0.14054308580166125,0,307.43903174036524,0
24.65748739035013,5.087391428920122,49.83945960751414,0.22917868300832836,0,233.4886872179331,0
23.946750106038873,4.779099749078893,50.740040119428656,0.10483682163690071,0,329.19415111420005,0
27.568209390357794,3.4927741796160614,44.43282102142837,0.1214380629440382,0,338.52317978436133,0
23.42395676244869,5.21114021307696,36.1013525909847,0.09408291880630892,0,332.76168142568804,0
25.51399489117166,3.676350429157821,45.64098530909567,0.14387737767257103,0,317.58311774870293,0
25.21597103337206,6.089339309316692,44.10552681360308,0.12062422313957565,0,312.4804729104856,0
20.11859197044983,4.815710998167288,47.94160140078656,0.03177645731913596,0,253.58670806720022,0
26.985754936377376,5.450997370432614,35.42208611985151,0.10629807074393197,0,381.5064982437205,0
25.74068053465769,4.410746269204933,37.46598281704981,0.11979571104790228,0,294.1413997512812,0
26.622660637842834,29.811564396288812,54.947501125352005,0.01930044364519498,1,333.8178523837454,1
25.467730202018494,6.164990882563923,56.25318334021503,0.09153627808336877,0,184.71772473978922,0
28.321983808281246,3.843588356227121,75.41341032030526,0.20596201936144753,0,233.75419902887683,0
23.84357580356049,5.2951409793374165,49.35227740202124,0.1046467826341489,0,322.3965336689695,0
25.649273580858804,3.7984091783265503,54.39951403403111,0.08979454367532791,1,208.97235591693794,0
26.660996267971903,4.094202786628852,32.205610745765696,0.07334979590868329,0,340.72333663742535,0
23.14497963058028,5.214428930412447,48.28013504591822,0.1880835116068439,0,291.4358337767907,0
24.52692523326293,3.6884508621013183,51.88073356991773,0.057440975877625755,0,402.0595251597043,0
25.95850019179345,5.1431002076431,40.017069416789305,0.11348338944936402,0,293.48193595103254,0
23.22857240040062,4.375165381565518,38.98713510160172,0.13660756130273677,0,316.8806296277593,0
26.351503763018407,3.3784899084111673,36.60247746313994,0.03520099896761157,0,291.11875206783395,0
26.97721758699835,26.58827180060367,56.03713240544196,0.1700750173276079,0,332.4804720049281,1
21.916464150590404,4.923872776931091,45.335685876387274,2.67269386854781,0,307.62629414488083,3
29.42865988511319,3.6522907696905964,46.78247296009792,0.09837594820789528,0,356.9359033928049,0
29.186791450099854,4.028993176589361,54.24799313476785,0.04568040610612267,0,325.08198411304295,0
27.533322506396825,4.028937970892267,48.86841505543916,0.07223634559934143,0,334.2421097052796,0
23.733093116232602,6.196297543843139,67.86755448830323,0.0868546401062517,0,190.29548001193763,0
28.79029722421794,4.736838727940174,36.27590262438693,0.08471837787966022,1,56.59340995069112,1
26.70434836264381,5.004910558563553,60.343600980145595,0.14807500471519844,0,253.63134971520333,0
27.576867245006778,4.3657252831826865,61.2884748754939,0.08831965195085674,0,310.09995053786605,0
23.003792178104458,3.264482389640274,62.23724042504721,0.06488752288184282,0,350.51896566416315,0
24.108485080406304,4.118039235732826,35.57285213997287,0.1240031808952052,0,369.15972576646715,0
24.05110601701104,5.319811634796178,55.193463295971334,0.14208036018791959,0,316.6040730708405,0
26.292259352048344,4.679216138148001,36.37956629145243,0.06580755497502119,1,299.5420480732672,0
25.780556954119092,4.2658899487612585,45.416119231463135,0.1003010567908346,1,304.06385837955344,0
27.357686888051287,4.564922758423684,46.88324114234766,0.03354961813882759,0,262.88359935617143,0
25.15125355678081,5.470598913503359,53.05248659617571,0.1394442103774321,0,295.30482156434766,0
27.32600193941061,4.598790793455322,57.095994793835665,0.14640078295758435,1,310.42459852877903,0
25.00292570962758,4.326343128396808,64.44260046820379,0.028259174432667247,0,322.29194376146233,0
21.555486132084962,4.279544929324941,54.11357631151439,0.1205191638393446,1,360.7333390066451,0
23.490937291970916,4.691006231629513,41.32554003319404,5.646514538195115,1,187.21043344526262,3
25.34789441682562,4.381824957899831,33.80826943484135,0.1314869757204369,1,276.3491166364523,0
21.313866370279428,4.072231700904297,51.01562423503608,0.09095070669928391,0,331.1703986997514,0
27.9096523482933,3.363596980793515,69.35861025680605,0.10679279507831453,0,342.346279060634,0
23.856763216861467,6.272757536635383,34.20959888882071,0.07961364913656908,0,284.4389551245724,0
30.17195035136779,5.41905073475346,56.13265544661144,0.15688883903343312,0,262.97181108314714,0
69.82003983058414,60.43953952954864,12.513838027579133,0.04334157520639697,1,328.8149826520255,2
26.45302324467212,5.693706112536185,65.84494375157058,0.0604991451592396,1,334.6407605150461,0
28.41243861605079,3.235511030343096,37.69969924077981,0.07285662026237315,0,233.61006632602846,0
24.42293419863641,6.515413815348209,61.46487158733038,0.044383626516470966,0,241.61212920500395,0
41.1478760043106,5.1631940246551675,42.798573998396925,0.1353508751478803,0,380.8522462260841,1
27.286723060411656,5.184858654060364,52.52194854234287,0.0014845709324299572,0,339.69732667356277,0
24.40738555555456,4.740874789367149,47.52976926362731,0.19200183115508374,0,344.92747501706083,0
26.12570896091426,4.862258939612073,57.80201721186075,0.041289885213992676,0,335.31853486253,0
24.832511129236195,4.700382551089241,66.8522351147974,0.18891346196522385,0,332.00624378208107,0
24.350284147002906,5.859630786854846,40.17980502789095,0.06566338022163243,0,357.30909515247197,0
27.547410695622382,6.054127008309619,53.460523100870326,0.15456494781476338,0,297.0931352750385,0
25.414977595704364,5.445677907081924,54.235078740220374,0.019764749510109397,0,313.20145006979976,0
22.90438036324354,4.671559262671186,48.64108614474819,0.10742489033139557,1,323.54381283692163,0
22.757731974484155,6.380138938868515,70.37210639718359,0.1073538413722987,1,327.51334319104666,0
24.277035588844953,5.223525724476389,55.562421875288834,0.09199788991346566,1,333.79353011151403,0
24.930871520312394,5.905717600497366,73.45624161896441,0.029996438279913065,0,363.583261664825,0
24.763169790567744,5.848298179304868,56.48252656325869,0.10699467117351591,0,328.6988350415839,0
28.48862222948622,5.663597868560763,52.04797877281917,0.1204570461387997,0,229.64757345005273,0
21.587873838803798,5.37146068831751,41.19239808885279,0.15445495014237223,1,215.81471873170082,0
26.046647565457178,4.199409657651895,46.90490114072771,0.10960021184843384,1,29.00428357419691,1
21.553393759361462,5.239935277724926,47.67207999614553,0.13636651424515017,0,314.64144217933415,0
21.239128911873838,3.430610404625316,43.631176110610426,0.11035697183892842,1,288.0363426424074,0
22.8604419137817,3.459588936049652,64.72137828165118,0.13977438474774442,0,306.5559662337573,0
26.76968516560232,35.70779366138361,43.06195582098177,0.0950342831103984,0,286.3786549534564,1
22.88459298619549,5.546569162862256,57.70833961123564,0.11670788109365776,0,323.49867701659423,0
24.00536570728466,5.294082038793214,51.633346806775386,0.17308585081285593,0,362.5625298262343,0
27.752668317354388,6.85747720929573,32.26280875410757,0.18143138489406208,0,309.241988218019,0
23.423904753533982,5.656929066342088,64.33832838659845,0.031135225536395014,0,338.798878320308,0
26.0289521410635,3.8829904377696742,28.358632329869998,0.12076226171616969,0,326.45851834723663,0
27.36709820516321,3.835336651487605,37.960863510336196,0.11126283409917999,0,314.94292318752895,0
45.31616073256551,4.635709904107589,70.25091083491952,0.14508425610708395,1,280.93646469841667,1
24.448320080207086,3.841396736340515,31.843510241211824,0.07429555978160511,1,344.8827885824872,0
26.041197762217937,3.975050468868318,38.32480879923154,0.14054318663802617,0,324.83173074899474,0
26.27020002319585,5.400169605200498,29.859367257622367,0.05665577075582667,1,298.5155604857011,0
25.384228534157337,5.09440695340416,53.60191278101606,0.10791154348266431,1,50.65737660047287,1
24.46326240172524,5.081291425042481,54.84591378839275,0.11337376944490307,0,388.1809603875395,0
26.726175572010494,3.7709971395055533,59.48948222807097,0.16214005410299714,0,380.88585378878923,0
26.032793335573157,3.754948776496005,46.1718251901325,0.06969580838901707,1,292.90923511654194,0
20.89256440876187,6.50944905040265,34.35023628499903,0.11873898760964022,1,311.91274166861734,0
23.586661791853718,5.719599497624891,49.29776379425374,0.08564452475688286,0,348.4475326126085,0
27.530311000873272,4.57909906142506,34.395804695230865,0.06106630743514768,0,392.6348547426441,0
24.699063717010034,4.336835409873817,52.078605010670806,0.10662988360130506,0,385.59034337647523,0
23.708896270610044,6.392095244121183,47.18471290135679,0.05570356472675309,0,312.47782151537785,0
25.089104331142302,3.633885919066315,60.57960713838793,0.10409221672647695,0,253.42391356913674,0
23.47265072799566,4.922835224788735,50.87781199849837,0.035334859039511654,0,284.67612539447845,0
20.687109245989934,4.628742629329606,59.811497155703535,0.08065352767000264,0,327.5796507020258,0
25.605353786845946,4.711391969998469,56.76104929294832,0.14134446099083545,0,287.13445669076617,0
23.12833754041887,3.9241061712757404,38.768049491246224,0.20228272738385772,0,315.4765965152119,0
26.403420115954184,4.316314284970915,45.40102157344755,0.10659850009727877,0,257.31395903921964,0
24.152332923587032,4.234388842969812,57.34106335807249,0.02311460957349988,1,260.3416470561826,0
26.745518912468196,4.262244753167118,30.49587798342593,0.13484044955801766,0,382.3115475904953,0
28.366629151855058,5.3927683630511245,39.12251324646332,0.09380538183823996,0,283.32613749532305,0
22.159834033954578,5.221770782441386,36.17104080727462,0.12187122428614673,0,262.4726405498476,0
25.04470110993273,4.0133409722758895,56.26877063529022,0.09756171740784424,1,324.70200096062,0
27.705884095541396,2.909881492830095,43.45450460163617,0.10657964802809332,0,328.58529465181584,0
24.70930115537223,5.347397486434762,40.11997181997059,0.09264036246159943,1,262.46595064741723,0
39.185305065735434,3.1867019276336994,56.37051839608759,0.11416890012008812,0,287.30704614274646,1
24.2851699036586,5.953009498214049,47.00122525503388,4.590468173876108,1,293.02289785360483,3
24.39911012453767,4.700347224335188,60.134019309650405,0.16466849437428355,0,321.0966856086755,0
26.067390496012386,6.492952622753828,46.089753331344234,0.17397408809304366,0,233.22154901492775,0
23.661881032068564,4.4372030692479685,66.04527927736294,0.13682068722680069,0,268.12717378411935,0
24.802558211088655,5.826422324191766,47.746485149558005,0.18333316296137617,0,283.3422833961352,0
22.313546704103363,5.585911757278307,64.24718830317047,0.0438757838138567,0,348.6355196461087,0
24.961363391456327,5.101630053533425,61.67217733304373,0.1794223588120056,0,341.77913881698635,0
23.43986809414977,28.986971135409632,61.82713431874403,0.04211253770681004,0,307.4652620612721,1
26.960008472267788,5.305150835874973,61.480908663974326,0.11708769603567698,0,235.08370301655486,0
23.10978226777396,4.748152894670649,42.69134379816279,0.09287577092141021,0,214.9686375174311,0
23.53051357305458,4.805508515135224,56.6587782370639,0.10943155407839901,0,380.40336235863646,0
27.5426668791702,5.115453465622868,42.19345600144026,0.08682395399204342,0,299.3987985543406,0
24.5208882821258,5.489178350637793,38.202232506254916,0.09853241489421528,1,319.7653626324665,0
21.212012814315568,8.54406501095978,43.093914585166765,0.14843725543956227,0,284.92368521153264,0
22.031121863613148,6.2782809474594865,49.391504799970726,0.09033295251601886,0,344.83986660166175,0
24.562228152687666,5.243113348283716,47.30491913274149,0.10345749080682734,0,212.7733555696973,0
23.61944753352559,4.816459677983534,48.850490685081574,0.025888428816134568,0,357.5832791523738,0
22.937050912178513,5.6683539678434585,67.51135597414444,0.07112989038852807,0,374.5836929400904,0
26.449658746971664,5.922977565140431,44.79369393437701,0.020119013541577177,0,374.50687610499205,0
22.608091319888825,5.274475801577809,33.02910019059439,7.408516937123682,0,294.6310690794977,3
45.3429917711443,5.302322900348275,63.755969643042086,0.07979523440838002,0,267.42362601171226,1
21.960422393296014,4.327824808749953,53.40881659461561,0.13718579101999062,0,360.822369363854,0
25.31102320752712,3.737135246271822,37.70473748782614,0.10536146442095765,1,275.0064482747484,0
27.83566394577417,4.3004896855728205,35.82923442078177,0.17276213204102323,0,337.94908477300567,0
25.896156682025783,6.532380382587622,54.2053670590407,0.19240545520527763,1,327.000890086157,0
24.44817957519594,4.036239401624483,75.77054329570032,0.10872440997438682,0,295.84141140326903,0
27.754670059056682,2.808021343720119,35.77765498493126,0.13408171118341947,0,300.70541781265626,0
26.666557234206866,5.598155247464706,59.583919516171136,0.18028056916209387,0,312.20492217511935,0
25.547822173694357,3.4768275358261524,44.68588598861575,3.5813425308900837,1,352.51597761381777,3
24.97851490669841,4.175866516328278,59.36205737537254,0.05772839080975124,0,294.23151858945863,0
23.96803802130184,5.4168730625900405,56.5863195279051,0.11160972523211639,0,297.8924734159266,0
25.067052574956637,5.4439858215605295,47.194914153755306,0.14447768155398139,0,368.5570523671045,0
23.91705398698566,4.897993719872738,56.7101780491777,0.15339988890294862,0,285.50414570680687,0
26.41475715028394,5.702010611529408,46.12688461776647,0.10363136940897014,0,371.99502781784054,0
26.262448713943567,3.848773342492856,61.049972018044144,0.08112344257200875,1,61.999802179479445,1
23.79729036585805,6.168584615195414,58.0664311672275,0.08857840394668208,0,291.44103151018004,0
24.867775212095985,3.290773600797404,53.91698016010473,0.09553983511541661,0,380.5146490241435,0
26.44638595205747,4.8623721177425585,52.54406878746652,0.12422565653863862,1,249.5783489734427,0
21.940502089991817,6.53739673068429,64.14110390606781,0.0,1,277.08884853717495,0
24.483915139555872,6.274435144272819,40.610068037708324,0.14630872633425687,0,243.95515131159203,0
21.59044851154391,6.052547310734749,31.570630937523244,0.1123635726054378,1,344.3289746378825,0
26.544459866966584,4.566435967236451,56.22627039812321,0.13261141000583473,0,360.3267861727151,0
25.538105386031415,4.099839772126337,45.86551296528205,0.11431933719776952,0,290.5702585426256,0
23.597244789555088,3.9679943436676264,56.65760054007802,0.21409514582570857,0,275.42277930965474,0
56.59107515498626,103.94882753099336,13.530913174660537,0.09736224459996172,0,332.673949097587,2
81.72913803177877,78.69179532809213,19.932483777035117,0.09312747215220114,0,312.3140906486249,2
22.786534024541098,4.700306504067111,42.36534696690888,0.1191727507427108,1,250.44544323341933,0
27.116949544237926,5.294167538001602,53.52970749722868,0.06438553570968603,0,278.24306260189826,0
22.370242671191175,5.2190715625376685,45.24607757785458,0.05820648721908471,0,245.20645946006414,0
24.959615794052468,6.123176946601683,67.58692836954863,0.19137209705568975,0,330.55354525552855,0
23.467067137960424,4.066880911313858,56.73472796158231,0.08765408362552728,0,203.70110907774495,0
26.733549330369225,6.4647044837412455,63.4785758726249,0.14546169710914852,0,267.42787250681596,0
21.266598826392116,4.575401833977858,53.97637501776279,0.07686316760018311,0,284.6475829537449,0
25.862176147274205,5.651857769515601,45.25509555251628,0.03299911360382239,0,321.4176456885724,0
25.783657415432202,5.02012112958086,58.917005810695755,0.0663803207836749,0,316.82498944104503,0
24.15291333321844,3.441197230582082,36.563756367152216,0.13705825236632693,0,262.00989340061125,0
23.579969114216894,5.129998225801596,39.36963727146282,0.12106236893454901,0,342.3419972734583,0
28.450077179596033,5.494704668050223,58.91290211788828,0.16103914586844661,1,311.0094657102566,0
27.064778796252792,6.923513487603454,40.4695953663515,0.1539062697897386,0,295.68914509962735,0
22.79128324192077,4.930252732619265,38.16458629189076,0.08076879119679096,0,277.5545806343497,0
24.187779285953194,5.0967549184388,33.85250137708669,5.757126032856996,0,318.0957135365263,3
24.544557993843828,4.216550259099606,69.2909140121857,5.764270345894529,0,326.1169315236093,3
24.6253393803574,6.391457966955942,47.87755690160069,0.10163868187778907,0,301.06113254171294,0
25.386608796211984,4.128310384431191,48.017252832856784,0.1067866521293551,0,301.55317131994656,0
24.67646543766866,5.3308670284063515,57.49766628489185,0.13046194154448765,1,283.40675690890106,0
25.761511691495866,6.545673725586662,50.87277468952216,0.04813356431151403,0,333.0171527281341,0
26.49509225157292,4.604953147830432,53.09046835024035,0.17119769227705833,1,370.68848241456294,0
21.695711736222368,3.997896075369569,61.22132322230476,0.12144003588871301,1,283.8462128661488,0
27.671140911073515,5.975200541684766,53.69263777649905,0.024708379733468983,0,297.5044883479419,0
24.413320270722526,4.554652205003449,55.31797398480622,0.010989491509203614,0,280.01147442784713,0
25.314291567405068,4.997761883525819,39.32566067039501,0.03704675442759034,0,249.73424370013822,0
25.625153150671128,37.57140367860242,66.86651353667898,0.06549295812255526,0,294.0170548763425,1
24.563988737757754,4.968738585845754,51.69974539749269,0.1350911520271672,0,316.8912957965994,0
48.11762899412929,4.694407732485584,47.95243440919845,0.09857096241944635,0,279.9443364368535,1
28.610833692839563,3.802042037659338,45.734287471694266,0.08052982192373118,0,367.7902669715751,0
23.213501004963206,4.965818671169511,46.403011640266705,0.07437099481266199,1,238.7806363321023,0
23.214453385447698,6.734041954422619,53.84209221649462,0.10538800277262715,1,287.5053132093977,0
25.91502980369007,26.93788554549566,50.15030036910797,0.13100418408059783,1,251.10305822236808,1
21.041962613020576,7.026817116042393,58.62754591952687,0.058496475243538154,0,250.6210002417349,0
21.862774651035107,3.9355344609003784,53.81717850840035,0.09190309267183693,1,355.65965622884886,0
21.48358224668913,4.748882165357559,40.278377820566746,0.10397897732782804,0,220.72189770670252,0
26.26203314397699,5.519260354357712,43.86130776926282,0.11894418939014181,0,291.67769952650315,0
23.748453912536448,5.229924345417937,57.77797630877715,0.06338502251314558,0,293.8141414930757,0
26.4862643597164,4.852183734924229,60.70912943374587,0.13764241656001358,1,283.3342502745998,0
26.073614938449808,3.750435088075995,64.33633608817878,0.007016847972510079,1,297.32073123405695,0
25.83997749044161,3.3288126671033673,70.90184824766061,0.10123438819428292,0,201.84135450593374,0
25.54336716900006,6.590795742171252,51.20634760893454,0.152201256472119,0,309.3854724063962,0
27.303542938773745,5.522163870388417,37.60588352944909,0.15011346363092565,0,279.2967783599839,0
24.0395711317352,5.268850786400992,52.09348857334689,0.0977477940994538,1,275.0700982162913,0
23.47411863333577,6.176448825366272,36.68491700445547,0.14022898178688212,0,341.43300607588657,0
24.46446896255031,6.32270321998898,51.75574084925822,0.04876246249618049,1,318.3363876092906,0
27.730572271782734,5.5820033544286165,51.98441528530855,0.007781916888965679,1,260.80747076726414,0
24.192593132004188,32.5290513282183,26.089214347160407,0.049009933315270315,0,294.71409876494516,1
24.589414811897214,5.248040642895805,45.822105509209344,0.10210066147767376,0,392.39334978510516,0
27.381059287435352,4.799314781624671,45.953041431366735,0.15148021807098466,0,399.1235225084464,0
21.57702302927012,5.37138184160344,44.35546566135884,0.08013259840409445,1,240.55294409733256,0
25.88352129929896,5.17560354980437,48.48048876528014,0.14046293140616495,0,361.6164302607332,0
23.713371345680358,5.9646742396864205,54.51704649890677,4.547630288313343,0,235.524996513801,3
25.657288051609616,4.4261800860898814,57.831556560131745,0.07155615124013155,1,297.42352809067796,0
23.381854676115097,5.585071344384081,56.1162000111271,0.06418260304320499,0,361.66959662046906,0
25.72151150932767,5.07228834712487,55.55826027575127,0.0886736263808581,0,414.01301151494636,0
23.53244543438524,4.060415511405251,40.53580852715248,0.1610711796695976,0,264.6084360883032,0
25.94002732249332,5.103381996212095,40.13559500900753,0.12584126329122255,0,290.019766381816,0
25.125667145838683,4.556176520308668,34.35546013376032,0.04325047661194401,0,298.0309351052426,0
21.7794737624164,5.7531899497325485,39.17982214958064,0.08306654730581212,0,339.38727706557154,0
29.275223258758448,4.307465115644997,38.07958455838068,0.15032416649951424,0,315.902577408948,0
20.88167903261536,5.79850133790722,58.766058798421795,0.08441072133719876,0,291.91428419096974,0
25.126807021720985,4.645051733259342,74.60752928708379,0.08448789709070367,1,272.46373588638926,0
20.60499798947594,6.26871389457657,51.90223221844894,0.08101877516615831,0,310.88140500614253,0
29.836782440509,6.980651046695621,35.93883818940262,0.015401939015621258,0,339.7857223932679,0
24.099263617486663,5.406847635139783,60.15392328675223,0.04140843497637375,0,280.9352519597712,0
25.60360151402196,3.1741942581070113,60.0227103567561,0.12938891139448244,0,232.76553998750234,0
23.273620575666342,7.040133885996919,70.0442330367517,0.09513444246492045,0,272.57175247214377,0
24.556609926482082,6.496756785990474,49.22491988853714,2.4482892885991374,0,290.7574819674735,3
25.74812417626209,5.264481684951374,50.63702359765771,0.08915864748889284,0,285.36210406137724,0
24.408624565084928,5.708129860495281,48.38320072785505,0.08899732463141527,1,356.17136435478807,0
26.35398819475011,5.19286184315019,65.1842203065218,0.12101342645282809,0,365.2481344395209,0
27.69964891840918,7.461695017184823,64.51705880776824,0.07548507948697092,0,270.4061966828454,0
27.54854451746874,4.88641188637895,46.17416157277567,0.053753709214036306,1,313.43878945743205,0
52.947206417808495,6.219493022566629,64.53668174073951,0.06702521458411914,0,248.6823188805052,1
25.567822117472762,4.99293709544917,46.02451303454222,0.030774099028750168,0,337.9968490979914,0
26.52620004909583,4.53355080809313,47.68725734637424,0.09837593250290576,0,289.063099352459,0
24.963731512983838,5.293284429004852,54.847346479689236,0.08491007533018737,0,258.4346934179858,0
25.407810702689808,5.562839996321604,48.51652821192179,0.012260105731437751,0,350.5034510296806,0
24.508009323288597,5.446703610809144,55.870575345945355,0.10032743289022697,0,338.73283179450374,0
27.972792086656753,3.8862544795781258,63.45018656271581,0.1565728898172678,0,242.84023383249806,0
22.430544467165067,4.668975665791919,54.54704396416774,0.09669170327267827,0,233.97659344898642,0
25.771605550249397,5.639125763478494,56.534786562187335,0.12272512860428142,1,238.57546618095463,0
56.019597795321985,56.90211927668257,13.58464005134806,0.031245738341645762,0,321.27706471378906,2
24.15946345177829,32.030470094243334,45.979237405601495,0.11823131769710254,0,346.1522413613381,1
23.371693486804794,3.8347980000347115,35.39697564790777,0.10939708882163783,1,273.7591401853567,0
25.80973138592722,6.522935924483793,47.995653733056386,0.1589525107769633,0,227.95386160590766,0
22.848699032850224,5.336583045459035,45.42315438320922,0.1523356356887882,1,36.930987710512824,1
25.960648749750096,4.748962870142777,52.308644101280876,0.1907788740797536,1,32.26224867797481,1
17.155199496763316,5.28378802783808,35.752343462785106,0.08937741486434721,0,328.30357786549905,0
24.879841614206622,5.864948838011637,38.67877169572341,0.10864211553081773,1,323.3009115006692,0
24.084646014023132,6.07147593025456,38.902498721117254,0.11616235937667813,0,337.8805468463155,0
23.324132835260567,2.527554341905652,57.8146741424745,0.08658143530205158,1,317.8314808050801,0
25.360610102675007,4.043864297041461,44.09181651908571,0.16225205041116283,1,242.6346758125494,0
24.569504283809216,6.973898578442583,46.24780769866102,0.09219931702883724,0,362.8542446052673,0
26.64514584240096,3.688456033962999,51.57346567673078,0.14882532945315824,0,298.8795275800899,0
26.224800321596028,3.987525629845609,44.6496691530843,0.13320264766527917,0,274.50837417491,0
24.73344256954169,5.20548642756002,51.143087530592474,0.10009017531782072,0,336.5124876866475,0
24.257441340951832,4.426969073787779,59.10251681532861,0.07889354179636046,0,272.98141898674953,0
84.74575223018427,64.49704711097836,16.496868148807117,0.06734313050350296,1,263.8930391685568,2
25.311308394199465,3.898318120071319,65.63992154846775,0.1401078395581406,0,250.05895653329753,0
22.555270770025523,27.999377076406283,63.34506133337838,0.07264041055587546,0,237.43219088803565,1
26.00830472275296,5.08122550315025,48.51978493465305,0.07584133525375436,0,234.60221250183116,0
26.37354814100671,4.358178596055659,44.30648576418862,0.12958340248465655,0,377.80522187635415,0
25.493460902173865,5.3969682913250425,54.401478606997586,0.03987581507093535,1,374.9638292008433,0
25.643169080745512,5.116508052475871,53.79699677417113,0.08442664025503993,0,372.9216351713389,0
53.35816666830671,114.25422822552545,20.22980468024467,0.09807920953490311,0,312.5072223866277,2
24.514833927420412,3.8007956749043568,54.47696266395012,0.12722299347637311,0,245.2752819582552,0
23.305371944297725,4.54900606687359,68.08589967121408,0.14481996702521915,0,281.84122206335917,0
24.56716257672326,4.863577849722384,42.21691446993496,0.07782852908824822,0,286.48648161626954,0
27.19444265934365,6.380806588455009,49.571955024319074,0.15693904059610647,0,348.524422980669,0
22.483470741265425,5.636553206873264,73.22609225262767,0.1530908322994866,1,370.7014567780994,0
27.80675731339718,5.433284133439259,58.050837886620336,0.04322907723985671,1,365.8003709859249,0
23.92243032430522,4.812942483526338,50.954620413582965,0.04851945144552997,1,311.3465971900124,0
24.882106932962092,5.047034364008503,52.417408085325754,0.05160672865574565,0,302.3318683282983,0
23.95821419219247,4.1656263877048785,47.65420970380812,0.1344129855386207,0,327.386948936878,0
23.336148352133126,4.325185755768863,56.283300457417965,0.11785808680720251,0,236.85185315663387,0
21.177681349479023,4.432552718771649,68.01528407832186,0.20110870500436895,0,391.5588567782944,0
20.042926568292362,2.9565064975148787,61.751578262941415,0.07955633157979551,1,52.2740507899162,1
23.220310458117716,4.03922044175511,52.541276870714356,0.13485254894198634,0,368.8442943087925,0
26.52561737914659,4.367531583689865,40.082273539206604,0.0653605506145021,1,236.31285573170922,0
28.178294603272914,5.501129276064576,45.13368811810731,0.09948971998045338,0,388.77072875773445,0
25.615470537656844,5.701937740476684,40.99542022030552,0.0819596753080411,0,363.61351888832746,0
28.34854153214226,4.099078881445847,39.873144366315074,0.012002055892537486,0,332.2104419422064,0
23.02850385099594,4.809922752783402,57.52130949127638,0.07159138860388523,0,257.6772754365676,0
23.03810654597326,4.229186369385911,64.33625019820946,0.10957253579786763,0,382.1136140582948,0
27.008675887283406,4.304063597549286,69.92365663845945,0.15007014551150327,0,277.13214655178547,0
23.643010539025557,4.6945005369463475,44.02618938954857,0.10552090234730599,0,258.79704406559813,0
27.029172506522933,5.781724188314313,58.38541477559261,0.14123351966597567,0,254.19831276462014,0
22.368405183563716,4.534049021927949,58.22988592003321,0.10207709202819473,0,326.2020718685104,0
23.124260793676722,6.886721559257554,34.994054128912474,0.10554482150817063,1,386.82764263830416,0
26.530874988750032,6.477720295302075,52.45498681794313,0.08724064142428582,1,298.16986686525263,0
22.73991166167127,5.865071489474962,41.805132613493306,0.06495376839157366,1,321.6289661042424,0
26.00873013143682,4.458700905037761,30.231784310524095,0.07523924509976325,0,324.05857787896133,0
23.024164332717962,3.967776617604124,51.377438940031375,0.14336766894594388,0,349.8938907897127,0
23.3434124793032,5.120198558746055,54.508123363318,0.11048430317872442,1,313.09303296451367,0
27.46833971758275,3.9858387347450326,43.03023982356437,0.1547674597199362,0,226.34900847423683,0
24.554850145550294,3.3180312160145893,54.78037815192283,0.02801959346005864,1,339.9801892651039,0
27.383911935285944,4.614368239054481,76.4684602298873,0.08272922879680834,0,289.37344870781544,0
24.118195622778288,3.8835491448159525,59.87861582406509,0.12296020907997647,0,285.32387680592944,0
25.76710480741425,4.110508259511553,45.553099728471274,0.038371971875465975,0,392.7216716680914,0
25.547320238425005,6.566854707213786,55.99089759263809,0.10878368562458897,0,368.03931777395707,0
23.239367649984064,3.8271822127334385,54.06079166629937,0.07065751332256312,0,187.0049316270762,0
24.77268631500192,6.599123240836734,56.73133692232969,0.11525427023533766,0,313.90627447680527,0
21.748215945251008,4.968864461684724,53.341989431717664,0.031237025950940522,0,253.30040201815217,0
26.12582132057017,4.892555118205751,49.23134592996338,0.16567365806626183,0,388.4599039438722,0
21.082452677408813,5.148362858681986,46.65910792904769,0.07337705079658013,0,332.9033787778427,0
30.00634358181142,4.516015660399447,56.992124386719865,0.019617934473840165,0,306.23867439555784,0
24.659430936348397,4.918525826801727,55.147580201800835,0.041125701319677944,0,302.1145546998863,0
25.64869142238985,3.963670803161837,41.44517304074419,0.08631861948033659,0,278.40887252875285,0
22.774590809986996,3.30584533817542,42.9928333945924,0.13129798243905821,0,311.703299552784,0
23.770111794967914,4.174834100254462,52.262380886674215,0.15589669113635762,0,291.6520584673525,0
22.672842200001966,5.171263525820193,49.143966676872644,0.022926094754281603,0,304.66844304015825,0
25.154157222762986,6.0556942488831496,39.028561302295365,0.06886641167238086,1,271.0469199330388,0
29.515712600515293,4.341785701157898,38.78119033665749,0.10125570420130056,0,328.74211628852,0
28.038672702181287,5.116661751169503,39.68893946705737,0.07434363768178585,0,362.12046539481025,0
26.929795438212356,4.703398391977128,58.794671868111365,0.199987791597901,0,247.28099023772918,0
22.16123128840792,5.2239949689010485,57.36763345167897,0.13094301650723178,0,249.21167665379195,0
24.939806585418935,4.756517178218267,43.6858836324587,0.11207774342381979,0,294.96413729720115,0
25.467190162523153,7.116803054963853,41.63805149295829,0.08670858171765039,0,372.7374767685294,0
28.761522292405296,5.546889703451685,55.98101779761155,0.10655245819805867,1,348.4601610889501,0
24.99878303535542,6.196627120827243,65.16116180355043,0.024622352768328956,0,354.6313782586554,0
25.038068352432155,4.639507661329329,35.96728970259552,0.09453617438908049,0,333.61388484553396,0
26.792999340400332,2.2595735779650687,61.87427151682,0.12606149953222706,0,307.0739670741902,0
27.664063623262468,6.246361215877223,37.254791261148696,0.12299973082065277,0,386.26428284846725,0
23.93432746244015,4.180733535810628,59.55388571179851,0.0401233844367419,0,259.1399465248993,0
26.780837170980416,5.284385712863594,30.642276691603744,0.11704730617584667,0,287.4042533564421,0
27.32300609696395,4.815123243754734,34.94252199435834,0.14199722698710138,0,284.84428392416424,0
48.9953403657115,4.578969654137505,35.02451038839839,0.13816214244596903,0,370.76740734991563,1
25.012262900870454,4.441866740342549,59.94378730992047,0.12640180022739822,0,261.57822415482536,0
23.1850777702004,5.025627672402025,47.71677915661637,0.1307927399075043,1,278.2144583807631,0
24.934251029695133,5.040307699330248,58.9493006156556,0.1295545265662611,0,292.17953606035985,0
24.32318555588637,5.931569231063757,52.639743094361584,0.035807305657068064,0,261.969966778743,0
26.141881987884396,5.118350065655177,53.915511752600935,0.10686706622825523,0,359.4821322742618,0
25.121575366639966,5.353219181830795,55.403840477736644,0.19681385563222817,0,270.66527056190637,0
23.497665560752242,4.00142961351756,36.08016713202924,0.056014131930772176,0,291.2866482766537,0
25.85331162118495,6.987806564762085,70.5157432182022,0.05738159379789996,1,395.3745336276634,0
23.045271765032577,6.887625120626005,40.34785923249452,0.11193689626456783,1,236.30813374328977,0
26.57545931486717,5.033737294932801,44.65472410062552,0.10462556544910712,0,271.65933410988305,0
26.621827545231394,4.346257970193032,59.15402970484937,0.16113558964159655,1,58.315426650725335,1
25.24252132469837,4.073075913900392,66.79637233421262,0.08761789346588457,0,314.0687066967626,0
25.277270057060903,5.498111995644542,55.161630229264695,0.15327123617987903,1,298.10501688907175,0
25.148371223044332,4.937759521675998,37.1571418157055,5.300050680968492,0,337.0273767911841,3
24.86597991654956,4.178319173694978,66.23529210891806,0.07361492940396971,0,243.6357238146535,0
24.68946139179248,4.593766241633524,35.71635572749927,0.09072347488267679,0,330.87143154636624,0
23.653171520880257,5.887803935578848,63.98483993069321,0.13905876681437995,1,289.2305855569962,0
23.979826846562045,42.86376194622237,41.08345212659219,0.10279560374932684,0,334.71631905746494,1
25.99964327194762,3.0088598510453335,46.387698070856274,0.10612454626872274,0,252.75651138521226,0
38.15268112671971,6.7580693607288245,55.60680660090051,0.13036019948721228,0,246.31617522163748,1
92.6986162176507,95.52829837276862,16.04616643372475,0.1165306630545203,1,271.7325023749453,2
26.746791072834565,3.756484327675908,42.81646961169357,0.10592297743696102,0,243.4056810733701,0
23.156352687359572,5.099988163765552,46.64856861221808,0.09323328830384452,0,313.08652190969417,0
22.35519103859435,5.318506398601374,69.11923238569825,0.0,1,241.56762850298443,0
26.43452708756643,4.140600789182799,45.297442837336426,0.1749273180334927,0,254.9841545940958,0
24.86960223130035,5.018280085758821,36.30772886529422,0.07802228224571198,1,329.0259272797852,0
24.156835377119414,6.0450561452312055,51.207902325011105,0.06249886592171415,0,191.93194536873204,0
25.22779514399696,7.917032771208657,54.788468678325756,0.1009245029473578,1,365.6344089224824,0
27.112576967492245,5.397527756573154,50.134204853884604,0.09933584555204902,0,278.41396589552903,0
24.082201824418245,3.072517572465906,46.128489441501756,0.1476517682548879,0,323.1612228000067,0
25.631045881840507,4.952141072347243,52.510035431501464,0.10897070855244206,0,276.05508340950917,0
22.110154991708402,4.410492827695386,53.26158863915764,0.16212186432628456,0,287.1652485937806,0
25.97348300431612,5.197313412290266,57.73547615107018,0.047452941690551975,1,59.440421481490844,1
22.646669685229025,6.250708118269151,52.95112767077143,0.03966584731278905,0,278.50499473960565,0
28.35525088431227,3.73336800489339,40.103490338356366,0.06566977340758996,0,257.7155344276739,0
24.409994582965727,4.902514774022941,55.87393386417555,0.06267818203863593,0,361.18968112565824,0
93.5151780582198,94.96964588767284,22.092721600469865,0.07514846546670456,0,252.34212476224542,2
21.124050905566904,4.2835270989334155,67.38991810326853,0.12054159815620753,0,326.77976984220237,0
22.324651627824633,5.612171618618584,55.69289323270064,0.10358342769401221,1,219.7272650480461,0
23.52945056124489,5.192164236033265,34.303268749715265,0.10635213460074501,0,250.27203768342645,0
22.824213975781483,4.315757819484756,42.94244437772802,0.0869695833833021,0,309.3416736380476,0
70.3375058236816,95.2759954472652,18.041646952479837,0.13308643675107987,1,407.8857152218984,2
21.234958497065072,5.49200405410296,38.68931370065029,0.05189293859048077,0,300.0111973997894,0
27.01031821338018,4.947178260472422,68.31147075254631,0.13348422446582525,0,221.9914587435028,0
29.23464828874191,4.588739569516517,51.45616996826891,0.005398321375716497,0,296.89319667653456,0
25.20648331739817,3.030103206559401,47.57197712688049,0.15288843236511188,0,278.2602653313892,0
26.631188489192326,3.377025037996436,37.86536639847077,0.1548742485676582,0,241.40330353884025,0
27.924748302846858,2.6677614848036773,46.91461028710961,0.032662824074073046,0,286.63414884160954,0
47.00480999113404,54.7273186099686,12.628534722457346,0.0806254342547283,0,335.62522210460804,2
22.928594644373778,3.907721835968817,53.940931050282195,0.1177430822327499,0,319.6502103429093,0
24.123145265569452,5.6116015615496835,50.37563351381112,0.09239905471836511,0,345.2822951651898,0
25.304639586409117,5.082874453992331,52.896535209003005,0.08989493598228912,0,306.4112270751911,0
24.04095001073643,6.629318517441612,31.518898876114633,0.07391166713504642,0,323.26719969789383,0
22.691288209903732,3.86175405394007,42.818012394942386,0.10970660760028218,0,235.57041458112036,0
24.02566563394171,2.7823909198479853,41.579013102786114,0.0366361655813635,0,294.51870747561424,0
25.265717365334496,4.193229547997481,49.22517225668114,0.1280722230429976,0,276.64296508410547,0
25.576300083080508,5.358848072678919,61.888062411931564,0.0667477040998444,0,263.8492150856966,0
24.367853282316528,4.837355710222856,53.38583090886362,0.0,1,61.346396998210565,1
23.656165379070018,4.796681714582493,61.22203333293369,0.16915678233890763,1,265.992381712409,0
23.42089262896736,5.737639200059881,47.435748308714196,0.14428631769409275,0,278.9434882599458,0
42.5727931544795,5.457224811949343,63.52759030614763,0.15991126966006436,0,285.7229187346388,1
22.781048910320514,5.761489738939361,62.20429909588865,0.14581345994649353,1,424.30101231388363,0
24.336442456455757,3.471408703740714,53.10539637914204,0.044239138601454044,0,282.22541685428996,0
20.890835950276166,4.314981557064936,67.93114327607496,0.12052149436254514,0,338.4546331477875,0
67.05115904583504,69.53919140766828,16.29045500177598,0.1167580283267559,0,356.09137459937403,2
28.518433207124858,4.547729160806443,56.533143142145406,0.09052131522586722,0,371.7000501865231,0
23.226721661590805,5.672756787199422,38.214272152298264,0.17021581409974762,0,312.26179239471185,0
24.717618835819327,7.591694721309562,33.8582366503516,0.2214467369038452,1,256.3607523236179,0
23.15969553708463,3.5228355836876184,44.89708840436937,0.15513460230371892,1,308.89148998527173,0
25.768735433033612,3.245069806883752,33.374754978639075,0.025150550556785042,0,218.08771704527334,0
24.48080655638146,6.2114275036324305,44.94552790346473,0.07446580309021747,0,343.5862212092068,0
24.52571218112765,5.328626115376102,58.107266672390146,0.18767023136564853,0,326.0607895594362,0
20.8313367573144,4.441769737602216,56.12825321669321,0.07892585014168187,0,363.6099277125049,0
24.394143468388748,5.191772433644139,42.625661110160245,0.10124849316909823,0,358.73809001165193,0
29.23202411366199,3.568811666764248,30.76783713790248,0.08774137890743072,1,224.07921505856586,0
35.10807541713458,5.072396647818299,75.18714099294463,0.18903124779586075,0,290.34223875752105,1
25.052370298371596,5.071287260549462,56.38956814212745,0.06457559492354545,0,261.6130990685309,0
23.476709522128473,5.7779377675803065,48.55669532196906,0.09412907381070204,0,351.64467420458357,0
69.89895765828847,72.90290853851569,14.873622846651495,0.07308814349626055,0,280.66033310713374,2
22.84798672457041,5.72794138903225,65.34809806103857,0.0,1,258.68173573670657,0
24.21554077731195,6.67817992212487,49.27030568118722,0.09091332311920472,0,252.93092569303673,0
24.961679004836718,4.475718390341704,58.165690239710344,0.07612542015794499,0,187.57517327501722,0
22.749807345953943,4.41925890944355,49.96519151426798,0.09274831542357888,0,293.91556571563655,0
27.509489674675308,6.2515288692138995,54.571755311570314,0.13158176049103343,0,377.82080177858836,0
26.865790710387618,1.9814432294322075,65.78945092717976,0.1397379261235967,0,400.3204318856468,0
27.99042899573714,5.769820903157786,53.054462438603736,0.21046935629514596,0,221.3884727960935,0
24.385078199969715,5.389945599383437,50.74887584371558,0.03767190169202868,0,218.44661874025104,0
26.241423506210356,3.573287694233369,47.02088672001929,0.19724143207840522,1,212.89587711470182,0
24.089558838234588,4.741235588127621,45.02947513164318,0.10273474326873132,0,322.0709879946475,0
24.76323984989174,5.981917163268892,53.88200613551957,0.09187201912624651,1,302.1855198495992,0
27.44561584426682,4.432192157815894,55.12543628399402,0.11450439498177162,0,302.19502665616943,0
24.905913103403037,6.454310101796491,54.28821006012148,0.04594939651187199,0,294.9913615606622,0
25.42985192955341,4.540258604936961,46.609117054731726,0.10480046339985251,0,310.10372530806563,0
18.091490294318003,4.918614305715879,51.476381003869164,0.051892823557034284,0,244.2376731811593,0
24.443379488246848,4.627935674668674,52.80891126601171,0.072360454122741,0,270.2347151153009,0
23.660489400420104,6.035396449804743,49.2743351304081,0.05750458736199373,0,265.5361688423806,0
23.630007699747214,4.450873519010423,44.05502277573277,0.036017607582537844,1,243.7899951526511,0
26.370248676830613,5.8841243210314,46.42033111246602,0.1174466913675557,1,280.9381356363563,0
24.58567662181192,6.270088025254897,62.95007149938418,0.08589375284311326,1,268.4568244658295,0
27.324382105305165,5.901296211206025,40.56990596020095,0.05810783519887219,0,316.0029095746622,0
22.369123468225474,5.9948686937879385,44.661553561850816,0.09251820278741038,0,233.15110209297228,0
23.629628243178985,4.97174224670176,41.28754188185489,0.09895802236143812,0,264.4340044726716,0
26.190262371827536,6.298693290993424,52.8191802075105,0.1344356372277385,1,330.48688616683523,0
24.719637612778286,5.649402515822462,63.970105549865224,0.1165264086452708,0,233.06381469322133,0
23.228663631987168,4.149217251371846,42.712098036226166,0.07591414745322371,0,312.13014065274706,0
22.855528093289387,5.832269588574208,57.067703870618956,0.032217534836599074,0,304.1432420934498,0
25.946673351109933,4.970196218148559,55.24584683047615,0.08319666517471298,0,313.44024672196156,0
23.132116185163984,3.9755150009845615,52.18399645410773,0.08654503406617661,0,253.6743372610126,0
23.932912748353836,3.485585937601879,55.487004763949,0.09587432405443028,0,214.73961961119915,0
24.867267356457894,4.922546992733727,65.52829320198843,0.01933302991252682,0,259.98533591963115,0
24.964144063500402,4.964579859308491,44.72933881760226,0.04881701269346428,0,285.7156725953868,0
25.791530303050248,5.106476304504827,48.60934401530792,0.16324817798858293,0,301.76857085443197,0
22.826578377230547,4.228730583322519,44.97090349961981,0.04771525145610439,0,289.55410213145643,0
28.46436915435513,2.5661834946550734,52.48258541761684,0.1021348637229222,0,334.3413747726419,0
24.203345974236743,2.5076103484169328,56.59849612104565,0.044152955794881814,0,247.61125269304506,0
25.68549801087085,5.589337284733849,60.65102868732038,0.13025489163147924,0,262.2269599303559,0
29.466231834264352,4.307042995468785,60.26087440960004,0.14218950129407879,0,315.8043911054467,0
25.05584888535895,4.246030114709591,63.09813335192124,0.041429280395300555,1,151.33469143537212,0
22.468727109820378,4.251909017151338,52.916589331890464,0.11446694528214924,1,60.933133786683186,1
26.512095551961618,4.502625850349712,58.13371022629424,0.10457728220223642,0,337.26261144091023,0
23.063328273492882,5.248305475735984,57.524833770742184,0.07059457005378453,0,302.9031915012218,0
27.49542458371964,5.690058339808666,47.98784522107909,0.1281667751529453,0,278.2586604366132,0
26.888429680503627,5.195162047141818,66.65252233944696,0.09106465577182522,1,314.37398375074105,0
25.319692099425588,3.732942897934933,47.939146269613964,0.10913078918326981,0,243.7798252129864,0
25.65050335170869,6.1792631585792295,57.911400043558835,0.08576022216762835,0,302.54192633049195,0
25.419958561515564,5.555626822794872,40.17833049515069,0.07982521029686859,1,375.2033802260099,0
24.06676206364871,4.263098647768201,49.44103533386404,0.09607046020155903,0,355.27406761710574,0
20.046636887939954,4.542986180147802,52.254101426299925,0.18483955493701443,0,243.2387322055779,0
26.109277416263616,3.376082157430033,57.63142300709657,0.14612405851165547,1,227.86821644934096,0
25.199115195199933,6.551437765889289,52.644804010731356,0.10822789453143235,0,311.2371059791087,0
21.664669467618275,5.990566827442789,41.21878296394547,4.4600473678638135,1,268.3003268371743,3
22.479654638691613,34.297071273797265,59.41902961761021,0.08194897411988569,0,299.7868531178062,1
27.910802675452384,4.411981480963033,48.13426746944636,0.20855964305312477,0,290.01681629067923,0
26.489059216602804,5.018539945289034,75.65841659244398,3.7405874419389917,0,317.5907725456948,3
23.64785856941278,4.428071453801567,58.153241668090146,0.040939941342556,0,268.869305002034,0
27.616948338400327,3.737154750231635,48.21625080391727,0.055922936396308354,1,285.10253175933883,0
25.906443804565793,6.474482007378255,54.086107475639174,0.06512290287624428,0,219.05887140067796,0
25.75445917318969,3.967535024031897,44.08177123294714,0.0886336206342832,0,241.14841842734643,0
28.124709018746458,5.888987749183643,67.30517951827959,0.12699754503775515,0,278.5004295692581,0
24.294332188297286,6.210817259191998,50.16268597718278,0.12645575542818605,0,324.5501972978877,0
25.65964612173702,4.93822393772944,51.63427820386131,0.07013605320768762,0,330.8289676153636,0
41.87701516747434,90.44041270221533,17.283992498118316,0.18693991804754345,0,333.9274827310526,2
24.614387825385176,3.660482076434963,41.48382759813292,0.14830626627651558,0,329.33247851693346,0
25.105922179829225,3.644794592659566,31.551196271618945,5.985981642679309,1,385.2055260433402,3
25.628534843602367,6.060800071805947,58.99561376738308,0.049087304929113576,0,245.70184146291467,0
26.090817547666255,3.2335821493270327,57.23911966758987,0.07137912071099772,0,318.1271545546481,0
27.325296117372385,5.180338690663888,36.56790609416099,5.089779442069526,0,240.90022390510876,3
24.654897484970263,6.456789451090507,37.151987498773806,0.16875272455823545,0,243.11776978653614,0
40.723352746072294,117.0458190814177,18.51572553134015,0.14554535175168748,0,223.8522764021776,2
22.79066490454497,3.8568393939599197,51.6786239360676,0.08025739481979544,0,366.2502327472819,0
23.055329992367625,3.0574294285625934,73.59614259100104,0.2134495805829727,0,309.42267982146416,0
23.527254495288,4.56742424287692,54.117251072412415,0.04928924956015859,1,240.70925444925274,0
24.350516129836052,5.6611529286613465,55.10252222405018,0.11310082871792379,1,346.6711477237932,0
25.537410905893747,4.485067637018796,49.93461456331138,0.06129542591901137,0,338.1951454287822,0
24.219211065765716,4.533772608282888,39.585470482251814,0.15016829463645728,1,327.4231636770285,0
24.26449599297056,5.766177597621218,42.474778854181544,0.10768747644042391,0,285.97141467007236,0
23.76794491256409,4.653895728219985,58.49644782706652,0.004357432332608532,0,388.8647384015227,0
22.668458765666067,6.8568436628491725,49.824640913165474,0.06393486247712715,1,322.5027335592573,0
23.820842008127745,5.486842068967491,66.77239592974456,0.1497763345837057,0,295.927200611106,0
25.994466302715722,5.495137870045973,43.78526595285522,0.2056259645481401,1,332.09395307388843,0
24.233810157680413,4.076927603684423,47.305062442960136,0.09618609241302087,0,216.9209505411004,0
24.931785598020912,5.28361720550501,76.01770471320802,0.20843805839607135,0,286.9495637913843,0
25.018852721127548,5.302971873587283,44.108396120110584,0.10963095737934682,1,292.80000111491694,0
25.151645861960876,3.2309122679641433,54.63096930663775,0.07545867600429755,1,289.2084622281923,0
27.275715551938745,4.646347445118449,52.2732590682319,0.1648648766962773,1,296.0311929989844,0
24.51190525423919,5.502210045707008,48.685081880107745,0.059809827617181566,1,364.16772886441026,0
24.79282421070587,4.140540276551983,56.79373170574121,0.0847666083122172,0,331.02504495495816,0
22.557143003161848,4.710994446456133,38.64937654482712,0.0737821218704614,0,297.60071025747095,0
22.26534707743009,5.3162737802597135,63.66214785205788,0.11404642484739133,0,340.44943046145045,0
23.816968260658864,6.96162947329818,45.45477592981584,0.11000003329158306,1,264.0758007419442,0
60.09295720062556,84.75761540399296,19.49335488590955,0.19446412271251262,0,300.56849543992473,2
62.144435756657124,52.68408143898111,16.07341039868381,0.0737840943015296,0,272.0789915756234,2
28.897926222895236,5.7356551436413685,59.25904176727718,0.15886043937084576,1,391.70672821811957,0
24.56880449732032,5.93567437925074,35.530232844888396,0.05426675884177934,0,284.97153047073755,0
24.106044894387917,5.219308913132054,50.35295390745216,0.06385826024108751,0,191.22256115062152,0
24.356672838901765,4.71414404384257,37.14912030133474,0.08433395635861851,0,293.70903242258333,0
22.85381734327477,4.151095343629535,36.91315869010861,0.09232496522151082,1,256.6776115023801,0
26.586790403551113,4.639233586803658,56.18884817865093,0.15624935531900822,1,296.5074065908178,0
23.40502900531242,5.380520305316303,56.90700889348637,0.10713442061008152,1,380.1850927733465,0
25.682453265384968,5.322526263255967,37.92620597892295,0.1534458009212656,0,306.6782707767989,0
26.351328906513952,4.203218767330824,45.41601636787206,0.11746817767411899,1,317.1049740778691,0
22.38440018649385,6.416126282081506,50.72138053851667,0.215736615227046,0,296.08345755349217,0
23.969061453832282,4.519837716806956,50.30140661315178,0.10559909663106289,1,67.69191169236663,1
20.967637740798896,5.462787386528308,62.55651918520435,0.12737188857077753,0,233.3596010588251,0
26.468851705619333,6.422422955285821,50.53384272479022,0.13140514849168525,0,287.9040170631418,0
23.37724299820888,5.757529139208614,59.86233395275601,0.1028257777241845,0,272.11107600769617,0
52.74449953954951,57.805583434135315,18.817019479815762,0.18592198078013572,0,236.08509930756662,2
24.063654968798314,6.024639824830715,58.82074815289481,0.08882444704921551,0,329.2476746543222,0
46.63505364987807,5.478847573217735,49.72785867622143,0.02851378784848145,0,228.95530073882784,1
23.95032904179846,4.265840827629055,57.82133014203943,0.0358943094433468,1,245.6038810703172,0
22.238695659779722,5.4120711370660235,55.25169313262168,0.0,1,286.1190650431741,0
25.070544385290606,4.272802551406926,48.498243486050995,0.07552316640047174,1,294.95775908107703,0
23.722029891866644,3.9197329402193075,53.80067440573832,0.12855513142956843,0,309.23794063942205,0
76.03296737368527,84.97090210237974,20.171968976537915,0.00035318421599118965,0,264.6020314684001,2
23.71553504311202,4.965427774514181,44.88740542130473,0.08488252168341247,1,342.0816127882538,0
26.198422342292734,5.180262793901512,46.02008225110778,0.11290459883006682,0,242.32587345556783,0
24.259926774863604,1.6788854444108612,44.09778033694365,0.09590629114045805,0,328.1836827135078,0
24.959945606312953,3.5303739488534864,38.959066888294544,0.016063861882573666,0,290.641722606807,0
27.552527975747108,31.699236944826655,50.18230997137117,0.09902348052664489,0,264.31855533977665,1
22.874114539633663,5.527289918837327,46.260858539447895,0.04030228889773835,0,239.61668235490328,0
23.836838473545562,4.144472312059376,31.87272034926857,0.04837333618952947,0,366.4536048497048,0
28.972821152546505,3.6875763244732616,60.52450631614043,0.11745490012027522,1,274.998066172536,0
23.845315968583332,3.490006829420793,82.87761187388739,0.09294251638285972,0,297.39946095914775,0
23.563153520630312,4.811039496333569,62.69187258851191,0.11308092172731007,0,318.7687312224003,0
27.34223812947514,5.107525000430799,37.212641451807436,0.03870538682800271,1,242.7823395827279,0
25.139072646173922,4.902385121101546,34.84473538614411,0.09761459216620517,0,270.8697739716931,0
23.7458983091053,6.20750319495192,41.861863580710704,0.10902340709156033,0,261.18617580160117,0
30.667784463874884,4.6465509712501305,47.8805107067606,0.1450996726375069,1,261.57866592369976,0
26.183602382290033,6.259283711436169,68.62869121400178,0.10623316967037785,0,323.6070201212783,0
26.81889922637987,5.341234371683427,68.78277351744187,0.08399610383639357,0,324.8610119221684,0
24.919925584957802,6.533012542249183,46.90155098635927,0.13925632927300274,0,295.45900833123073,0
26.981770243208697,2.921030435032483,52.00450039128847,0.1446188567442454,0,236.10250573394012,0
25.580075606107805,5.393990572175008,55.96081494132487,0.05249477154271753,0,270.682959934997,0
23.368846291123642,6.652685464681944,42.450581338202475,0.12536427538003192,0,409.15574282160617,0
26.251864191945806,6.369868223361911,43.58584209976566,0.15553388420270461,1,357.9981233420705,0
25.826963231759123,3.5219309094074593,52.42943912350816,0.0,0,335.6956482829431,0
27.506116420487828,4.909757118559678,61.76010985197706,0.15673843074333826,0,267.96709886986184,0
52.22572088160888,112.09869003507804,25.34723694062095,0.042105878404170564,0,306.29049767426466,2
24.99171483011169,5.184768650249024,47.52083974256991,0.12849381879897614,0,266.19728167255977,0
25.143076324901205,6.078595116111874,52.04900857977125,0.08620089284466252,0,360.80032694557383,0
23.561356626383652,4.869424542704829,54.613307130354215,0.07820713225092966,1,323.21602804133323,0
22.833942190815364,5.555140810625569,42.53296103719104,0.07997563775664314,0,328.2249102023749,0
22.67649739964718,7.333016418252688,62.9592786157375,0.10062878848001572,0,343.3697246498988,0
21.52902492966471,4.787117584089355,48.73751852250412,0.06931843808098578,0,207.2033356405782,0
25.97257460948179,3.8936558429228914,51.01655761566029,0.0727862783537731,0,246.1128032534828,0
24.47288889596693,4.267293210902826,53.05920071047413,0.09083794446323357,1,333.1636690632239,0
30.204959749748625,5.477588819553005,40.82738357822713,0.08164429149638446,0,301.5794503076289,0
26.60847658936535,4.706462065712783,62.778643373901296,0.11956551604097217,0,291.6757207859227,0
23.05762026172402,7.177320381042222,31.750222530388832,0.06306306373475362,0,268.6486074084803,0
20.2424761454826,6.4707624743207175,50.95293119160234,0.17778559889581244,0,348.86316851515613,0
25.359390762212414,29.584473457916975,47.48221326073621,0.08951800032904189,0,330.42458243390394,1
27.19334177499226,6.259316579895051,50.5327871056487,0.05556448246966368,0,345.13719277594,0
27.29392573651034,4.935128558946639,52.07920067383957,0.14929741916573608,0,336.91992245302686,0
26.692497017145,4.1371907363918945,50.79749667488498,0.0959253067020254,0,339.10473055097805,0
27.931671957205925,6.092537833608303,55.22445210926694,0.07757015634454399,0,281.3470327808995,0
44.51203054922793,3.240650511216371,54.84127920039229,0.12543252717737097,1,348.51078711356087,1
21.633235733914347,3.3866317637950605,50.076731933215065,0.033742142240111905,0,405.2543319667251,0
20.839624054716257,5.278978101915649,42.688157590859596,0.024044735437871806,0,397.59645447587116,0
25.15587459311642,6.182900489387524,55.069763458281415,7.600180199907203,1,160.0017848703207,3
23.756675989904966,3.044744840908428,34.45621920876399,0.06661576726533888,0,326.7151024865083,0
23.740811536272403,3.7674109358310846,54.28811180433006,0.027197675332678334,0,271.15053667039166,0
27.440942246373446,5.025665237997579,51.33655501056247,0.15713876333337762,0,282.86894350761435,0
23.482669596914455,5.622379118473119,61.26393449722066,0.09506958004976614,0,340.9884034737744,0
28.420500782234626,4.509599793426838,57.793004727322355,3.7304025413334685,0,310.07919803201816,3
28.488206368931955,4.786229751937651,39.966981690245035,0.08204341859455627,0,234.97748855390432,0
26.705611801113548,5.741394091501988,47.111521612680306,0.1032384394809816,1,274.99236593926355,0
73.51539536093473,90.68753125680095,15.515591892828137,0.14681900673083112,0,290.3696780619597,2
24.858542200957984,5.065484859457212,42.44323161271102,6.30959909949815,0,288.6661111451981,3
26.21796889298487,5.418911611372787,19.66010637854731,0.1149897437081582,0,217.21803199149588,0
21.859635800525286,6.52841984657309,52.748134611974876,0.08132128181735157,0,304.75139426360363,0
28.456658761132665,5.413754202947388,52.424501806358194,0.10341033913014182,0,340.8996049628668,0
25.36018307762217,4.903168099959826,39.329703954059205,0.09397147716153928,0,300.367533745985,0
22.834318942263312,3.0747377874125146,57.27122481485493,0.12895307863473354,0,323.35454719967873,0
24.819550804199682,6.608888093413138,46.83900715948949,0.08742103614865515,0,296.0075423256102,0
23.77678970759083,3.1639947166431686,45.588233092062396,0.043181241664807135,0,311.58240358054616,0
26.87905794432684,3.2765955792861403,55.98250813681366,0.11657999771395307,1,222.44869090083398,0
28.010391997758077,6.575720450373765,50.18790511307941,0.1661463080167766,0,272.4162430976661,0
23.1601843108522,3.259588525943948,35.31737313037953,0.09823520414056598,0,303.6124567118101,0
23.875675316130547,3.577941502832069,52.15031942943456,0.15366832912224862,0,343.47862593267104,0
27.66327085993568,4.3580030055466645,64.24450494907273,0.08852199134981399,0,344.49284758927473,0
25.841533125037174,5.120608547613578,56.62306896647968,0.07269169478909902,0,229.27684943168396,0
22.88683712884553,5.4947854353300984,51.334432790439806,0.083634798436281,0,384.0382856694095,0
24.99550759648576,4.181997815258254,51.23018673526756,0.07247330158996494,0,269.1634945021799,0
25.34512348798177,7.845877450289003,60.99883273553469,0.09529126076353506,1,393.7612694241694,0
25.209028072151643,5.598172150334794,40.24467064385368,0.13839688317582688,0,273.6804567444661,0
24.412091215571568,5.200694125242925,46.41123915131867,0.13493433546766576,0,185.83806826924803,0
24.57313460582415,5.468531256905124,51.522693758075,0.16161021187069557,0,321.8686337089834,0
27.189301631820545,4.916437446807137,59.81215884073383,0.0,0,321.06801271533544,0
22.96941525150037,5.623235896638818,66.37121790001706,0.09135933240532969,0,243.5467789083849,0
27.191278676164828,4.987163841594849,49.317970274764484,0.1022613095323279,1,383.7818146922781,0
24.61201041486675,5.408485338146471,41.38711897614099,0.08217864397374607,0,223.7407281668901,0
24.275658122283094,4.7643465994847976,39.952737723545454,0.11646250310796669,1,283.4250305850243,0
25.16072465192606,5.0405229423170095,57.61174039051639,0.09396784829350827,0,282.50573254384983,0
28.23220348098003,3.981837214540908,26.87812997061703,0.07006300938468427,0,280.6255668365155,0
24.505656775511202,4.668760691121605,52.79240101221,0.01449124493041029,0,351.8585736266002,0
23.692302527041683,7.120840947949119,65.52447547928313,0.01652365253526153,0,327.16284824871366,0
21.384820701637086,4.310344495099056,49.46787563727017,0.11268417771490485,1,234.26255698447886,0
28.4635167663607,3.3122951375741847,54.23645788533188,0.07183511662270586,0,328.7193175566938,0
24.005260933719473,5.7145497614635055,53.09054438104288,0.10669709414760066,0,269.41534391491007,0
25.031588602114745,4.457650026389686,37.74178231318277,0.12174431701817924,0,275.41166936718986,0
55.85135856034333,61.49089503801885,22.84950698221321,0.08120358772643219,0,313.05922706398144,2
26.7276554573771,6.699145581523202,43.01777767661503,0.11714781337276531,1,267.64870998506717,0
29.03555162635013,5.043908301877157,55.772623672009196,0.027454353570299378,0,266.19254739741416,0
90.77306640691066,87.93255878442915,15.83429238335517,0.0047291765992062,0,296.78136919929705,2
27.131927439463652,5.017832254529758,50.375668587072525,0.0398664246114004,0,250.49931430484304,0
26.043349298343493,4.384484150006365,47.105638093519076,0.100409741709837,0,319.2527583968917,0
19.584868612655782,5.262641987871691,35.49983643832467,0.05170145376942318,0,259.3915264136835,0
27.31708690253556,4.558253276503075,71.32185666806379,0.13344701593978842,0,233.53204705329682,0
24.430979391321557,2.47654263748753,46.99064707029867,0.1321358576315742,0,336.03196156786333,0
27.285660679112468,5.113415198198158,50.41819347895339,0.06515669927733735,0,273.87395352951813,0
22.09779202706652,4.593848583426197,40.53017234382652,0.12256737739323165,1,240.94032302852509,0
23.098490022832088,4.913023902373276,28.093970835988628,0.06279800794840742,0,283.61024720612687,0
24.91667995323733,5.015908658399631,51.80496056078081,0.13052199099047468,0,298.22962804773243,0
26.028559065336964,4.481132832046979,58.06360100620826,0.0677742640420225,0,300.94995411299357,0
23.95749038628774,5.618407215744135,42.72546075276882,0.13190920203641066,0,310.63630605958923,0
25.995460219117984,4.470654476330669,63.86276082080823,0.158148791311802,1,243.62045243956183,0
29.897173976348114,3.5963837889281898,59.49263174282309,0.12156419084431493,0,241.29288137594426,0
21.780193597312625,6.265014234071698,43.27818363826512,0.16793538994220794,0,386.7381396561789,0
22.859063513959857,5.326910864239175,48.98592170278136,0.09509995166083302,0,340.4930992435437,0
26.731723116667574,6.068687353658907,53.25684525210826,0.1294081654706011,1,350.8765711965313,0
24.074167241027347,6.075390554416414,61.10499865647384,0.1541268504341455,1,266.9926066331762,0
26.13324989848214,3.7292312111704593,34.465578152505934,0.0939483918848562,0,269.79850572626145,0
25.438408375267176,5.673428812753693,51.6179154060272,0.11733620081209753,1,57.59375499389452,1
23.42489706207356,6.387250255966783,54.22503626492538,0.08791610177433647,0,317.3759017952634,0
22.910666938737513,5.454875800663843,49.89060948039914,0.1219921443236414,0,306.5634435585753,0
26.33071357528991,5.239547720869232,68.9532390895217,0.08866567856494152,0,213.50471512866037,0
23.390496372561724,6.558294956772448,57.903910765354695,0.126025624831414,0,225.83758410510626,0
25.699570535150567,7.220480621521189,48.25138364323318,6.063671584449926,0,335.9888259738849,3
51.43450278039376,72.22643213092721,27.480822633834396,0.09250609832389159,0,355.6146224945864,2
27.075433231342235,4.420064084284509,49.84257851467367,0.14856949447137716,0,322.170284377111,0
24.087663305039882,5.502574774371437,46.71110503329191,0.13596638009147194,0,240.2445719869897,0
26.384469770936516,4.778247981992591,33.52113106143156,0.0727170503394284,1,342.6144844726406,0
24.728797520198235,5.785992812703132,61.72967699164266,0.07381203544866584,0,349.998803446691,0
28.003269237259946,5.207781848726217,47.90819565532966,0.14216533372164777,0,255.03163600813718,0
22.687745265697934,3.8912351045950047,53.673603491474864,0.1801422123588985,1,355.0869824772297,0
22.789235637269876,4.374484343317992,54.539890643795445,0.07845200466499233,0,175.33249757586577,0
27.35617473712435,3.875834015238066,57.00209847518765,0.052492373497406396,1,400.43345041195835,0
59.64472200810566,78.28272198404477,19.620506074601696,0.1029769968115497,0,314.9348331160633,2
25.160639145250425,7.524509276607494,53.70851892710997,0.0,0,272.86005141415177,0
23.801311038867,3.173380506516169,59.173107984708,0.0022573960434427442,0,300.02696813144394,0
25.605924614997463,4.8954486114314735,36.05702249795582,0.12567606846273677,0,396.11122801347267,0
24.064405072047734,6.132702173216112,58.54788001413047,0.07314202687596685,0,313.0433087360988,0
26.599774579411967,5.707678244027242,55.065343913859174,0.06707632023693721,0,308.69617559875763,0
25.40167947738821,4.644585695871452,56.041965491497,0.10309720174890938,0,234.5134012816184,0
25.963015261982612,6.481236591623595,57.588477658387966,0.14164727214125208,1,329.3847450933906,0
88.45968706267017,104.41430390990882,17.83324722457737,0.19913424608045852,0,191.9418948214145,2
24.25845880667898,4.927652524849329,50.5202065043962,0.10635869595971427,0,308.9724195868287,0
84.50376101613202,65.53853790175711,21.547778233835757,0.0794317255988922,0,183.27922053924294,2
26.086679193998094,4.1394761320187605,49.27522280405965,0.0921748084895395,0,272.4131074083854,0
25.238913346811575,6.189194972093947,52.87160877602775,0.08216807529304783,0,378.11325553275344,0
30.890492579870198,5.250514203755597,43.369078261746125,0.12264371633974457,0,286.6893524796754,0
87.64516084257181,54.555247455360735,23.565129252164745,0.18789533449273002,0,340.80405220569696,2
21.105320254676155,4.910664134528954,61.120468421032065,0.07242421349485098,1,302.99281621729375,0
26.792849443814823,5.651345977451648,43.86815666791727,0.0652239642446777,0,257.23265021303666,0
20.957995358247512,5.169944711051483,48.39095061723401,0.04058076646299646,1,350.29294922329285,0
25.375149586381948,4.525700834180426,45.66858100563364,0.0416970940710832,0,420.15909628485883,0
45.63784116526956,5.7692152772290495,48.604048728842486,0.13033975125298175,0,251.2333161154889,1
23.14538549213872,4.329709419550551,40.98845048661045,0.08801233376179296,0,356.3216858373015,0
28.203985309226827,5.978002975998408,62.705292241471426,0.0827682581495922,0,268.1871582506982,0
25.95839440655208,5.66564999058391,44.12567985711006,0.044756520660724566,1,364.7574272097671,0
25.809882707630685,4.161342362479415,43.19091170864305,0.13409966496270728,0,352.0866426327299,0
29.13533621124725,6.7117597179837745,40.973867774757835,0.14624912604329005,0,280.63091274926427,0
26.506426892832312,6.826647079311938,54.174470344108,0.15843613971156184,1,287.7346256906099,0
24.45223177365116,6.721169128759264,59.87075402909285,1.3548164364089654,1,240.17424759245336,3
24.26843850939599,4.928414307106121,41.16077050171654,0.10715424685139972,1,287.3430025269847,0
28.23733609241725,5.911274639834056,48.37648891834883,0.0503955159950189,1,258.19024309202103,0
25.97846802710007,5.471869947876676,46.16582058031068,0.08361832813450197,0,337.82659504933554,0
23.548917682049915,5.800760183371502,40.91384112031903,0.06941131730172401,1,227.52382396472694,0
23.686579200447067,3.6444581388358737,43.52347243621954,0.08349965656875569,0,374.90421808528527,0
23.135006027342083,5.1839464025014195,63.20242967252668,0.10462563021368773,0,281.80420879154894,0
28.080215647488064,5.968498802624876,55.207943056927526,0.07535575438081409,1,59.36753263530426,1
26.592525599053825,5.1663165093751235,59.70885889088158,0.07279703909905845,0,337.02106070238756,0
26.339768980431483,28.838822693382482,48.04275020916117,0.12689879849132446,0,252.35694797068498,1
24.098455253413253,6.178394801576777,50.68132555699349,0.14330105324923015,0,373.7315563757561,0
23.634129787369627,4.63891283661313,46.049330938727906,0.09619061943544913,0,204.06829545696314,0
21.817003691945317,5.104368781869418,44.65963970681168,0.059908320654011415,1,304.72136898573797,0
27.67094779570131,4.224620970327393,43.04190389373834,0.09203357112453246,0,298.4992133976049,0
23.696200812249913,28.99891666754172,65.13794255131043,0.1347916689977825,0,262.0290908543291,1
26.36682934712006,2.726827797453168,51.03829235032698,0.14303427106843153,0,258.35683624227323,0
21.17162665451839,3.572193470915627,54.523944832903695,0.11151361566275347,0,375.6033974570727,0
24.69220445202873,4.460570206221582,51.73067648570554,0.16420401382711436,0,291.4913734299608,0
26.545496675409417,4.781391867515879,54.7158405462902,0.14813090270086074,0,283.9687761846594,0
23.78495818015858,4.2840327768160575,50.850458602001815,0.08802724531172082,0,286.3433928140374,0
26.88330678188101,7.147784827240512,43.028316851837644,0.03251781325687479,0,315.46391925633475,0
24.574560166138163,5.230459880627633,56.72970206031918,0.114728840027016,0,267.65818479161885,0
28.235922285909773,3.802402862220627,34.20747022567503,0.07989557866260746,0,315.9963930922387,0
24.77927048141628,4.804406763150775,64.0904596641209,0.12745633377791826,0,273.50035341482624,0
23.873971610174664,3.7833569044593256,49.83117020084881,0.04707219788278555,0,223.14869994360356,0
29.368461203509803,4.034332086152769,48.381352346422695,0.11291013673505686,1,285.5670919660385,0
24.16336116011708,4.712870143770129,51.36941783468104,0.07176488230010275,0,373.9256939286771,0
22.906761783812996,5.317362633255361,51.55246052058279,0.11755456458383674,0,368.8115985317786,0
23.120265559957037,3.9467266993798313,33.825102207584266,0.12030357909800254,0,253.98206918465374,0
27.114118022713154,3.937759682656716,48.64126951636204,0.11465786126614842,1,367.67257807380594,0
26.411567770408062,4.9927596014058535,51.81677872155595,0.14655631388439197,1,245.5243295863272,0
22.130838278191302,5.106505401419186,44.57303126097386,0.1459630545840646,0,337.29282590492886,0
22.44003745274841,4.778807785380768,40.46575699177497,0.12259530988166685,1,262.07680385345674,0
70.62344188950333,84.57880430329095,22.097752209569563,0.09974795648882356,0,277.8390653786152,2
21.793767488139594,3.7148785014353773,38.32815746152338,0.10463040006132474,0,285.78120704596694,0
26.77689386071711,4.911393893651391,50.031979906152884,0.07375702698377827,1,42.80213025650778,1
26.279919381323065,3.9918225206151834,51.711014019326775,0.0,1,300.0159305732534,0
23.88543738077089,5.270084411347764,60.88092463208589,0.06484217688720931,0,223.33039555406347,0
24.579576116207004,4.485176103639272,42.29783085268676,0.05622189497833686,0,283.8158622979406,0
24.466905391438505,4.34920634493154,42.41836180500072,0.08856078280403093,1,308.3845767429781,0
21.932998778376046,4.406409640609436,62.505572465103995,0.11470124798054575,0,278.2632515937904,0
22.009604825393687,5.008066759411136,49.92291348517756,0.04391768817334027,0,227.43903918700323,0
26.470674906505014,4.672207996072831,49.292799510997874,0.08209010043561119,0,244.86118130898404,0
24.130358774267773,5.533325030614348,46.50029919648711,0.016401376410372398,0,276.36538611382144,0
24.141701012666793,4.361661431140113,34.37676838399973,0.11376392645504088,0,377.9591145241176,0
24.902447470998766,3.7536065014608377,38.58013929307319,0.11740476458936724,0,280.4350055050811,0
30.852314677036585,3.793418471292522,50.86234875297196,0.0657859231787146,0,219.66986323209971,0
26.010778023464272,3.836997142216556,64.06807528732965,0.05885661975010111,0,448.47547538728327,0
26.221360448424925,5.348196853017979,69.05788234362669,4.815546580048446,1,362.6079518483055,3
24.266564662847934,4.6531360120753895,58.58373231972127,0.11825905201513232,1,319.37333963817105,0
29.37005385728886,6.136649706375546,41.60710463291521,0.21693254702772805,0,334.46348345626535,0
37.40507708222293,5.488989530660045,66.75918787609376,0.12803806340027865,0,292.53028931987876,1
25.072132120764646,4.2821236404208705,45.26420680181994,0.09375737907866656,0,310.98790419700714,0
22.13287215406912,6.929269996621283,48.972325385124,0.09270777835139053,1,251.7301894933539,0
28.798767521935893,5.049994427120307,41.47620758141208,0.142484201246419,1,227.4918416481649,0
24.59792245626673,4.764128535466323,60.48794439671241,0.11546952212299103,0,380.6155763951774,0
25.699863989488883,6.283719187733219,41.18326141641816,0.08764241712941041,1,367.9692611615372,0
22.267576818195547,6.509240019827501,53.82117170592518,0.10803427490628266,0,380.73916271236635,0
69.17347825401518,61.953656908109146,18.334801121305407,0.16247007149054252,1,279.99712830587373,2
24.266732242662133,4.364694630378335,51.36746502648463,0.08380095746497114,0,295.1695757571564,0
24.636581215946393,5.489824954846498,50.75788687853868,0.07229320268948386,0,261.8229706462068,0
21.829507978540285,5.356477104669492,56.4760598256707,0.12467686471018835,0,317.38803241134457,0
26.773643424854765,4.930298080882177,51.42225200696383,0.18264978344243252,0,341.43524938035046,0
20.07912835580759,4.859822070174656,61.72274959608068,0.09533696672291178,0,302.76008768975913,0
23.808185118373906,4.669303854557226,29.71726959421209,0.08333870063187988,0,244.245759646235,0
24.632022679794073,5.505538876903208,39.919867768293216,0.06154188406789247,1,244.60373869025688,0
26.508028142788977,5.128972107811897,26.36334459995873,0.14978121711278863,0,303.6036696068227,0
24.751086740571157,5.867156889100186,51.593931977762225,0.10456359490837867,1,41.106297337751485,1
26.00427825860221,5.1590865258438665,48.77485760155194,0.05068069643517058,0,251.92640932447466,0
24.896574418879457,5.687763848561769,59.95302900529223,0.1407365360810841,1,284.71839726071596,0
28.9632028053027,6.744209822592061,56.99080886744178,4.722687234208113,0,279.7742457679152,3
23.46058580152429,4.37002996814431,72.7409356914324,0.1470184844311649,0,234.43230540400572,0
21.276912943676706,4.910254663984886,62.62090496025846,0.09839097174354926,0,312.9977653272116,0
25.292021219551454,4.5718546690071955,35.66959595382146,0.20958191275274937,0,307.82110102103337,0
24.69910450749703,4.893093509909257,58.69825681396013,0.06460945995016593,0,278.3646186031457,0
26.17360370147131,4.730958908111917,61.600825123986134,0.1680880456670112,0,390.8472912602934,0
25.646083247574758,5.157962697752961,44.6785813003818,0.13720788894473201,0,335.3556479481005,0
24.69238244423793,25.236733853002644,39.148263216642555,0.16344038281584786,1,299.7306746692956,1
21.346888481741534,4.244583699750942,41.045416862805986,0.11766115337734276,0,281.5598367405566,0
26.891881921278877,5.19805692588515,29.65644132115637,0.05117872301342008,0,348.766786744438,0
45.122398349259555,5.135359986092217,49.17969363690842,0.13716817807534573,0,425.16189025347444,1
23.074662931181948,4.3663601340894225,27.43274894710581,0.18035095041246407,0,360.4543855736379,0
27.19046311185675,4.871347514994636,46.37727016507386,0.05719515016893993,0,290.63053403217464,0
24.22317751802245,5.2227160626009645,64.29519658525992,0.0848453640154137,1,238.1722199925633,0
25.784875408152455,6.757071341531166,57.745828158224526,0.04378616482379199,0,222.88349012053246,0
71.94046507419625,51.91103498333473,24.54995173797262,0.12408069228440473,0,234.69211497605232,2
26.17831042243773,5.5574560004726745,36.781728882522074,0.09250182994449319,0,249.25417146004582,0
23.801394422752548,5.394644083356666,53.58299814932768,0.05784488476685654,1,50.058368320340406,1
26.79944074605907,4.031225261590992,67.89698989596383,0.03246686194171866,0,377.51394120392825,0
27.378259562906933,6.756101589693534,42.17820546047366,0.07697169851202212,0,390.58506044907483,0
78.00439637224714,50.90877189510551,19.047374051899812,0.0,0,304.5683879553326,2
25.582748912477168,5.327075218053308,51.546485432366254,0.12472612460243863,0,243.47397719835195,0
25.41217396901,5.600065326352361,49.38916471220245,0.10924733846630394,0,189.28659070577243,0
26.635069019690594,5.827657509735198,58.4355029122212,0.11533949812307259,0,193.34403911409447,0
25.079866093112507,4.69052892530056,50.193673274873134,0.12913652791637817,1,306.03852327756806,0
23.721869334335967,5.98201098612159,45.69228391319616,0.03346754584896869,1,261.45004935906354,0
24.841347607247574,4.979420572909135,66.06260380726673,0.04297771066149736,0,267.4023922988307,0
24.799944282117327,6.480183076881865,55.08763331049305,0.018587297614241285,0,211.5244881823764,0
24.08279942762028,4.604169623330073,77.7178960949164,0.013251215152706233,1,308.26923845119313,0
23.586513636715296,6.741383655286706,78.42593728010459,0.08607076381216427,0,317.65196242075007,0
22.654463359749812,6.304774334043409,59.373459780957,0.023515378149917276,0,274.01627608981823,0
19.84341429971894,5.444858220598323,49.61738717535844,0.1673336500700573,0,318.65611985455047,0
44.95564533855213,4.874722362887419,47.47397312378841,0.11913698093542263,0,347.15796005000834,1
27.26737699619702,3.6751669442973656,59.65264384380448,0.13604945767154597,0,321.1975834031604,0
24.822899896913977,6.478711568033473,57.20258658832775,0.16510015468793449,0,240.61965662371253,0
26.641214951817343,4.025832571827777,69.83373599422575,0.11157642401087597,0,239.87157278759156,0
29.23503880346207,3.4033483397492317,57.40300328761527,6.541329070512736,0,331.00024944503764,3
22.457431501771797,6.090472169056994,60.44980495133194,0.05310232955775538,0,379.93237967955554,0
23.657352384686043,4.520358594606372,44.137977813927165,0.1138748986216933,1,313.1909542839671,0
25.482152157606592,4.812925730077279,58.32400538590559,0.08858196036711805,0,311.5770534406903,0
23.36936552666428,5.812923100889945,47.18035511570794,0.10536624415670597,1,326.2396287750661,0
23.24300241806099,3.7185850202219735,49.28293653715031,0.054785240667420514,0,339.53088594199886,0
21.592835679454083,27.051203796664325,61.656166491111605,0.0774700137657984,0,287.8855950910806,1
52.8409964410371,85.66862636744011,20.44853631342502,0.07278558534222572,0,201.29960988671792,2
25.649404767101444,5.006919448488588,46.43073146205148,0.04310671626731079,0,292.59107332508853,0
23.22666993063125,4.18440822878085,46.50137336923562,0.13247906658230868,0,282.8641111560928,0
26.582971854570456,6.511353147977536,34.9209763663898,0.07896274255509665,0,212.89730291140847,0
27.15020690761788,4.6586954853399405,47.462902649336016,0.09203991442066803,0,350.64714423348903,0
27.167641283662515,4.972103106329991,38.535459838971214,0.23999120731689158,1,270.6514506989768,0
25.663927857133107,5.510098731207273,44.27413951873473,0.1083169432975328,0,361.8102489129798,0
23.13680371294239,7.018724912972237,42.99867047050091,0.11611204404412043,1,335.0941126029647,0
27.677039017162546,4.103666667028004,45.14409887954991,0.1868952380917625,0,251.24505721065302,0
27.94020556343739,3.477049550614776,65.73542920049718,0.08497421597514342,0,311.9283063071038,0
29.333918534493932,4.10205801435977,49.803192456717305,0.08134706661680423,0,245.74292284188337,0
27.38177707289754,3.6033750341630495,63.406662306033915,0.10716948731802294,0,303.3047123149488,0
28.35611120090519,7.39844928558807,55.3108513097595,0.05036704922742094,1,272.5597488611416,0
24.070626154951718,5.288090521987325,69.20871149939786,0.10239913602233061,0,350.99643027138774,0
26.069407899272395,6.029566923822751,46.28935971099148,0.07458674269583399,0,262.61074478170093,0
22.32725739344626,3.49133623017776,55.536555308075165,0.15518644769757958,0,277.4312384459328,0
25.307056914500702,5.451322824743412,38.63306881079185,0.16177418847515346,0,331.8559520205614,0
26.888432752570395,6.1421830785395795,71.673603787432,0.15503309237749996,1,305.5418189346111,0
22.14707217715251,5.358334071196921,28.713508754814804,0.0074206582854706715,0,340.9274358219999,0
24.325678897143828,4.868295154065388,51.05433906136862,0.12926254127711337,1,343.60450977668916,0
24.66751585535834,7.679628693900003,43.95486139440205,0.18722477746799443,0,296.93169799500436,0
23.61211602237442,4.5528497216938675,47.47862347350589,0.22364999633840432,0,317.48739076239906,0
20.0586734342412,6.053121452523802,45.055020261850224,0.03341262578009119,1,347.0533275725965,0
23.024594624688827,0.9808788432361251,40.545312918237684,0.08139327293293258,0,330.4954561327322,0
24.711024317111143,5.033567648069006,60.893798361546075,0.09430616961321296,0,300.75169627708954,0
22.524714547743944,5.655567398421836,53.91476720771154,0.047504469399059716,1,254.68909369036527,0
27.613108135469002,3.3015494315997493,57.84284753263752,0.03673939820009017,0,394.28942582427635,0
24.708095454732945,4.950934471532655,56.755187365822856,0.09176854512359062,0,254.77997488345653,0
23.368424549662855,5.649604865112886,32.926570463504,0.07078854534039573,0,452.0343477079721,0
27.11025434316236,4.31371721778663,55.08179289052328,0.07080986165400092,0,289.9873086593612,0
71.13082703851522,86.7398768019312,28.49006580751744,0.11226384661088037,0,243.90159400252924,2
24.73612657021249,4.9189381381154265,29.342979021698795,0.09264759676509766,0,313.21809639790916,0
23.96406540156698,3.214258718053737,39.965345742007095,0.025876174231817872,0,339.45086259060815,0
26.758693094054188,7.452861621142402,60.38355184902572,0.1477289790553089,1,318.3848626612439,0
31.1931777922851,5.028565762777586,51.41989450575593,0.1628439015837461,0,303.5429452410158,0
25.19800325517864,4.907883162076351,51.33742941286992,0.1611552646988175,0,304.3527318403794,0
23.88706844430005,5.5172102161589605,54.43892839042886,4.565083900449982,0,398.9692235707151,3
22.917589725745422,6.9156420206593925,50.455606977198514,0.14722791412465938,0,305.7576157220238,0
22.37652661550975,4.413714950447848,56.25476000304051,0.019759784455096865,0,308.47015374560345,0
27.239400801147248,5.202381227089309,52.91219121762216,0.13862709095256598,0,191.86604947427352,0
26.84210625609585,26.198977106223087,52.55944377078347,0.013488893692725726,0,261.161304540647,1
24.769669187626736,0.9353968562656103,38.86110347035452,0.011073236540272355,0,357.33361340642415,0
23.93982082799026,5.096897876034315,40.91846051392329,0.07888996575976279,0,304.65106441107156,0
26.835198540519258,5.87641536646464,55.3411446829727,0.11564589944505858,1,311.921992219417,0
26.225252754674226,4.917113016125135,46.79253628521154,0.10834080297591388,0,330.4857364326755,0
25.561000045839666,6.20978818784381,31.89583216642255,5.202923762828477,1,263.7548536870014,3
22.105564441484084,4.690756092367271,47.58685096255272,0.05854282572782975,0,301.0832705851782,0
29.394967442109163,6.2019666345182936,50.672599595248975,0.07841257373045642,1,266.90324100412863,0
25.798009518487703,6.70754888932176,59.167064725890185,0.12737632652178102,0,336.2795087741161,0
27.025127413392056,5.5903198457071825,37.422960088871406,0.15931716178413552,0,307.8549325321915,0
25.137361419301076,4.456089946486743,58.258526698277095,0.006856820677438202,0,273.2613871971098,0
21.064339753814842,3.886733731207591,61.41199414908402,0.12429591697295582,0,332.3022671714366,0
22.783650607030506,5.682489209260637,52.89784478658222,0.21665177810557337,0,320.1970208034152,0
22.051298287950612,4.635679837151038,50.28076534494549,0.01574705512912239,1,328.2623561987365,0
28.028495199961775,2.641535857792535,62.78873764700375,0.10276984558916671,0,321.75241858202224,0
26.11886569081615,3.6439877284005746,47.599126800328,0.10055662963586721,1,350.1656656407451,0
27.53104584283708,4.80799872973858,43.99795775414372,0.06095975242105033,0,275.5863137651656,0
27.746084658769604,3.913708343002072,49.0549345773092,0.11608817797319507,0,306.5875054873646,0
47.55833150082951,4.98507462755704,44.18556913657243,0.0018320678367239746,1,271.2345695799103,1
27.04298997281488,5.506687379519185,42.70984277518947,0.07307486738886684,1,381.5720200899132,0
23.956088869048205,4.2528972463329335,34.9250108339825,0.14959268502539289,0,219.80191242866954,0
24.4072562124935,5.567593364608962,46.35759517948722,0.18799064615868388,0,305.81008595479045,0
68.22895366116782,84.62226542099025,16.646618817974506,0.09219030499514022,1,317.91933065640876,2
22.510554406162466,4.893791308281001,52.20606922958882,0.09156544825089367,1,369.00616447927,0
26.118710819430873,5.8269460609428,62.26104585334068,0.12629720903124,0,346.4194339568086,0
26.567239661081658,4.154833002159961,31.369531431775247,0.08794237538691735,1,318.6397079264603,0
25.33536266689848,5.454331433152229,39.81157530625348,0.11800082326191128,0,288.5924325355883,0
27.269372039855124,5.608736896091872,54.157255099797865,0.0933594695598762,1,247.42262208299195,0
23.044491197915903,4.948418742784422,42.28109624814046,0.05574856838686007,0,305.25379856041474,0
84.91621630135357,77.4568794108654,24.882488513864445,0.15027251675390393,0,328.3665238493315,2
20.923106950235656,3.9436918695242467,51.638714017364556,0.11648167664038958,1,323.3601846413881,0
27.538901446847184,4.650129596677062,43.5544706810901,0.11368959626431002,0,273.17231229314865,0
23.005879345273474,3.9427485379798966,45.88826604446684,0.09866268494135375,0,342.37078565750494,0
24.123696988758425,5.577832288639925,60.83441303347885,0.10948236985059942,0,198.22602857244112,0
26.868623475341543,4.567598812722038,62.72910217247424,0.09684512235228268,0,314.56668216593994,0
30.234546677943918,3.5085732623439743,51.21291830900082,0.07772645566165638,0,311.7318997970667,0
26.644221694565626,5.1404669757348564,38.754783203861045,0.10405622917092515,0,300.71602011024294,0
23.989781169176982,4.9372305755065895,41.47913115879706,0.10775735093412352,0,315.28251264884454,0
26.394365241585707,3.8928167301182395,52.606561547052024,0.16587704095087,0,279.7734129874204,0
26.940135577365048,7.114600177908336,59.961226602523155,0.13586617469633944,0,208.9071549114817,0
24.295900687935415,4.003810754404003,53.496497571474734,0.11005167518582853,0,261.21503252248823,0
78.48607756680927,80.71686589716099,21.33147678220312,0.13294245705636215,0,331.36460065625465,2
23.806025937908938,31.912704102475338,57.59442173822583,0.0888030287843363,1,295.99585008754536,1
27.015526151303128,4.3750900375769195,47.822324754560384,0.14147746101125774,1,346.3354236504857,0
26.534125378979404,5.537983672150941,57.17846228996267,0.1675496952863758,1,57.29832112840642,1
23.47639150252974,22.424425318752597,53.769837009265956,0.009779613875146198,0,307.4443301976885,1
25.90654808426635,4.501808079298561,76.90315007288694,0.0715319403954566,0,255.99550063394267,0
21.56571979386492,5.587803854009472,56.70598939334798,0.1276059342622498,0,234.1751930348155,0
28.562799433201715,5.566607832835089,56.37898316259925,0.1435030108453742,0,305.24325165393066,0
25.997060384311343,5.999677096907039,53.90125538267597,0.15994987408277467,0,343.72481641991146,0
22.988888057632504,4.632977581368373,19.174378248567624,0.12007148296837311,1,55.050626662835505,1
26.955870416574193,4.510405117551227,65.29668274287631,0.14468240480612193,0,405.29281721816636,0
26.52831659986379,5.790349008692289,51.695976763949346,0.07376656097173179,0,338.0596186350754,0
23.87581237970363,6.65941949885821,60.790113624135365,0.061364566993450956,1,302.5456847767736,0
25.34080198812402,3.1141353821357907,46.27437719429085,0.06593241967823951,0,267.04701547427294,0
23.924979458309913,24.560812261431902,40.97750124535732,0.16639855846539547,0,285.2938409811915,1
25.158405857379286,4.048891953257535,51.045422455492165,0.09276571196288284,0,270.57025077188626,0
28.23565344713596,4.193021733360063,47.61980919551109,0.18823698762208982,0,445.1470814252672,0
26.440448033810817,5.5209768734917715,43.92676954529085,0.12138383855049649,0,311.72912335376736,0
23.988308661494088,4.03158728629,46.88630758729006,0.11576657353222125,0,350.0691572830324,0
25.07783165603466,4.51053300465801,51.67002921695738,0.13666740035890906,1,310.1365844119845,0
22.841951081464202,5.122326686164856,64.27862382085296,0.10844957157071655,0,258.31245290811404,0
26.817526956248717,5.7956870201223865,56.99450090606542,0.15793774172549352,0,369.2315229088272,0
24.039596549309927,3.0713862696132397,53.65571554638138,0.10163738237647002,0,222.6192243320223,0
25.723815672721976,3.777637192995746,31.5624704120737,0.05904736784405971,0,340.9432032792553,0
26.57965214083537,6.415008064285861,43.761241281417654,0.14166515266701488,0,288.1674047318344,0
25.88460431227068,3.210954845753678,42.51990513399465,0.010753073356394777,0,303.76775999278317,0
27.315693702919148,3.693014540864073,42.87400918088207,0.12204608547079436,0,172.0561884906332,0
24.413137195373373,4.600575219013983,34.86720530842228,0.03477255502079453,0,268.34822997191594,0
27.113323898522054,7.3618907031702125,50.36182729443092,0.13841242885762717,0,252.95889629039849,0
74.16588484501766,87.75562418724775,26.06292290986775,0.08416982785484631,0,347.7048830187988,2
24.180614247413303,6.555614961462726,42.921437525950715,0.10382899656017337,0,323.06141307493994,0
23.96913027063723,6.756377987627992,65.4639868718983,0.10164179045506534,0,376.7815489405516,0
24.97819773799257,6.785586702476072,58.47336325354243,0.11155535842567296,0,282.3104634428843,0
25.17067955158979,6.40943442405091,50.19218852217271,0.015249110351234621,0,318.3659693924598,0
26.84991578901152,4.085952679159482,38.57759748015557,0.11908185338510174,1,345.3766150396348,0
27.18048856731613,4.330903239862287,58.03986495890503,0.19842256446801454,0,265.56750456816167,0
26.933080829998826,6.423590951020278,52.560247449018746,0.08244758712638893,0,251.9118789613399,0
25.86908019450858,4.314445428516494,35.11077743929423,0.05356318422336077,1,262.45498170220907,0
26.863460101941698,6.967174962803145,50.248205546248,5.943628113521001,0,241.16509071145467,3
23.754538837992506,3.948670981976721,57.99664515347575,0.07065386972774526,1,49.77219369554915,1
26.61925655612432,4.0565384213056515,42.19595722289489,0.13567987442786555,0,360.46845891673814,0
23.667473227278418,4.546646549899412,73.12044056359531,0.06481817779453852,0,337.110498121325,0
24.11302712196349,6.367660513651162,49.60095688410948,0.10798388809154104,0,351.07290520076884,0
26.644684597375104,5.698399121329401,61.169794276401284,0.09537003023658036,0,206.55129620865617,0
21.763761659212925,4.820531642324029,39.96413531838559,0.07755714201626457,0,181.12150850364486,0
26.40044382256458,7.220321858004882,56.06237193496288,0.08985380217328862,0,297.2626802161892,0
25.75576456456246,4.802709910879931,24.75778319678879,0.07523483786982924,0,335.9165771597123,0
24.797604745364936,6.900831815065745,53.408645992482214,0.0820047231408376,0,287.61464007827516,0
20.958812999335322,5.1421931351413095,53.00380936957885,0.09760850769010432,0,253.8511550812953,0
25.1878129633209,5.300175049284521,30.20670305003598,0.09313941484778998,0,328.1704975411066,0
22.920950648558048,4.671824873158847,55.82686961681618,0.03338525632392057,0,415.38441138677257,0
23.512600166189632,4.681857367338573,49.483020606247685,0.06563227828208532,0,354.91179017617134,0
21.81502558871016,3.8719715929685163,49.664150248200045,0.0942639244103042,1,258.9580520574854,0
25.88151350887753,5.906343235397152,52.10635445215058,0.05993898200935584,1,322.8101659575872,0
24.145454836468925,3.153578340947499,61.84069058443874,0.10441572747326208,1,305.55337365978164,0
21.528532126104746,7.441788585329771,45.318754662038096,0.13731866209126864,0,298.2341570202552,0
25.754728732270493,4.797320324928825,51.83594724307306,0.06453641414280754,0,397.1792043688782,0
54.88305166940303,5.287919621246,47.32808434344712,0.08564588984424955,0,247.90565337613157,1
26.052923626823734,5.7456735234735845,50.70846396052284,0.23477443547345425,0,252.51806274546215,0
27.30633939690969,4.6933117844795,52.296430555677965,0.034086185398502916,0,411.5409135905576,0
25.272391725610998,30.72015450989613,26.4651680636891,0.1150273724200499,0,188.1786898247418,1
25.03623695525174,6.782024112701473,46.31116897062976,0.09852462006904644,1,373.1717827130497,0
20.49772955197981,6.176017691784062,47.611981126494236,0.056067365968544246,0,292.43504801151465,0
25.51337046178296,4.010845482007014,45.86189881378103,0.10563183409128202,0,302.3340867080981,0
26.93635230575085,31.454567007961657,52.37209201275659,0.07873192648672375,0,335.92451486585645,1
26.33308506396526,5.67376883433626,40.72285707715632,0.10963993962531345,0,300.44367294262065,0
28.514548434144288,4.183957999011349,47.28728680543044,0.05540403669226637,0,357.8666147836775,0
26.528375232271127,6.972524773046905,63.824333409054326,0.03278269975847241,0,268.09634823666073,0
26.38999933777553,5.4441164261684145,44.63545884977065,0.056050399340194484,0,328.7898356445466,0
25.928527486471587,5.567994539524242,61.762257067585296,0.03578140122454007,0,280.48977470198724,0
25.01142822110558,4.299473009388968,48.21393564590109,0.0,0,259.35387588202525,0
24.73763969147032,4.568998894167061,43.24062335196173,0.16612742314158305,0,244.59390179454144,0
21.231567462956054,5.606784646954337,50.860224250408955,0.12737681096409972,1,306.58103444944663,0
19.17639211056547,3.555358746931586,57.74936107108474,0.20095996263556323,0,318.2598954205712,0
26.109057140043618,1.8043759115099633,47.38336415769224,0.06648833188932816,0,405.6196664157213,0
27.643761984319603,4.952941459225613,51.83241910458719,0.010467450352164342,0,254.9260105570784,0
27.599837956123622,5.394921767208026,34.80232117189961,0.07919273917441362,0,322.67800151322945,0
19.09235302919875,4.4768956931155035,41.33429445574504,0.11745061343140398,0,373.3691005267746,0
30.92442772884109,4.669650753448528,50.476994708736285,0.1507523471729238,0,350.47348362460633,0
28.561277198955416,6.829562596321239,44.24662631956921,0.11265918478496495,0,302.8977584320586,0
21.371105265474903,5.740904633051127,59.84734685751205,0.1114879495971377,1,251.9873537790519,0
25.357430248671907,4.826185149530629,59.959549282264064,0.13681137225825635,0,326.2258717297088,0
24.451967372361807,4.442344420901348,48.211253951519446,0.0514666116308613,0,313.01313649554857,0
26.760972920448264,5.333058435067048,46.84721812547856,0.11157593860232308,0,278.5034014537896,0
27.856141623804973,5.6340809367529765,54.073971776443706,0.009231460515162743,0,315.64066583718494,0
22.41708887102607,3.8293374697998113,55.95323287892664,0.029707015706726722,1,252.84268610112488,0
23.838517763433057,5.498314420453238,56.978071357336546,0.1066816596594367,0,242.62547924631124,0
29.961301835024287,4.503036867079499,49.150334031118526,0.03339371173616763,0,391.6901929681891,0
23.624630758473423,3.0251049689306004,44.207220270538066,0.06211474993136968,0,216.49109037918868,0
26.846174584900258,5.450770417186266,45.83684742655972,0.0933342096740947,1,270.2939905727549,0
24.24799368587405,6.370508653108234,42.51729002025935,0.1309463806797619,0,214.62835447755583,0
54.46603037830111,69.56208524783518,25.43330413925491,0.17426082920735586,0,321.6443247320224,2
22.639981825305295,5.341476739047079,44.824665110868054,0.1701290708521534,1,342.2703278391028,0
26.071713884977274,4.137693063836319,44.130417900237155,0.1646908845407363,0,261.2258675657793,0
21.294580930269444,6.759004618012889,43.960774062562834,0.08325746351944106,0,259.46712221506635,0
23.12189371259606,4.922091953668682,59.43701634399841,0.17532643181561336,1,263.7040957003111,0
24.90759705778207,4.57605233792521,34.213798515708945,0.14819352594997032,0,256.4538365064995,0
23.510487686431222,4.947552300350881,55.7997217103361,0.13349340189524111,0,252.8007492326056,0
26.164054707234538,4.642797708739308,56.91184158377242,0.02541303462293175,0,413.1284404167659,0
23.9905690763297,4.566488178796466,55.596615703243685,0.07205918541316025,0,333.44822408590915,0
23.05294838270509,4.82484354564044,40.65276819191499,0.1354802444081394,0,368.6374833124437,0
22.462497984797434,4.332058329540495,44.38339443074574,0.09921560166215311,0,286.4445153676603,0
27.80580956792438,4.6556366693231395,57.164531930526365,0.12137496604460088,0,296.08066501353034,0
25.461083173701457,2.838944002650729,45.788972278381685,0.15024108458789565,0,278.8281708410361,0
23.242370841923762,4.9212281705831,50.08114698472211,0.10390975658467128,0,356.94553057400236,0
20.548129164083846,4.2124485593712935,45.30042126826849,0.08820099505665269,0,275.5027989513019,0
23.94041235938261,4.890912102883326,59.67812210804536,0.05388379718661318,0,260.5845367612518,0
23.259673684440195,2.320015514035531,47.06433163409114,0.14505558905310859,0,269.41160689036406,0
22.837721334653423,5.53877712691895,30.39149202167107,0.11804804438625258,0,334.6848977506572,0
26.448856352470823,6.35929142433651,39.800312812323114,0.10802810591487097,0,328.1908279693252,0
23.630567691303863,5.311442084629,50.485391398226355,0.15420582729524535,0,292.375016084504,0
23.86665881407712,5.763945363715466,49.55080461845567,0.03404024736161003,0,203.42738554518894,0
22.469962143373074,4.858523796534403,50.49643763567519,0.08911740546074666,1,290.9169536407098,0
71.39600164422339,93.51123795809805,13.982929650144353,0.12884602053421465,0,282.5786024854203,2
27.888286641425733,4.438115348737515,54.75201627947098,0.09374597340149916,1,272.9992830714969,0
25.2200696478657,6.635047670619459,39.57224943243581,0.11016238656527003,1,331.21345771704125,0
51.07532802795819,5.5318540204738005,49.61285231053489,0.1162862517121815,0,342.74035178256804,1
28.801777579207368,3.4117729012921796,41.3116851211029,0.17459715295808204,0,206.14804226848457,0
26.755225629055982,4.204907185361647,42.46245659432636,0.10274316435780709,0,315.5694968848214,0
25.939192966588802,5.441239822170271,48.22013792048655,0.0022456943040925215,0,254.1192005446834,0
25.948269602366196,5.410916133593034,36.21083451282667,0.002931343550866161,0,306.88792025870185,0
24.117244993410743,5.100762822901599,48.12306068578235,0.03003284761070625,0,309.0738940939528,0
24.498057111940003,3.701356605011117,48.208964463673496,0.1704455378741463,0,258.4014445960734,0
26.189018005262938,4.852011252477147,67.09763251664573,0.15814947978386693,0,292.34597477592985,0
28.435295373361612,5.341179629003356,63.47159293408605,0.13150465790657523,0,346.15167186178644,0
40.62363950712499,3.860713840789732,67.009715194165,0.19022054133492125,1,288.30601983433155,1
22.47509519667068,5.130674899892619,57.169219523855105,0.12599550361682926,1,249.017733212748,0
26.10287307635109,5.725821148038797,53.492927723542074,0.08644424258190453,0,283.8364030142366,0
26.479049601608587,4.960350173970482,42.77198762902027,0.1464081416755058,1,250.37195423035791,0
26.376873039749338,5.33978302213923,65.20664172981186,0.0868512542992148,1,303.42315321858644,0
28.712655426724975,6.464667258881801,59.19429115838452,0.1377551365396698,1,269.8870911358977,0
28.731454711936912,4.677451289773378,58.41081538606416,0.16143640276144602,0,293.22059284855834,0
27.02637960902078,5.891440046734164,54.440659779233606,0.12402501165678294,0,323.0172402412822,0
25.75922011282896,4.163812885461675,48.1859396528281,0.14739103882062335,0,259.088400824883,0
24.77614549918992,4.235453094892488,56.45912015419202,0.15959994577661415,1,366.6834870573977,0
21.831344844303207,6.424283414273857,51.58683323618729,0.08019580169603657,0,398.2972926003275,0
24.30280456693034,2.829839061439845,40.445981348934474,0.0674913863956921,0,233.6898605318155,0
25.134940050514444,5.430013523811355,46.530265468948826,0.05613221324225531,0,273.3919243259275,0
25.075352409417174,3.9332324453153387,52.3618415529789,0.0941085141203373,0,277.5704689274969,0
24.330453350590346,30.647610391349428,38.40464449549511,0.08599878835391153,0,217.6901849810646,1
24.674181687428035,4.133663382812138,52.28940243896277,0.12119661558067742,1,328.5765348450371,0
27.775691940691946,3.88060912025409,45.268168936928866,0.18816494001497847,0,287.1341749705366,0
21.1094966060775,3.523802559294091,27.01064160837282,0.10399380271351127,0,316.4281557593758,0
52.12716639764816,3.7116485807959583,39.2949186536458,0.05324585817862265,0,354.2835954591819,1
23.373115887989087,6.097662811596601,35.3394032960173,0.16217728005489035,1,342.59417046885227,0
22.568124364048195,4.754180873288942,43.16139796653563,0.008724394550764514,0,333.8501198656868,0
27.21768283814341,5.80633201905893,55.9927167087275,0.1340088040031638,0,352.87265697170966,0
25.086250861906098,5.301931685118704,43.509236664333606,0.05344173696115201,0,288.54716389291553,0
25.850746213597976,6.512365797371269,38.41430842453669,0.13967262444172174,0,282.1106545759594,0
23.773492370699856,4.661091454324167,64.50340258759061,0.04389247192567927,0,321.6896702509505,0
21.984407110821618,6.506233235396888,53.39904929665721,0.13827153646175477,0,357.80678743228196,0
25.535392508717322,5.8531102644497395,48.944750612290456,0.08659837063361947,0,319.68831211520205,0
28.464970015391252,4.304622534516237,59.154535210773645,0.18864919260485113,0,334.4603434824538,0
23.910259858352976,5.1381927477913205,52.96133589885605,0.07059234373397157,0,348.0175076178484,0
25.992042127042495,4.7353883977653215,52.84621047537073,0.18690733791630698,0,294.9048814112286,0
23.648862942817566,5.707487207205362,53.74907686300776,0.03596939273194459,0,265.9828690450063,0
24.37744143224093,4.014412179328444,60.665016591810414,0.08741165864648155,1,32.58235887616698,1
27.28002657280157,5.970633672611443,37.267445481931404,0.1068155647781834,0,254.88808986426167,0
23.8941901232584,4.513594480174587,51.96991156116792,0.0751204627677902,0,277.98371576619047,0
23.38347234986615,4.237418570502952,60.43776956401755,0.01739488341535325,0,261.868854178224,0
25.154056041691746,5.697350744638067,56.247953894695016,0.15678206338374034,0,312.31739764742497,0
23.583627677280834,4.717922943123652,38.645676909694316,0.16279685200078486,0,328.7280858768358,0
23.214544057925437,5.436328194903219,46.400668285191365,0.09394170535984976,0,297.4143444345977,0
23.254477858422923,5.1649568754090245,61.32096880834689,0.09159301769754165,1,307.499754495387,0
20.75573317465106,4.183103911821861,62.485911362493525,0.09273273427561306,0,322.3187122379268,0
23.719539009063972,30.2852084233948,54.94497531780321,0.10707394764673368,0,293.71036861708353,1
29.33175948278238,4.838991833805299,67.63485607417745,0.055348474904574056,1,230.50764669713737,0
22.05044291752321,4.83548546820383,41.42827626108294,0.12459072005439814,0,351.25073480574775,0
26.410199473809474,4.207584848300119,41.4911369997221,0.1414646055670941,0,218.40647084335092,0
25.61831543903493,4.315953969620958,50.05085396128234,0.17635661920775653,0,201.0565919929952,0
22.589821667272492,4.497028989093372,37.32211435738346,0.2109080452722113,0,343.2029026807089,0
26.16680983159638,5.67610363829715,61.72894278631478,0.10085344125998631,0,254.44102074282006,0
23.168376391648952,5.261039982586907,53.72969337209574,0.05014544378673273,0,317.9228483113927,0
23.418752017454096,4.717687958075071,40.56294568569924,0.07474913646274119,1,242.71308584739742,0
22.51602928010368,5.436410238687374,60.038018896355325,0.14518663921492053,1,369.8295781261124,0
25.638241683737082,6.187051150666382,62.23579659759274,0.16674733641918216,0,187.15173077616518,0
26.275160275563625,5.149265510393298,65.95228045903448,0.06283203691871925,1,325.77578170075464,0
24.53827177760413,27.63657805781504,52.46183944295967,0.05408419313357994,0,352.632469432388,1
25.523670641143074,5.038485528340927,43.87606215278686,0.10615968306823988,0,359.1447469438963,0
21.91109018183289,5.520176421600271,49.884102156811785,0.12830287294160336,0,275.8258045798092,0
25.155948923637464,5.506379498694662,51.82803964170127,0.061070867712692156,0,274.61536149099544,0
81.62716825917146,97.17205913248998,15.118303403726149,0.05224588559320863,1,283.7243293502532,2
29.411572705354796,4.615033471191551,64.35644720099218,0.14042703791610966,0,252.09495931689025,0
23.703735132224445,3.0883577890809573,47.794374655910104,0.03217274738567305,0,396.647834537633,0
73.70999952523786,73.98371739250315,15.082751182610144,0.07994398469145453,0,403.5566296880384,2
25.63143884459305,6.172697577185067,45.23982252401057,0.052759275487913995,0,308.2512631219356,0
25.220413758468247,3.3764129143651616,47.81341142748235,0.1589012841596144,0,308.10428463233876,0
26.724781151835376,3.38237854137385,54.49712607496508,0.16651717537448596,0,394.39294939793194,0
25.489455836320033,6.635554178348897,36.613172584544955,0.09194073808903415,0,287.23969327801876,0
28.02334682837086,7.208046047543548,51.25408679475844,0.14990420863018278,1,302.1602024342752,0
25.77604361059726,4.208275726110904,63.95541580078051,0.061921423645353614,0,364.9270664884542,0
26.228072527914417,6.828974756254353,72.32346033185738,0.09123783185178443,0,259.56029407917845,0
26.853767501109953,4.912073509082858,64.41954153562435,0.05862513572268248,0,264.9941204092293,0
22.616561732765312,4.791493569046249,44.68224299038363,0.12981498927306062,0,297.4302536403738,0
24.613515115082073,5.286828245001876,50.84948078366629,0.0309003224412623,0,200.81188952734777,0
23.959581973091836,5.096866032475876,68.45399681250379,0.151434935794495,0,253.91410817590423,0
24.996433979495144,22.957842548158197,34.399869047019166,0.15471804286403912,0,180.09184523745512,1
18.499333047608587,7.112089327252908,52.14532918886416,0.05376779907759843,0,258.1143062563971,0
25.628949222241495,4.023306804527208,46.58533127138361,0.11669188095386818,0,325.4912590803659,0
25.20147161624269,7.177554188680773,45.621778771383475,0.05500710141823659,0,262.278119509812,0
25.998806973235396,6.0530192099399445,61.070142239824065,0.04474134594904723,0,293.8350976790501,0
27.341357577413,3.9489580497133066,43.07056769852932,0.12882805602544972,0,359.1379509609761,0
26.606560071943484,4.587309840319122,46.25080327949425,0.06712292080683663,0,235.40783662445943,0
25.55640919204196,5.155579469230639,39.292456236614974,0.14830464276781605,0,253.17316064868447,0
25.220489264238356,3.6180226253273426,61.27809979957249,0.15339788721291467,0,321.2172471930701,0
25.10868058828375,5.762958256713971,34.815780139907105,0.18259571684336892,0,293.55995856053727,0
29.974401534784683,4.779992550894124,57.39401815023204,0.1257266233170904,0,233.35906848303097,0
73.39782310362503,101.37921161969338,15.665707089159822,0.08561485559354418,1,320.7573866464918,2
22.998597126440902,6.043070491970361,71.1268738714391,0.14212962213444078,0,318.7108367401239,0
36.772114705336286,5.359485939773858,54.1537962250599,0.0,1,288.02378415444656,1
24.872851445589465,3.845347815096417,50.23675056330267,0.04620670372555168,0,362.825831800285,0
26.085008459329032,6.2587612397600685,54.82929945177587,0.13160116118085108,0,293.2742436088359,0
87.44353858816208,77.0568938956628,20.15474044133915,0.21296418601366096,1,340.74126898940557,2
21.989856251492395,6.0168308890128515,56.27328120273809,0.12784739411702517,0,259.3488573915589,0
25.63674490011726,32.19742913997882,48.97062741520901,0.04285179730407212,0,389.83767327132455,1
25.333587329061984,6.985226535671357,26.64046381198564,0.059234444260594626,1,240.4092154506846,0
23.32448180027563,4.241482203617203,63.16055960209627,0.07754799036337598,0,345.26615480376427,0
24.753376801867677,4.50983268462344,60.56030371565714,0.07386093917169145,1,364.65487606205465,0
48.33677642227339,5.300659448885967,68.06357159372557,0.09361869106747575,0,290.7877010572976,1
25.36222457777886,30.371247911254326,50.00160507407085,0.013080121073910683,1,282.07769053466626,1
20.111335038915474,6.193773658263583,37.453655150161296,0.04654411696505894,0,278.09907191034563,0
41.533017315328294,4.372963490850156,42.704270667796095,0.07957900749343415,0,266.0980068424713,1
26.229596820720104,3.4062741440448967,45.91000820773402,0.02352861399836552,0,312.1231485861355,0
25.647510134462987,3.5095071342631066,61.58565492822322,0.1412612209590813,0,324.09508160201693,0
26.392952928335962,5.7953302717885515,32.16676514811424,4.003598202562127,0,331.65975893359575,3
26.008309101900554,5.476613507019814,36.165326875440144,0.09390771943444824,0,325.5154003131717,0
25.643031892455113,4.065589148961721,53.96091004859772,0.19893553421190102,0,230.49087573043585,0
25.401648579348947,4.041920620358639,56.71026011388849,0.11650749746959693,1,300.5339431617506,0
25.845223146628253,4.731944231572947,62.19257989096647,0.02255101691653956,1,275.6064412591915,0
25.873535502220996,5.114232644502356,48.33160332306079,0.09518193572058883,0,289.45636234052847,0
24.266076810943662,4.679024830600809,45.64821227301217,0.07826284684038376,1,214.20304637238837,0
27.047404673180196,6.537854951326482,58.549446510561495,0.12672342675342557,1,340.46800360052504,0
25.592024106276288,3.23744781395836,52.801411217288845,0.10561883408139475,1,351.4936670256291,0
24.787735984775367,4.523800839601013,51.660188478745724,0.14982313077064918,0,316.9932316642352,0
25.910627575660673,5.061182207144246,50.16504455311129,0.0,0,254.24581246945667,0
23.61932375331219,3.2038022446654484,55.712830531642965,0.01892736877238893,0,322.6561554355243,0
42.25801606094409,4.426064587317217,43.197041649407055,0.0804935904513275,0,297.44271840891827,1
25.532430520305812,4.498353321203543,47.55784959824331,0.02676466591912166,1,356.64780824030686,0
23.178083649113443,6.316879838468482,50.81752746464489,0.10217434643019012,0,282.08027584859883,0
21.210331264835578,8.140422910102238,48.50414684682624,0.15193639499574563,0,238.09194278322707,0
23.08600302931947,5.192821550361932,28.065248946150056,0.08243052660426042,0,298.10566494890793,0
26.641934278625993,28.858390543227763,47.15860445311033,0.12637840580560167,0,330.20124234747766,1
21.726953647200467,6.368408018558675,60.15594809751104,0.0,1,293.49074057589155,0
25.412270759245207,4.997888320015177,42.519281956783324,0.09628739462534588,0,364.8615176755894,0
23.415464028072574,4.514551866019824,49.94063573531195,0.033097354973254084,1,388.27046067365904,0
28.73606584991822,4.996087490704921,57.004970631581635,0.062269780880336356,0,395.24999202051237,0
23.883526132831697,4.813352062258411,41.54750996342935,0.09518858857584046,1,333.2058426872226,0
25.197052049810775,4.799555017322775,50.17972579368308,0.23490202284087133,1,245.4125285387832,0
55.60041221283939,87.30792416472386,14.476658219489467,0.07876141829415868,1,360.0353875591843,2
26.071280450033218,3.8058413439086833,46.80991969527147,0.028413515173762935,0,441.20835047013645,0
26.619866030233542,3.89633072903281,40.46083858004079,0.16859362932478517,1,367.5544473168501,0
26.826782181604365,5.212299617660476,52.40580757726592,0.08480386761923138,0,254.51739870834808,0
26.826071969292524,5.385410176932048,47.86909598066339,0.04529323003981472,0,292.82883917705357,0
24.93468819251938,5.064294878587582,59.4686146164618,0.06263913457566282,0,257.682650424367,0
24.073907479949895,6.236235123926539,51.11432332724312,0.09099044051680497,0,346.24131061883685,0
27.295041233264485,5.8199736423467865,59.46243671615314,0.06559589367098409,0,290.0698922323258,0
24.13402818237361,3.5481263831268306,51.92869676498132,0.14472957412846152,1,365.5740409480147,0
22.71716841554556,5.50023835069824,37.51697198130682,0.10470882345868213,1,337.01667112782394,0
22.529104335754294,3.8079217354241828,65.93121056510033,0.06159293032534058,0,250.1977529915054,0
27.44438836021359,5.043423408816411,36.64308478306924,0.04342473493239188,0,300.7892386680325,0
21.723408171595214,3.3500846079722466,41.4274809954906,0.07774982587311327,0,309.6904504165559,0
24.987198494793724,4.498762042499922,52.01887194291483,0.1520013359931344,1,319.7063255217074,0
23.772102281199516,4.92920757481528,46.35900089840297,3.144570112335732,0,289.9456032199816,3
24.160251675431283,2.925040319104697,69.12178047662954,0.053129310578184354,1,301.0702022700404,0
79.96828621591274,95.49546780148714,18.158336449804118,0.059644332921896255,1,313.872662882796,2
24.03928065501729,3.4058236747323964,55.23219011176937,0.15411893556617215,0,380.79908399589647,0
26.195827014797878,5.220031004069393,53.25560407109324,0.04316561917769229,0,210.18617166112324,0
24.318791844512468,4.7756931720563545,49.30544862148981,0.10179013000179202,0,306.90737781837873,0
26.520241618110884,2.755139733410746,34.8236259521359,0.03505855909505927,0,259.2897661307312,0
23.85984932163069,6.190699617555005,51.96637741750245,0.11722224721752902,1,359.06108171103006,0
25.66080222201157,4.9625893518261375,39.85801929819952,0.06022436531525671,0,373.6491788814915,0
22.15939643985861,5.917366649477848,34.82926963094367,0.13006183940758367,0,393.0957439075086,0
23.79871332591467,4.113387812474551,50.43855097699742,0.14069464067694984,0,283.9915245889637,0
23.919428944208633,4.06705152982698,43.7224501324251,0.08246633031707018,0,275.618046325071,0
29.317269831670146,3.20773379421614,52.28066867653191,4.6389461422290355,0,297.0696462108764,3
25.90309498247901,5.266521649978201,47.41041165232487,0.021906071413778455,0,319.71869226962235,0
74.58940036656755,105.91995341279579,22.88114359797813,0.16349069669048732,0,308.3558299612488,2
22.983037145427367,3.2769539707087687,53.11261699667505,0.07357745010498047,0,250.98431270247013,0
26.724712328940033,4.615243996789289,49.13542579426996,0.07223158715885601,0,329.5135155537661,0
24.795467299564816,3.710617910896607,57.348113435104175,0.04526539779863144,1,301.0813315296782,0
27.611292736232386,3.528020722970571,45.77743278278598,0.07548217017376585,1,258.01012963256494,0
23.97778957534243,1.364799772459898,70.92098571617909,0.12752784664131162,0,261.6326257030918,0
23.898239913590007,3.9716782179598313,66.71835858744389,0.12349681165396977,0,243.3026832016098,0
25.16077007752731,7.203309815257757,56.32151629690773,0.10629619102427276,1,325.33182274545015,0
21.6215181540346,4.130631749768738,38.359950899966464,0.09394209754046448,0,285.94029939012853,0
24.481831881838737,6.197423199804907,56.952927266643854,0.11316327437876983,0,299.85272943337026,0
23.911837377964837,3.603017405655609,58.04368529937936,0.0952064346868735,0,294.5833058377705,0
23.9302913544266,5.4645021652142125,49.16667799375653,0.18428720959869807,0,361.6364171034142,0
26.270728922342812,6.270433355664773,54.89895106409644,0.08278992011674978,0,324.63047434065265,0
49.39869337109943,7.700866469549595,49.23814330048081,0.1468168690414665,0,276.45050948679983,1
23.201953772550475,3.1233048915390644,55.158553280253294,0.15988709683135854,0,317.59297147232877,0
23.676620258067363,3.8594215105114458,53.081283365365046,0.09614098619431519,0,299.6166098975966,0
25.324997020498177,4.901377895665843,54.381365721414575,0.06047003894343653,0,304.28405558203025,0
26.713330239738813,5.1940210045057995,72.56752472168766,0.1080352275639231,0,360.5387760967398,0
24.889830490765842,6.144666157275672,55.49041811347732,0.06963947785021102,0,328.14054849750437,0
25.735058095122824,3.675138696149761,48.25637163587466,0.06371912717183564,1,324.04413269669135,0
26.39632884350178,4.694837700057017,56.83709150402494,0.12273444759768183,0,334.7408071461547,0
22.7064338027469,3.4690723674873536,42.73110616795288,0.15226037910161255,0,258.55366854903144,0
27.37832002568951,5.963109012043459,60.303287322501546,6.498089855124648,0,309.48888069631926,3
23.179602587544178,4.810018576502922,50.347544782918476,0.105206669401067,1,345.8164476719286,0
24.71137613516647,6.0036368783691145,23.450525593832403,0.11206999831339547,0,308.7682620327667,0
25.480975298935522,5.2832249586107185,40.41071732285384,0.13370720025599947,0,335.81312482342645,0
27.823293007839116,4.1926705970786,77.98565912030904,6.330263989232877,0,263.50016642099615,3
24.095151470381918,26.64143171561292,28.560331683780056,0.10511910991738266,0,300.73336863427994,1
26.157618219569112,2.7958266145874813,33.37800504276493,0.07016208409903546,1,40.21925737336448,1
25.144751031229784,5.794774038460336,19.057107509086105,0.07763878201612381,0,197.26226537835572,0
23.219561315872316,5.463356157018297,51.794933627912464,0.08734963261994452,0,269.6279552358393,0
28.02057330254629,4.7537098573912,45.615911119632926,0.0973758658844643,0,301.8452669276507,0
27.042799537763678,3.8233125784449467,52.83149495518419,0.06481566172540013,0,262.88601572456315,0
25.079728414983173,5.783468106208917,43.86636399376764,0.05963099718579443,1,70.45893295523032,1
43.901564774880804,2.9854624085143047,48.11634153380345,0.09422585518041844,0,281.9647749775213,1
27.305868353949545,4.308665138837224,57.750894117456404,0.17556613996016016,1,330.43281693170667,0
24.311026470091843,3.4235608064789105,33.972491125011075,0.057415358778937574,1,289.97135835541343,0
24.21746457018492,4.111075190940229,44.832908905701146,0.08902367087764301,0,281.0803653653099,0
26.728228784099947,5.334328253533524,41.36473936955328,0.10231917789582717,0,233.567821288637,0
23.86258858680589,5.966278739234672,35.526039079410594,0.07289582224760606,1,292.11387774650495,0
26.6118742489737,4.002748765542907,54.66749234120287,0.19924604970769125,0,250.8943062042816,0
25.342078985274295,34.224529613108544,33.036837648837775,0.11793706940541515,1,385.2664516448805,1
26.758593051358865,5.464556901487151,57.2509972869941,0.11518789745504635,0,210.27782074555495,0
52.14865363096176,5.888157321743441,58.760457766719284,0.022570848318930387,1,339.7510729634586,1
25.510680200181863,4.372122460979475,38.49831159833208,0.0,0,398.65623328932696,0
23.155951349645637,4.28417408612525,51.26770601142113,0.13766655858891058,0,322.4864237753056,0
22.521743952195465,5.957036830136223,48.01762060347437,0.12763223572331542,0,372.7259117800662,0
24.703433724145192,6.01779596903596,49.9207141254663,0.1383525109246355,0,304.6566478696163,0
24.672749102453825,3.7743970490442083,36.64214037615135,0.07228987725237106,1,249.3133423217419,0
27.787849061082145,4.181524913869832,51.69377469942707,0.061210700534370006,0,375.4117465790588,0
24.50478570416431,5.272199259753791,36.59615814903684,0.08927966576256208,0,269.9809304743832,0
24.83571390885427,6.814649167323077,51.008038704597745,0.18273341579333532,0,336.8387704451584,0
26.040803525470714,5.1565737489967365,58.77631471260267,4.5611078751385845,0,341.0741219585818,3
21.021931607657407,5.935973159265617,60.94934055641929,0.19189710149961378,1,321.1071846097631,0
26.564231209952773,4.721008099711343,65.24284860747478,0.05249275465717666,0,297.7686188466779,0
24.66884205486481,4.284455580241472,55.37462086725202,0.02258691658845824,0,338.8043686431282,0
26.23754547916961,5.670405489059451,31.84068003980177,0.11046634257459352,1,270.54104751511767,0
23.240652373170725,5.551283332775587,39.998610787600434,0.1541696071791676,0,366.14866541727713,0
19.835881658473063,5.214578926242149,37.155491377173796,0.11856895488086948,0,229.9665072556726,0
24.029779961391878,5.427768944350611,47.213210971604425,0.022768941569629317,1,52.98814224908147,1
27.372431468804866,4.551063549970918,42.16915275165065,0.1974212667066207,0,291.0116182835877,0
69.5697751204403,107.87431128836252,11.774513729301097,0.0922122345708395,1,323.1403229590927,2
24.170501366582304,7.274988413536464,49.50031209189467,0.09715569252287196,1,319.3928771707798,0
26.641153623337896,6.002809751955141,66.85870152221523,0.08352794476375827,0,231.7983417580343,0
24.255138293925203,5.028818713528359,56.94344894407132,0.02861674947662013,1,300.3462360521857,0
23.153141588557215,2.7183379275794226,38.88149293335971,0.08048479254441504,0,354.8711343711353,0
28.195092339873906,4.335438592535203,55.702823044203356,0.042321450144909525,0,330.30748498792343,0
22.04877450723412,4.648325757156228,69.47304228889675,0.15609752459576126,1,223.12483908826374,0
21.160648999323417,3.702804424566718,41.98239548981102,0.09661979378245777,0,260.8079130457658,0
24.290639280138485,4.866324085345188,49.90917205904314,0.05580050505389993,0,288.98952351829615,0
25.387173990131398,3.5599774421498194,49.47914238353883,0.009964125581424232,0,345.95930768384767,0
22.881318625450348,5.7164302036574,61.55732712120892,0.0,0,292.4318548212129,0
20.93132192845323,3.8038733413197545,83.84538859894649,0.09816384311846123,0,257.5488283958982,0
27.930758854997038,3.2043867793576832,37.70828966481683,0.0,1,390.0522598269667,0
26.232108471074206,5.303442250291008,53.56828498657961,0.10522432708028438,0,305.38017181114753,0
23.78281638886144,4.953375234785331,52.73594573261678,0.10552745597760654,0,226.11139461233415,0
27.284899126003523,4.016856873733149,39.994473652652715,0.039827378768777566,0,257.82016937341433,0
24.554869858457174,4.334859700715588,62.93933523105714,1.9543796362758208,0,392.4469309280929,3
25.42878869476337,4.228642464384108,52.325100336574586,0.027819072136645043,0,338.9162762072754,0
29.285422068928373,6.439597927430135,42.58179358298242,0.09363211659394442,1,254.66036422395334,0
25.52588155752219,4.051121055423824,87.7748997612812,0.10747106853463374,1,269.2656103731289,0
23.453170146769967,5.64837277770979,46.1301516112184,0.14452040025934207,1,298.7353403445497,0
23.429176013354688,3.536563843981855,55.63247000823835,0.1303150091673548,0,364.8319384959658,0
24.61263267991124,7.463013688775024,46.93406925321618,0.1293425769392434,0,353.451114459853,0
23.575925027584535,4.803899717882866,55.977706503364765,0.09963434098659751,0,370.1680578686544,0
25.034367700771057,5.724075050744304,70.10903035413435,4.701821028157202,0,324.5094637069908,3
26.90658250860504,5.521039757567112,53.283623953335294,0.014183644516139321,1,254.87926396279374,0
24.036271369030555,2.570244702317455,52.357870641980334,0.10131706443737176,0,309.42394955447435,0
25.86253688321011,5.770426771906321,41.25319698660724,0.021179509609516006,0,302.52355268417307,0
23.52829284817528,5.8601507958725465,43.4136791904497,0.11081527056241583,0,305.8282828407668,0
23.337904303377805,6.355495532875008,70.43042243470317,0.130381587967407,0,275.89378578392655,0
68.3112780319908,34.126054995448875,23.895147689898568,0.0630642367228807,0,272.9930480268195,2
26.790173672128667,5.371031215986017,38.30654536234196,0.11834928782755134,0,301.1305011907277,0
27.251359864246925,5.243103058328415,43.797357033323216,0.11468736758369995,0,256.78192487871246,0
26.843352638955135,5.702736671609426,52.165605471382925,0.047343455854717956,0,265.83483355763434,0
24.724428277615438,4.164398759312254,61.73900931574208,0.04909811640385925,1,307.9843980605018,0
27.968598181836636,5.304529749330124,44.22845162443839,0.0650032395366754,1,288.4142516544294,0
22.722434126047574,4.346102905768036,37.7577499164442,0.03211506365662241,0,291.43937481089444,0
25.182982852802013,5.5481383805825635,51.12992434317975,0.12035999579032401,1,288.1520430027927,0
26.815223622093537,4.175777560632547,57.93639294330103,0.05637443616971819,0,341.48954070534603,0
23.05654487948973,4.492564887163303,61.19866629935746,0.11781165614338202,1,302.8083628233559,0
27.741925520258587,2.598053056049454,42.21260484630847,0.07452167485650842,0,380.8320589494448,0
19.61878722396405,5.121254750098695,55.28461891823709,0.051246963728979376,1,313.86301471830814,0
25.866092757207895,5.313238249000712,50.65931108578901,0.0,0,330.2023829689278,0
84.84398994385705,68.81548404089578,25.379670613503997,0.13894053842639448,0,228.6980335341471,2
25.291517278655313,5.511555528522004,53.654318428247095,0.09392564472797946,1,256.9998762438849,0
27.367070889537207,4.8901463621949,38.203605656553165,0.03646217725391514,1,369.4400051809788,0
24.28890665761859,6.509546862612631,54.341269815409724,0.09920670407732433,1,255.6099309831173,0
23.950290440131344,3.1822546125014775,55.41532496455446,0.061417270306402746,0,365.31402378641013,0
22.54616864740952,6.712307728366922,48.7144896561487,0.051248930753074295,0,337.8877390104092,0
22.738776152098843,3.710483280699092,52.70332083161333,0.12233559496354579,1,228.16741039103772,0
54.290889398634405,73.16108376337496,21.014466896330628,0.15963031024886581,0,240.18300503948942,2
24.44198395698394,5.332950200490123,44.246091206628535,0.06598327444104672,1,290.882981835819,0
22.047539039381203,5.444874916677123,56.421210038765835,0.0620174119583311,0,284.83265405900727,0
24.70809400434193,4.572896983697873,58.20903305435858,0.10370952853397758,1,229.7240534441118,0
21.40571266474179,6.747059144553514,44.69989241220034,0.07986213550467913,1,68.97868075799124,1
28.13340744288809,5.467302701294882,32.87807639877605,0.06968397073811214,0,387.4883252940415,0
21.882475493723717,3.864683718761227,47.382123263759034,0.19624702565935284,0,284.58716851233066,0
22.46755467132408,4.974756941336516,63.75568391197333,0.07950482386027481,0,303.54324985275684,0
28.86131651811252,5.737934926262155,43.551910636065166,0.10255381522325392,0,257.339094092906,0
25.010286282948936,37.8479203314054,68.78682479838358,0.09980121643567086,0,268.8409842345968,1
43.44676559075859,6.881621289357771,68.3311414839845,0.026045535595123903,1,293.33512165030356,1
26.72233247196436,3.5562299444234577,54.77331456423192,0.15156580309667458,0,395.2339941040819,0
24.98707681184192,6.95532621614979,64.88134627240201,0.07746467204113706,0,199.5392327987219,0
27.75201297272771,3.9976478900694974,71.15613183331254,0.15528303638915852,0,278.0191923491497,0
25.399964399727374,5.95740984523219,37.756002267789704,0.08593531736652153,1,294.0732882985568,0
24.19126934863935,4.824452081369001,48.74962715679601,0.08929119483147156,0,264.50404335239676,0
48.579357514217946,4.507555887587783,54.60045390883556,0.1987852550615037,0,296.2590789824707,1
25.34082853762317,4.963856402779462,34.37765143349736,0.03226291703538618,0,337.5248016262867,0
29.481224240348563,4.187415485744733,41.7252324873817,0.04780395098755083,0,307.6031329576699,0
25.775775434159772,4.416339542694582,62.39733307978622,0.0827623991160655,1,214.15712385723154,0
27.375183636036027,4.850319052084683,40.32343571711479,0.0848369611166647,1,331.41040058981696,0
25.516803431069267,4.997068781493711,54.7712436978791,5.199026928699615,0,269.99902091730195,3
23.899096254621575,6.3821379948466745,61.8806187625106,0.15909141469710197,0,275.2544902254849,0
25.266853829306907,33.4417351851901,47.18536824950654,0.0,0,279.79652748737635,1
26.33021210304296,6.100799805422717,37.40704448119962,0.12005291538468164,0,350.38967855698235,0
24.064906904234405,6.3172459401476875,43.088033732530505,0.17191053881406926,1,284.7131534184618,0
26.09775703104067,4.605909521019423,61.600484289064084,0.12226983860571429,0,227.20072274481683,0
24.185596076510606,5.063237657069123,42.34481503156419,0.14853922771385714,0,274.38755764088927,0
23.984937312948464,5.834100571910068,59.11813593570802,0.06656108806094388,1,325.41382155950487,0
27.68764285909625,5.161678911002991,33.84155870091163,0.1342467469700596,0,270.3700858026286,0
24.214312218465587,6.107272972003804,44.85790555636974,0.14999955025298056,0,267.020424805681,0
25.35454030501689,5.100444496859781,56.11635785498339,6.182748421026529,1,301.43332701843264,3
25.082161728189508,3.2927740054294476,61.322873748389384,0.0,0,279.1604174430829,0
25.7020023084497,6.211530212303206,40.59151127793947,0.05481828182038234,0,313.72569937466415,0
24.634153403174817,3.7563268858111583,56.3695253999487,0.12322438027886169,1,282.0122491697184,0
23.987228771006997,3.446442777052158,54.866766860692195,0.13004344568617537,1,343.9653646354488,0
25.07861839748693,4.0876744859336425,45.37500846800031,0.1171426732890824,1,390.92321891907966,0
26.94921822284434,3.6990665692359412,51.097534012755695,0.07697032648366385,0,237.93503636295216,0
23.855049952376817,6.256221344441359,51.418780426284954,0.042557994019206825,0,259.05237775131394,0
24.705910879120214,5.469307792419895,42.71727673981158,0.11953606879615505,1,300.8927650741087,0
29.950627601872206,5.824152363455639,47.565189303671,0.05921469759503279,0,251.25578476804793,0
26.066207220069497,6.445718112142327,36.754269254631176,0.1256573601949745,0,266.38905637237974,0
27.5113550514822,4.436933800204898,61.22141733919524,0.12373019615173805,1,302.58589424065934,0
24.075609633474087,3.2786460328059555,30.2818483226806,0.1588391691087161,0,302.24115659661425,0
44.36429792606944,4.091535662477223,36.83430207112785,0.1336982575855025,1,224.10254425266484,1
27.289308438496423,4.7103255449051025,62.299774604644526,0.04652780068022216,1,240.51046769921174,0
25.758247266138476,4.467298912445022,50.20029748824348,0.13700391828526434,0,257.080594289673,0
24.447789104128486,6.364764754855596,46.05608373061867,0.003181536253445874,0,212.8334298966716,0
27.182055818382953,5.2501477160353565,59.2398267912015,0.07247558698661853,0,246.43888567522242,0
22.914061933312468,6.3193687758229595,35.06757013249492,0.1034901397918364,0,297.7648592129107,0
26.33815050899273,4.579066435416234,49.29526426122544,0.07442812356087303,0,358.25497065325953,0
24.42813371053305,6.406260179174236,57.31004245066856,0.12382896982736326,1,33.005704803924814,1
21.38547538086853,5.144116362779682,57.897321246320075,0.06643097781775238,0,383.50469502915445,0
26.45421474703109,6.507567453806985,73.61301022787858,0.10127839093972957,0,283.8627723638329,0
26.413792581837026,6.267273646318381,46.13762911288632,0.1559456135853587,1,411.06016971359804,0
27.447221475973524,7.950764746605784,41.683077106800326,0.0,1,376.68114228664615,0
28.06009488312326,5.846853743179901,44.83973468278272,0.06940855916300487,0,259.3809322654981,0
22.790738015163022,5.667508922481739,43.756780234017015,0.113487446874596,0,341.1773059920987,0
36.74036641793205,97.024667410417,25.48650644476295,0.1717532706001056,0,373.04093591445564,2
19.656571513232738,4.660786880930044,41.02904699518322,0.08291098125392578,1,273.0035216555367,0
22.75634239917483,4.946766332436568,41.015095132271554,0.08646067515104686,0,295.6702811680903,0
23.744046534206763,5.3626279925145255,62.93426818020839,0.03655034704462133,0,322.535781001622,0
24.894891676159613,6.153327763396889,45.09809093771312,0.14540451491310696,0,339.24046547286963,0
26.385715749193945,6.564290263527013,56.70718322435774,0.09502637986102358,0,324.11542121278893,0
21.87029115008908,5.765643106482695,45.21307811060809,0.0,0,164.69215001141984,0
47.54750691412203,5.920573705483319,63.43228901296482,0.07362777721860346,0,271.7500488378416,1
22.91906538422087,3.542726341800547,67.25998002094337,2.204790776137541,1,286.78953575028174,3
24.942730950008336,4.511632913144191,53.58920508872643,0.13316092103702173,0,327.61309129065154,0
24.986642853894654,5.735566898302572,54.87086559115594,0.02459153953139112,0,282.2661278213563,0
22.26707345792707,4.455734501903349,52.07882428633328,0.13666242362815018,0,365.0154772894348,0
27.801554552391302,5.4559683998805895,41.96469038572908,0.23766147554016037,0,198.35132258814005,0
27.77973640935599,4.50830839124029,63.9556386970527,0.0671904631681923,0,315.1112022378922,0
27.86006077784274,5.2010476642816945,62.91052232702434,0.19508828543507722,0,239.49835162594667,0
22.188842178985595,6.138935820977949,40.027084889020905,0.13079775445220276,1,56.68248123941353,1
27.18833367123026,6.82003481276744,49.78637627558523,0.0739455518934542,0,330.6768064592594,0
24.481063800024195,3.501175221093211,46.780230099258205,0.14004767846505775,0,302.43583396969035,0
64.59149902315218,55.76446161590039,22.663155671885317,0.20044547095480642,0,294.7589817029769,2
24.9881955153589,5.068283275938638,49.728647673808574,5.693378493939573,0,379.41689786136754,3
27.093758064646575,5.011208153195899,27.167195424727698,0.11236449997871262,0,338.07153120304463,0
24.27041883677299,4.328489155258302,49.5087727737741,0.11875680360877817,0,351.35022058938284,0
24.992502932396295,34.37435437654609,58.57322191906177,0.08228951191672756,1,295.8409669947796,1
25.93755041222702,23.992323026303566,52.78868419558078,0.1177464961696325,0,295.90384625767217,1
22.326555831706756,5.447386296473428,45.93643148629577,6.386146911449342,0,282.0153667149588,3
28.005395732688395,3.7181478426204277,64.79461433469766,0.1337232712245549,1,255.34606996975089,0
24.91708407534043,3.8623997950357647,43.17459953846454,0.07416162162268553,0,226.00723284903881,0
25.397287102774804,7.208250428996841,42.867679893754456,0.06564774670223458,0,289.9753117321762,0
21.79962142647568,5.706520773420627,48.28828804758465,0.10853527413772535,0,287.55144207744195,0
23.0374024734895,4.457680914315133,25.345060066869863,0.013304380151151277,0,316.836149079825,0
21.00590512676405,5.097826491852268,51.74367587768303,0.1630749495401192,0,227.37372768438598,0
23.385645097574994,5.886027387011386,52.942050199296084,0.05354675295531869,1,214.68002947642756,0
24.438261508404683,6.498958462667532,59.32838892362237,0.10361801949541923,0,278.9877037064382,0
21.806680396952377,4.075210649394532,50.37415310713464,0.07564997220546144,0,315.1943879642913,0
24.703621419192714,6.391991576181331,45.536015011844846,0.1482786779396592,1,318.24143944710823,0
26.077481851351898,5.641810756000231,50.032443440782,0.0,1,54.170804980086444,1
20.91292329220753,4.469419644352791,49.456591589633504,0.05859299311935517,1,265.4219298653113,0
27.83780813895037,5.532028836117354,51.245907579420674,0.11975721665784532,1,252.0775309372596,0
23.84988360762526,4.2687390266729555,25.786202481227214,0.10708558951587543,0,346.7358872914246,0
25.08171344262764,6.699819637952364,52.685323189287196,0.040947186218511705,1,314.4652317936881,0
27.283661855472467,4.260863440769296,47.800299133269704,0.1817302755880601,0,290.15944384511863,0
25.94361819850747,6.097177550382296,52.45214704704373,1.814932192402658,0,263.1967390729675,3
25.613239573963845,5.148463681546889,55.177578157088405,0.06635063904173717,0,300.3133119957537,0
49.54207119543081,4.32184095695298,56.77183143116426,0.1266910035125951,0,365.0331683382802,1
26.42154805035039,4.818054561657581,55.970560997385405,0.14468808986939155,0,381.00793424783535,0
25.624969996394608,3.2212182700848166,46.74102382114126,0.20874188535315907,1,405.04935949065555,0
21.481425959918845,5.419341872461625,42.01479607815972,0.00463890001555986,0,289.91128118504207,0
29.763964738817165,5.227467267880698,56.54663962731513,0.01965710268185787,1,304.9040225139897,0
27.05769830721919,4.568248824968872,36.67755413236554,0.039125033689206695,0,235.40962731664422,0
79.43702947386676,49.531158837287606,20.901606245886494,0.13454435643811924,1,271.752423667239,2
26.337125232674254,3.5518752247231316,47.96116531020145,0.13579585702427827,0,351.25296963126146,0
24.8182646382852,3.8796018880991925,59.52320402330819,0.0,1,221.21378685008926,0
25.06423091086464,6.087606985198954,57.62063873862598,0.19606187085448065,0,290.9215272903444,0
25.07155097059157,5.489134487074537,48.01975101041299,0.11773454930196786,0,292.09877599568597,0
27.031713037985956,3.5329660485612813,50.08537615179169,0.18047708285191846,1,311.28354829815936,0
24.64327120557304,6.157490731202499,46.551539664124434,0.05079842913747769,1,326.06386861081063,0
23.380478916800136,4.194598329934419,50.20271892122288,0.023388910637984428,1,307.8188595996308,0
22.687119452737168,5.730794590313699,54.28107393451635,0.058238081743747526,0,396.1496727414246,0
81.63846323487198,90.94500886134773,18.847735491390928,0.14818689385865536,0,248.08846347540393,2
24.54802530097742,5.923178305622918,58.498886462208915,0.02888699088949155,0,369.8298923111589,0
80.74611086948565,91.41709128230202,26.072737210024798,0.1104963026206499,1,268.37804809619126,2
26.71187291740015,4.466122784326474,44.075411242165764,0.11779756074221633,1,414.48731922366676,0
25.620307652203014,5.13642691806728,38.740491038646056,0.03786899275275424,1,339.8742057566084,0
25.02795724723937,6.249896502545986,40.5541230923168,0.21569436367130154,0,284.3754326080183,0
25.70402318218173,4.786322829411784,41.00552023740325,0.027855571297115328,0,285.2775276487549,0
26.10122992755154,5.3078438329171895,48.234063062026266,0.08150279107181387,0,315.745506591595,0
25.373854105108997,6.281978362376686,49.12191648365146,0.20395783492334021,0,297.57933703939665,0
23.989159929890114,5.30190737153354,46.74336778684,0.0765921162576211,0,204.9849582791316,0
24.785306355098076,6.5513777210094934,52.25841834037307,0.03242262728678831,1,320.73502569919725,0
22.981927672663005,6.182350131988937,46.33159682259528,0.14628383178053814,0,226.96648087410045,0
27.54811928653359,4.049958119734184,34.748943589856395,0.10665832446813528,1,280.33818201664167,0
27.408255480926908,3.4716584178371193,55.591949907086665,0.044210982158701284,1,355.4613767967104,0
23.372056408218977,4.390097293050798,35.54389799223438,0.10202144699167337,0,340.09252411253595,0
22.99600036364813,5.242065621354312,50.39064510734024,0.06987080934096462,0,368.98750319388415,0
22.023483574353936,5.200094059128394,35.773665307855964,0.22269693364626952,0,327.5895559527527,0
25.122234605395235,6.180428357247935,51.77921010079158,0.06808535374443428,0,207.10119875536316,0
23.418578761022868,3.5445265243826842,64.77926736159536,0.19078387275401582,0,232.5641139112579,0
22.82964189573577,4.015572079472444,52.99287147941539,0.0971891593935764,0,295.3186107015695,0
26.4959907972544,3.771220649094986,49.01127374340518,0.06570327480251911,1,266.86629740327453,0
26.98421484230302,4.778651831611322,55.519693633849,0.09500512103667581,0,354.252090898653,0
22.917989563432425,5.583433569155965,48.56475330577043,0.02923830345667637,1,298.2898704284384,0
23.610174444887768,6.409426629563508,60.40492637729821,0.09405094042750245,0,267.7303452705945,0
25.55197169884108,7.087272161793628,51.287286807396484,0.03823330103482602,1,287.5316080825956,0
22.73999924781509,4.366012050033067,58.78412979507654,0.037339597937906435,0,388.63615508779424,0
27.876057443746525,5.068874639513769,52.898111955666195,0.11390397977867636,0,269.00736858214054,0
26.263974266347887,4.965219930131058,47.16412839780617,0.16714975388701497,0,349.1772896203782,0
25.159576862864647,5.326852406260934,52.27313795492318,0.04548039005962806,0,254.53151636818893,0
28.19195947007453,5.930037197223281,39.51427531751751,0.11038373902421239,0,323.88310690477505,0
25.38610160591623,3.482048868156748,67.7966188708769,0.12779937168450695,1,308.0994171828105,0
24.437258928945514,5.328388541553003,40.24782206382,0.07612276038324857,0,201.91145924122924,0
53.2771654045156,6.038839711982094,51.06544676434374,0.1317481436806275,0,264.32649753553665,1
23.313029007445845,4.529926280192044,39.86402449489267,0.04498878101595706,0,284.65841278057025,0
25.010286281083697,5.3933783444697125,48.19449709114261,0.04851723721537903,0,230.09589800406084,0
27.667922784578664,5.266583335428418,52.78574026438156,0.08839686557009997,0,277.86414652339124,0
25.477116141279094,5.061343664240864,46.87868632458713,0.112270487088567,0,352.7682773375353,0
25.53486606990083,4.4513504378594995,41.981439054565485,0.12715191803741055,0,379.19682204817417,0
64.15608444199529,94.63885426915061,23.1241940108102,0.055717380112336734,0,312.57939589994226,2
25.892626862952955,3.86229799807051,58.133559522149554,5.451452564963617,0,329.9970804470425,3
23.407736988914092,4.120846800906454,48.64955398137226,0.1400819858451846,0,332.18670005960547,0
69.97642288940209,71.66589032817885,18.051189319417844,0.08275698734536091,0,332.79802760706866,2
25.217569811721592,3.9315625141541712,46.51892654798703,0.08922152693201156,0,304.37631749225096,0
21.44051897767428,5.620459802462337,48.17197448267337,0.08663494628049778,0,347.6400053802698,0
25.503185614523474,4.512130911926205,50.36279292638335,0.12288048709701863,0,324.4199781181223,0
22.717086401584723,6.7522111572056085,60.42993624659043,0.10224808808791758,0,278.1336157576373,0
23.765430861489563,4.381016549113877,59.56549461787269,0.049448143497713475,0,276.1863488616311,0
26.61178692066425,5.212219128376026,53.588285326452706,0.05906894564179084,0,289.3825542982826,0
24.839725864240382,5.193022132717942,39.691748732805515,0.07175642528965442,1,254.24585035738247,0
22.580982318366505,3.4862624178250643,30.435925488207637,0.10554723991226674,1,168.62875934838488,0
26.002498173614406,5.5364877271213295,50.561839183923205,6.952267045219834,0,310.67834666462545,3
28.065658195325078,6.502194217148193,42.02266126200078,0.13788625882027777,1,62.17548021950716,1
24.189898094108894,4.201527203200367,53.1977804112682,0.09514164468137484,0,324.86910433460105,0
25.065464955314063,5.027586351623552,59.266967343836626,0.09020628067484177,0,341.51834775214115,0
26.422092205090607,3.8289589603381837,71.40970296330354,0.10072082813177743,0,231.4029324725722,0
25.29020758776726,5.82110675396339,70.85327800717563,0.01581361533443329,0,336.54796831567717,0
25.4108265409155,6.209086398014005,55.93105399357739,0.04989454476831126,1,265.7516765073827,0
23.382309698278156,5.456166127013553,43.23634244364061,0.06732247651970932,1,293.01781793792094,0
21.15797372235349,5.655919139658836,37.076966250715486,0.05193742562744661,0,329.32796566979243,0
21.01284323514175,5.707373517114744,61.09007436554807,0.11298540877998932,1,207.1340524740114,0
29.06949831630518,30.85970701587002,56.82652507292588,0.0598310646416855,0,285.76047728586167,1
28.330717624861034,7.095288511118513,60.80370683178166,0.08250208608819898,0,224.88055091552414,0
25.21437292956483,5.3330021294490395,53.26563015863055,0.0858460463200875,0,313.56057376399866,0
25.494406799253266,6.769297746263175,45.43047442856433,0.1129868873328731,0,321.79731619496687,0
26.334766206281138,4.807696815718373,55.44612504184037,0.08537419032253292,0,333.5496326044462,0
27.886567064897235,5.212655081719889,49.28359587109077,0.028409969698021786,0,322.791883919407,0
23.88789488504119,4.0260329557509,43.23684136422638,0.0,1,367.6717531453875,0
24.90848006167619,6.044585604541465,36.05700226998297,0.043768278018619655,0,368.82613298693343,0
25.402133980062786,4.034603840818299,44.104828675034895,0.06172593897789572,0,297.82271639605597,0
23.595418189924466,8.556458074376815,55.7482788438134,0.08582689773370834,0,284.2216153732739,0
26.893097055433564,5.354818118178393,55.90362208114946,0.11725430930075413,0,253.40044373582302,0
26.713140227528093,5.959267458672686,61.84700008269008,0.1354912994263632,0,318.88197858933205,0
24.561882823950782,4.993396089516636,49.76156231863884,0.07403043389547286,0,381.59444241851105,0
25.38020812290108,4.444898725380831,50.57262114340345,0.12566261448471233,0,243.41379057001703,0
23.30992297656745,3.6194289825530035,47.67400761564514,0.11227592216636803,1,276.73387408294616,0
25.32985849757277,5.610485301510712,53.212499236908215,0.06310508324408452,0,344.0506673582601,0
27.17183682301344,5.282828160118703,48.41358973956899,0.06138734645584022,1,280.441091818214,0
26.07842026796924,4.666865669842079,60.80292758121442,0.1622365583715212,0,278.6509814246619,0
22.799966715850676,4.560782235178188,74.83765992587507,0.08061415667542163,0,283.7451764264537,0
64.83481142599437,68.96945199796741,20.264697341174006,0.06295216664719183,1,244.44173505500072,2
27.660903343124634,4.851117203979117,49.11845131129609,0.18888224094097147,1,323.75875784470435,0
26.580783220372005,5.181862913255023,63.19441335671156,0.1325692080252962,0,394.1432874820184,0
21.8159830857627,5.452005368582448,32.8625642587076,0.07665722948000403,0,343.4363012521908,0
24.12068828973303,6.39420825461489,43.31468823574645,0.08557608985580495,0,238.01449000148256,0
25.6476785326549,4.00347158338144,36.8827956708931,0.12459390752894442,0,289.59064281093924,0
25.464309536327068,4.365137623358415,73.50852026234625,0.19126707328153053,0,212.55893802606266,0
25.371755767244533,5.636180488684036,52.57581749210437,0.03496324648063322,0,300.5352163358123,0
24.9208643484041,6.018799980153015,68.07419379422578,0.1198038763984292,0,239.39603524452167,0
27.10662055928374,7.130104266320959,57.5127770514261,0.11474673675550681,1,320.12597216221167,0
26.299211827000633,4.961636693094047,62.52055091558079,0.07145554998903737,0,348.00188028358724,0
26.0260957348205,29.739624180285098,43.54091826737704,0.1513007062853649,0,254.20010652219247,1
25.837733853833644,4.630378767619954,69.30642002462477,0.15130879834301858,1,51.53763829544706,1
26.74368913974818,5.0492974252171585,54.80229261905703,4.215658756560012,0,284.81671105433986,3
22.145250065849872,5.5285450937889635,34.81476204770601,0.09922448150933139,1,301.5684208049854,0
25.127075910313636,5.24259593715346,44.06270806314258,0.0402265141667244,0,331.2303322447139,0
24.955332364563727,4.126235907252499,43.45787884261654,0.12412091123623767,0,323.68658303843284,0
23.79375982354776,5.163951480894811,54.10460221902078,0.07065936421984592,0,239.80571828135075,0
28.26728198080716,6.013377121645704,29.846951003632473,0.13674156384326008,1,296.64418062324444,0
23.334785560522302,5.881696426957742,55.662707080586884,0.07427870908691285,0,247.89125964507778,0
25.203294165896946,5.310218525254813,54.074562961758346,0.09037398844645553,0,258.85256870688215,0
22.072993793391188,5.962613574711632,50.42039036997231,0.14536173300288102,0,280.7033436742218,0
68.42841982477698,69.73023272451893,26.71373801658383,0.11230852151812859,0,355.45497327383595,2
23.691108532897385,5.629476497114477,49.41577689480139,0.007921719175771974,0,438.3248744561997,0
27.541882387154654,4.007815272360893,44.85314616575231,0.07394853615840517,0,369.9266122339034,0
26.413950928941198,5.249725487053597,49.543571466662044,0.1010420741068886,1,299.20724330562086,0
25.56396848538885,5.048173303753115,54.77969977599235,0.0,0,276.02597722848196,0
24.30972553904682,4.763965809843959,60.788495665089634,0.0,0,253.562172015567,0
76.8200911141387,91.02796685556484,19.115499547545788,0.07449374753181112,0,241.2419001936058,2
23.856522835549622,4.88114751797923,55.011620700684524,0.0,0,319.7055965185429,0
24.031678989462815,6.389985043272405,27.663947540044333,0.09565980989662207,1,278.0073368449797,0
28.578877422154747,5.012901295568306,46.927101613252816,0.10084530977950563,0,317.7386434314004,0
24.96338675058642,4.939786120385275,70.86005185522139,0.1668713126900213,0,267.1614820824142,0
28.35237901500403,4.209326360077405,53.53566146740464,0.13662382646190496,1,274.46114040477636,0
24.00820368740805,5.041301417864864,52.03965600911245,0.1215495609639194,0,230.77016876363257,0
28.879382885456767,6.0013261347995925,49.102744236722216,0.07986658943816344,0,274.6485868604488,0
23.603155122618762,3.8610517933000326,50.890737697140615,0.08066568390080044,0,309.9689960327004,0
23.30874302402119,4.454273959363806,48.169092153887156,0.048493894735161226,0,241.05292989463106,0
27.427105890787004,5.784899719748618,42.06931609287106,0.043467174472712616,0,259.84787994678777,0
28.309026561730068,4.747119934221626,25.582930130975132,0.16050329665877966,0,284.68093179188213,0
26.974168683499602,4.266005721121357,47.5234439616262,0.15515461167794384,0,302.3360060132486,0
23.600861442843158,3.457807105812777,58.85527372305955,0.12316347845737602,0,314.1839224849426,0
25.230679580787672,6.7835000132962895,53.11298617430391,0.06017393461482286,0,339.77163534037163,0
75.60936794589735,55.53971077130437,18.437799291066113,0.04870283301502859,0,301.23236891052716,2
107.26216121118003,103.84954805015143,21.020001905388458,0.11204428000977512,0,272.3208994531851,2
26.354299948266586,4.797556825816664,38.72495752913504,0.16528882891437602,1,350.4495738465824,0
25.806597486103573,31.21810010744912,47.22998816996138,0.10761675799136336,0,226.84493743751506,1
24.664736949023272,6.113000699138681,60.310427387826614,0.16593039140890226,0,262.7876969430114,0
22.57341608789216,5.387527958242146,63.32494359950694,0.13686738800290357,0,271.4126555290959,0
23.905563119468056,6.7897907703084,52.961845539884635,0.10801296433208328,0,241.98914714836047,0
24.61416565493989,4.8233982811340566,63.76837622818862,0.10975700248794966,0,281.0838776004453,0
21.383315891951533,4.860485971666929,56.10133545087935,0.11710597100548287,0,353.3979837267046,0
26.50269492230026,4.947274915765019,35.26035819623905,0.11063212411634127,1,43.24960988580532,1
27.394989033128727,5.086694571485534,57.42995410939152,0.17645505033366238,0,355.8760274387304,0
25.635675263949395,6.033647177678737,51.697713998342714,0.14204094528378555,0,312.8180491869233,0
26.167458723043637,4.872003024786605,42.385444432361496,0.13282530415876137,1,234.3363856373876,0
24.901141919585033,5.507650098550723,38.96305229845713,0.13932392594803988,0,341.2043290272132,0
25.60630765675255,4.364738615441391,42.50333049054086,0.08329734589715773,0,235.0629156694754,0
21.86806240730634,5.781518152713704,37.802643936736516,0.0,0,244.1206978688338,0
28.09528154719054,3.2128614124155486,39.91469191747353,0.08765710537445737,0,221.97832660974845,0
26.66371540722719,5.721767255861155,63.22421182103841,4.830244027564905,0,372.4646214201913,3
24.098663644863986,7.259602027742478,57.21161822084155,0.11281623264844268,0,330.5884253474288,0
28.430176390665046,4.892138971073644,46.02562091119676,0.16881480389063996,0,315.1525211810075,0
23.976263197812965,6.54610856043141,64.14743819359813,0.09672354422555243,0,302.3208168117396,0
23.152163217793465,6.429464709076554,51.38510583017735,0.18468753121073778,1,342.83438946593066,0
25.234082071162526,5.243826926616765,37.56641262390646,0.10400206346076302,0,379.9675435407003,0
26.20906061235986,6.393802351143269,58.81364431752428,0.18217381354884618,0,274.4239415812097,0
24.386454630672738,4.693003642837397,43.82700930241955,0.134928774043101,0,308.17186611070713,0
26.5821508877451,4.319481927716585,40.86331302553762,0.0932026020971163,0,339.2272436287282,0
20.565432579492864,26.572822202802396,57.104245340914495,0.04720776812830796,0,343.99937576499633,1
24.00867917216244,4.14358042703863,46.798069803653526,0.11913731574741107,0,281.0507962970904,0
26.61955854512285,3.6551132192188005,28.572801536014538,0.07833579131860728,1,346.5436644532846,0
26.085591701100224,7.326189058863616,38.567135332656484,0.06110384845835321,0,343.1028795273272,0
24.776962206988415,8.071336701606002,28.227639311032643,0.16845571838373755,0,280.29209517369634,0
26.317521715648212,4.5802886634865985,65.79819244832888,0.18358142289565518,0,251.7308989647753,0
27.260329384532234,5.391284957120874,43.45396979071012,0.08940447032612595,0,264.5078670277638,0
29.28709752274393,5.310940445766645,45.70127265787907,0.04498741385995178,1,368.3825651967986,0
24.479138827009773,4.697225454874462,56.60488982345697,0.09337872075283317,0,304.23988645130714,0
25.001641256686064,5.560270477118585,61.21155423185143,0.08315632736467081,0,208.640203126437,0
70.2652490506471,96.75682208771792,15.850716159312455,0.07255730701838736,0,275.67536922272575,2
24.016240568438565,3.679941434092208,40.47480938723757,0.16849683599341342,0,325.2495982454813,0
27.83332261659591,5.85093692777578,55.36824683955676,0.18273173742010443,0,258.2471887413659,0
42.647304302352914,4.968008903463602,39.230607473348655,0.028465031419408135,1,305.2591829781962,1
22.17461769501474,5.124763862877385,37.97308971105132,0.09456244885831912,0,202.49524199906205,0
22.232412938221813,6.225879048224204,28.900921637305338,0.08585275123178204,0,284.53357536128516,0
26.80323889784949,3.5783309519409676,30.292787181544302,0.11131579764492394,0,324.8173205535246,0
23.87459566846699,4.342618342131544,41.333213786467155,0.06202713400081683,0,286.72385692833257,0
23.189327664970296,3.5447110240987847,58.701781747467706,0.07400873889132306,1,55.780705978080086,1
21.719804756183393,2.856004737358698,75.90374475195432,0.059606091669249975,0,279.3137338705188,0
26.699043973988246,4.133267329339687,51.53847660216641,0.07389640477508201,0,325.5354935479485,0
25.75603129552044,5.422518144341603,27.67710643921483,0.089503850513578,0,251.6712301442618,0
25.764262551781606,4.009302490463767,44.554270681762084,0.1246543201023969,1,318.8148889595533,0
93.08270935704016,98.22524566075647,17.382737850827716,0.10799088113635748,1,259.93533746831883,2
27.586296150042543,5.263866020902945,46.05320291339497,0.11391928476604414,0,355.6163412195132,0
29.063762804060335,5.675595516064319,47.2541175444896,0.16537473206158707,0,303.58320698754255,0
26.393263002435493,5.637333041272193,51.69540410218286,0.10601749576885856,0,336.0228447538035,0
27.69757524568033,2.936061570396888,59.371155079842595,0.08984391318637494,0,318.19202171463064,0
25.692068821821604,5.554254476026521,58.090542890877785,0.083558458670638,0,351.7399565263118,0
24.986839093373966,6.2303577226285025,54.84325437702705,0.06712048588550976,0,323.03944241307005,0
24.213215124088528,5.896707778368704,43.30633760881247,0.18757045368744557,1,59.83476440562562,1
24.119206713776002,4.1216672008862645,69.27688056490815,0.05486856872968902,0,315.31914003712296,0
24.014690293573192,6.683972030069338,38.636637768440096,0.1293521212033917,0,352.30565529237873,0
28.77622175762504,7.008141936137437,61.34721035485864,0.08144289615225636,1,300.08597175283484,0
24.20194413690016,5.40043199385628,64.31889063774514,0.07704977698885453,1,285.2259632736695,0
26.81752296022886,4.1330159794124945,27.19013068997239,0.037349834032564255,0,340.91089582728245,0
24.628526473163003,3.8872359216789456,59.483392793291884,0.06092200703877076,0,311.730242053129,0
25.800436781677348,4.851320911128569,40.55470542300699,0.14507010450806923,0,211.81380617565037,0
25.261084584856718,5.214864709463865,46.10864904023436,0.1998076159877463,0,271.9904409662847,0
25.106655931698878,4.978735947987853,58.34623182247828,0.1261232058695048,1,282.4058912929774,0
20.455716688858786,3.4110103975222246,43.949363092780295,0.07192006618115657,0,122.9519426826719,0
27.89315290700357,4.97952679803071,37.42433070139683,0.14602096516567625,0,289.58459215151487,0
25.126367337615513,5.2419149843214985,34.3589823652072,0.11124083683457374,0,336.77760677401113,0
22.503287044576624,4.202493419520992,51.01154294699564,0.17294416436581267,0,306.64499932627115,0
25.377340895019998,5.939029157499146,56.20997565872735,5.794715098525458,0,308.6764013067248,3
25.26482995310727,4.456258889634075,49.929041404274095,0.22158361712657115,0,374.22603829243496,0
30.781285980798273,5.703795883750819,46.32136706303516,0.04953984237813051,0,410.93716787654245,0
25.868534538287506,5.256163019652824,43.477005955054366,0.07340526285683573,0,269.29047909372537,0
21.694130875254082,6.039762289604782,46.58381533229684,0.12331608245916462,0,371.1129254288163,0
25.361009267778172,5.515662804937556,50.724531298109376,0.12127356957900469,1,272.7799490210544,0
27.095698113779502,6.230484356358352,36.616693731795365,0.1766391942384053,1,318.2355886604243,0
27.43085962737211,5.396459713040941,39.396902161984386,0.06333346532860576,0,250.1121860446533,0
26.134043665806452,34.54982068705648,66.10076123189648,0.15946417267198215,1,366.67195830164826,1
26.310533777705732,5.281831501566507,56.51386712186838,0.1350184734823842,0,280.1270415107682,0
28.376623622905765,4.39403701605249,48.73858450122682,0.1163335460771084,0,285.3665693794596,0
24.094681766804342,4.689674542671373,58.52856439401765,0.17637046043821764,0,355.47330909773234,0
23.862342824886817,4.075591431770002,29.197173827575483,0.060241249379308304,1,296.1770224580262,0
27.521450698110613,25.172124968950804,58.332245281449644,0.06671972110454388,0,334.4249232789561,1
24.785745565658647,4.335033488680003,34.571778509627876,6.386145070163428,0,305.3217708215644,3
27.59375934272199,4.325471922084786,55.46338855555781,0.13195784785196202,0,306.3100252788648,0
27.914875898740874,5.686288541731813,62.40383434605422,0.048400105431738054,1,288.3904002550835,0
22.03541635335186,5.283021619448387,53.07867587477243,0.19973669763541116,0,266.2940510493357,0
23.24172781378463,3.081410576440697,50.10067008522581,0.18492293511877828,1,70.0131795686616,1
27.63555339545185,4.820483213768462,59.96797766127588,0.10615311832631423,0,379.185877281977,0
25.657533702882116,4.87734489969238,41.814751943499346,0.2011106281486043,0,326.32738895768404,0
22.69206761822026,3.750196092724858,47.492149339635446,0.19477512096962504,0,371.1297598894988,0
25.973789622323928,5.118594423056874,48.24541564958237,2.859893653933392,0,335.3529429200602,3
24.038208582372754,4.997429136314624,54.111456975296015,0.09981977409432752,0,308.7532523396695,0
23.8521307338516,5.0092900683066945,57.25923611648402,0.1746304973732018,0,320.5416903890491,0
27.823023577079525,5.018099964323895,35.49581758767897,0.14805429841209866,0,336.97617420274526,0
21.811634640549197,5.030268671108619,37.862878010267494,0.1431802753443144,0,412.20292559683736,0
25.1461642618549,6.208256732653224,39.032171705855234,0.09091567608872653,0,327.5749264997879,0
23.822614950616014,5.395711532416954,42.72050132525687,0.08225393231503833,0,228.16288808708447,0
25.51735817096647,5.67059662611107,38.609571114219115,0.0662753885270817,0,295.00262990627897,0
27.33753783402224,5.055230436481112,46.51691604955994,0.10961844635187556,0,264.39314941443536,0
24.301541049169266,5.332990079778117,49.70365662916423,0.18495303761984838,0,305.1322551486886,0
24.188526996735497,5.4994146079390696,54.925234462063564,0.1163909357907992,0,310.05945297002216,0
24.868872147940507,4.283774990576984,59.25017468122467,0.0,0,367.3477109619024,0
22.327195153283473,4.122866061552576,60.96724207629284,0.13440540122021344,1,46.51298364559875,1
24.06940167303133,3.429874718354355,48.96016701312902,0.14587554135410657,0,295.10537974139316,0
22.53509121833955,5.367046792929968,52.798118543023556,0.12225213499470934,0,313.94615485837215,0
51.69124815381038,5.681256231620844,59.894010636697104,0.14517856960178008,1,270.77503921890246,1
20.91246259694701,5.876759989154264,43.794591245543394,0.062498091117843955,0,344.47818375285783,0
25.213828425539877,38.00559342819635,47.744375216190356,0.0799931181073499,0,287.9033185349752,1
28.59403303299591,2.978006477251937,55.44322704765736,0.14293317195387875,0,327.14926011955527,0
24.50268863286945,4.493989710796431,48.99019653840662,0.04390745874997615,0,224.8599144347465,0
24.599730891543725,3.7514183109002355,52.06816361791404,0.06602902195285547,0,314.52901739372686,0
23.873675556982153,7.359900213310843,59.48514080353455,0.09010710240695158,0,217.48227479227353,0
23.035815186399567,5.13035720265711,50.84888241526667,0.11888092032100465,1,322.1837863444058,0
27.107470635297865,5.827464801249512,63.52802149680511,0.13794195281799146,1,302.7869886663184,0
26.329526179448724,2.760677333435775,65.44333486971234,0.0,1,246.0419091547754,0
26.92007836179085,4.620461102578074,49.98850435195334,0.1464764453174734,0,339.61975197078675,0
26.989036232056954,4.302670341502541,46.99164713044968,0.06919259355536861,0,280.36626732369575,0
26.547490834297445,3.6617706295222288,51.02051157312851,0.11248544032037112,1,335.2169300573798,0
26.756427996309988,3.258283380133896,41.45690349585637,0.08843120212549806,0,298.866123725633,0
25.160054176695095,6.4015781389994455,55.66209699149201,0.11264416385650416,0,206.70801223982818,0
25.05693788087682,5.979035825467517,43.568460027988884,0.03867197100490173,0,290.7097194950111,0
20.07222661063138,3.0961104658747995,46.002720175850754,0.20600798539368378,0,345.39303188522456,0
25.03482849799646,5.4855939200440025,41.28489405666843,0.1743844223201757,0,328.08555139592215,0
90.19720893334045,111.19483894567928,14.264672001404616,0.1314315500889412,0,275.42947916552185,2
25.499472135727625,4.5690561995147725,43.02968530635138,0.1142419847677725,1,316.21186506331725,0
26.891458225300468,5.668000873941423,45.4016843793537,0.08157896035690118,0,235.12159352297368,0
26.594504597080068,3.4609450784295315,62.28327710544461,0.06814871950635697,0,272.0697235580875,0
24.161948830319407,4.187352944110949,71.17181539989772,0.07495047015950282,0,252.23940951501535,0
25.231241580842866,4.034128365744904,54.265392900265425,0.17450717979417385,1,290.9882147491754,0
22.914974925736825,6.594028473067265,59.909616123926526,0.15409740888566242,0,346.25821464423063,0
25.56114993191724,4.417070504400733,60.94573291220567,0.15664211058564476,0,326.6488682949237,0
27.643984006405475,5.2001450330404815,46.28338966315688,0.1484591493681134,0,336.67592312356084,0
22.382443391028087,5.984950103005851,42.16691243274936,0.13926276797857737,0,257.64765904156934,0
25.58418083596972,5.578965593084261,52.16687581471993,0.07364198823517987,1,355.66051625221087,0
21.557905748740673,4.017583759519063,45.695852913127155,0.1684094511874289,0,316.1466107419172,0
25.13909567340569,4.88737994927087,56.81923003217393,0.1394892872931283,1,326.79822046212496,0
24.623026280482343,4.588720075669461,43.284893946989236,0.007925264533177073,0,405.7671609581092,0
24.901652431458896,7.100916139234911,49.665958189971214,0.1079994158945935,1,329.78859983053513,0
25.584968375884593,4.6375975663119196,47.68122024938767,0.05199947389060859,0,215.90927730668204,0
26.45047970099254,3.6366563925946753,64.11672063855343,0.11780112517931389,0,347.9704998428546,0
26.85753507015155,4.561921351896463,57.20610548678933,0.0,0,234.21665035395523,0
23.056203379118976,30.894658644690804,48.70830236835516,0.086138165072661,0,293.16946732661995,1
24.861067896774852,6.359739255037018,54.24548599719669,0.12288358055967931,0,358.25785619472606,0
26.893539092013867,2.6692272179742815,65.75681897225293,0.13511021569613063,1,269.1572333448211,0
26.693444677541688,5.98465579813761,57.838234057466586,0.13964808027227377,1,328.45147686298793,0
23.69690684604757,5.779874528430794,48.61840377136027,0.06912461025484308,1,318.49896069403735,0
23.39197400409151,4.3407009631495495,47.63845432142774,0.05980308116364182,0,339.892591273915,0
23.830817108689956,4.155909939004875,67.31098360106022,0.10589470363816712,0,321.4363996647034,0
24.591385582799667,5.676888204480715,48.906837427639594,0.10068264560375284,0,312.5826934493277,0
23.99080888250191,5.430670119350702,57.991014640218886,0.06522399248982977,0,328.6362659664911,0
22.737820509662317,4.399553034411325,53.72767224276402,0.054674610953361485,0,263.73299795926215,0
26.569548061053816,5.967416351194691,46.12862423349418,0.07496593000955643,0,286.19339567594176,0
22.82274455865275,5.121033878502742,47.94348088146614,0.11802900079431508,1,56.46151089356125,1
23.12042338333019,5.141416972571003,62.13645854196478,0.08775549674752807,0,199.10488617689785,0
76.34595161686975,94.7172748752387,18.71557385448117,0.1400564291955977,0,259.6594023159182,2
22.13544502853597,5.339963790756913,50.51134166622884,0.04708756867360397,0,357.5064339196816,0
22.079428187882375,4.29281132070654,50.74681639454239,0.049943122105742525,0,380.0198649444647,0
24.9935262585327,6.594102320009313,50.41021756243463,0.18915792257918143,0,328.8096375164211,0
27.799806882339116,6.277633349807809,55.10732066135893,0.09294298402780822,0,325.70663499965593,0
24.52651230469615,4.3063032829112995,61.711304464147226,0.08463747557663095,0,346.290232079803,0
24.836175408548783,6.746989698175496,44.309386091534265,0.004108366910098832,0,190.8949352899519,0
26.697940592270566,4.1721911205419,46.731706544833834,0.04562429931911602,0,323.9249865897945,0
26.077926145311444,4.139262011526897,63.54210925245083,0.08561464722252618,1,280.81235095434954,0
25.13885026817938,4.2002777445890365,63.29730791420418,0.14692653675939324,0,267.47630002703914,0
27.49964219410736,4.49810588500233,44.553766106617026,0.0864000013845932,0,268.89675825275225,0
23.832721147149655,4.605513990417571,36.8598333641979,0.11023791274116751,1,342.3555603719701,0
37.8242720356499,4.345015511391281,35.31978351232649,0.14915892404995107,1,300.6195038097004,1
25.767080937915377,5.337961816613379,49.313301454990594,0.16650666539689218,0,325.4987370354198,0
20.027666864557286,6.120056637899783,57.91153650364226,0.12283853888502297,0,194.26175517739063,0
24.493332517026513,6.008815355043895,43.8295021183975,0.1456870370418417,1,333.81908598518976,0
26.631707020157034,5.252927204213126,54.159226590575905,0.04546231420888768,0,346.4564431265778,0
23.237412532619985,5.5819938044171735,54.89364985275438,0.15619466450856245,0,242.10021816528877,0
24.47825839750822,6.684170406340632,34.785579079345155,0.1881702022959261,0,352.41824428177114,0
25.710095342910186,6.679501842549191,46.99503434374859,0.07550165237637317,0,263.27722545975854,0
22.25441750050718,4.496069320038661,63.11602029723922,0.05770331799485158,0,311.081982744466,0
23.652200903181523,5.74427582661273,49.60740316124751,0.15074238640735405,0,252.72860679278295,0
25.466575163114758,4.838872513313999,70.24028536379257,0.09501198623428667,0,327.32436395388663,0
35.84174385643187,4.996578848865017,29.838081769774686,0.17349266942837885,0,234.1199280756286,1
23.197793426031286,4.863903541318351,48.02470662530832,0.07252277045949776,0,295.9506045298916,0
25.320262305521204,4.241471301285407,49.93708204949935,0.0316497360802559,0,269.9821652868213,0
27.03257588551327,6.755311070633304,46.68947831249642,0.16953629645707155,0,284.1941859684795,0
25.233221591264545,2.379842812152487,50.69602073638208,0.11006064854299061,1,296.5390296029241,0
22.347130345384006,4.729463262838733,56.232554234584725,0.09386142871565947,0,345.1162880565193,0
24.315479470187157,5.523644570035878,49.03029482331358,0.05049305541278844,0,273.78857759477063,0
25.672643619243374,4.28186234123727,43.84607674245123,0.15265348587974564,0,307.4101484313949,0
25.191542831310887,4.332570379326578,46.343485311511856,0.11478738932350589,0,329.6475404712565,0
23.495530926945115,6.026419377134601,73.18102260463802,0.060426617874357325,1,240.90530128140054,0
78.97138409166182,71.85936346107881,23.03627508877461,0.11067629629642366,0,294.5707919109805,2
27.32942157047982,5.240230625770447,49.72052228721707,0.1414671962613141,0,275.590681096521,0
24.46849751822431,4.0512159144230475,38.31483447214714,0.10205221640519137,0,305.7057875066675,0
67.85619651613933,84.1453750626043,22.42571547824119,0.09060785899681045,0,293.23952434349235,2
26.416042391735473,6.983042558350523,58.637819031668585,0.0259778037488642,0,322.0124015105199,0
23.353300923274727,4.7586786120621465,47.110227417338415,0.1262556471442908,0,352.0956302088739,0
21.376344115088806,3.5711220454711565,60.97240151559497,0.14349144927000168,0,361.64592933387416,0
80.0973900294147,93.17243617497499,17.875795086182887,0.10525799909256062,1,268.367587427999,2
22.958664540196402,4.252216960281299,39.16233563162511,0.007200762616842243,0,354.5880682050727,0
21.53735084224737,4.501021256944115,52.868638428193506,0.16626318015636943,0,286.95538652566006,0
25.122195270578196,4.212876449679734,54.80815773189125,0.058804129635794955,0,303.93831148186706,0
23.391464157101165,5.165040636537739,51.58549653159643,0.15877270061695675,1,299.60159875693927,0
25.626824105327696,5.76671211613222,42.55688212242893,0.14516046670656158,1,253.15028855399788,0
23.592333483861076,5.885470582940095,34.69869071256668,0.013234464820361419,0,291.0817844729463,0
22.503518833094244,8.11325167789829,60.58695226424739,0.10360997641248562,0,366.6205029210358,0
27.18505082935684,5.599441015306259,60.99073062553966,0.03168766853014446,0,333.73789987850273,0
24.47871332788975,5.152329889448793,58.31793925295732,0.1392044816206237,1,322.4088663590469,0
30.69401917791528,4.532390466582773,42.75325788317695,0.09285866807024248,0,329.9731959312587,0
26.142859236492964,4.02357340830846,50.67539779069946,0.10186675385553563,0,298.60415380162596,0
28.521256069248984,4.159565237330293,46.08006375212285,0.058749405079690675,0,309.9084241591127,0
25.127378905214723,5.134961056915428,51.31316833160054,0.1312300259112028,0,432.05153893312377,0
24.079625902204242,5.460422267984389,41.035305622497994,0.15981304941534377,1,57.06882921266652,1
26.351732815874925,5.601536018513604,44.09702114828403,0.07082781117694587,0,261.6135428615694,0
27.891270093316173,4.676408928718969,55.01894389860622,0.20496247596275452,1,264.68883229659616,0
20.42799493601275,5.4450186599085075,45.98823094565453,0.13879715393684194,0,372.3928883075682,0
24.441788287280108,5.078115692483465,45.73213529076575,0.13527742823979935,0,307.77625187918284,0
24.081547778929536,3.2935108723200033,63.176976819723826,0.06011292507717571,0,334.2779181608592,0
26.10926440128136,4.87347395047135,57.74914554913987,0.11431391115409423,1,390.2224485993562,0
27.990049039272314,4.877689623930724,51.425038986720125,0.11319462592482904,0,199.42543372690898,0
26.85837912309542,4.872492021090847,45.56073505565108,0.025854347941104347,0,299.7206433015908,0
30.27620535201698,5.258470685372221,54.934823189718855,0.02656672366704095,1,357.54173248421813,0
24.827230031297002,4.945648725599797,40.829719712592095,0.021987901122314135,0,392.7331066929792,0
23.457347716885273,4.2380227682933524,59.07507062970626,0.11713920219119796,0,320.1195584514103,0
24.758963251241614,4.84277328310888,59.36814316922667,0.12317224690580313,1,303.63447315177166,0
27.355295968985985,4.829881924768775,40.57986669881433,0.02724025021032382,0,330.5553047723012,0
22.734234373291454,3.4269914573505,50.6307767542924,0.015177092277676468,1,235.05982229740692,0
24.339642850459626,6.042006994360268,47.523185419034995,0.13257386233537555,0,295.3023817183858,0
25.79916910641552,3.829485069871091,60.31761904499625,0.12553394415830194,1,219.5356456656283,0
26.420260058876952,4.9239528110160835,48.0439723757224,0.11645782754216105,0,313.9229394723705,0
29.42248590056512,4.61301590084231,65.69241181284708,0.06238555891192659,0,310.7772817504976,0
25.79635757603062,2.9357377275545784,39.63828278412216,5.202360674507192,0,425.9853822822687,3
23.811172602844053,3.8549320835174603,31.740989058873943,0.1181792136923095,0,331.4710623541715,0
24.987379272670537,6.440599892079389,58.291414805583855,0.08270476388979982,0,297.5226991102239,0
23.325787346506175,5.283476604018983,58.48317219704606,0.09613552499253088,0,194.95682299718897,0
20.797794319494145,5.472082595274209,54.51990100944518,0.06623017565130684,0,365.07434721279975,0
39.10064159726281,3.882802334259555,71.27918074757257,0.0627563607361863,0,293.44897879787504,1
26.25095677635453,5.062215074428532,51.123183599616524,0.0984388520588065,0,264.0983458913863,0
23.80055630813724,4.8515773528408,38.70111912097249,0.09776567992799053,1,280.56273531642495,0
27.309630239027197,5.756167799589821,49.26899964335831,0.048231205404419934,0,415.86768828074304,0
22.82778062734875,6.2855004964844134,50.546561209126985,0.0698521095559291,0,233.96791702350967,0
20.14962169264544,5.695511493263333,50.79311476402807,0.1155667091125357,1,221.38621101377106,0
86.1648094435808,78.66251391910302,14.375608473043767,0.0,0,319.4107495795536,2
23.631582850351815,4.307717530614282,49.61077045819907,0.05828975166177668,0,371.1530804504376,0
25.88550664261821,5.041918040238626,49.18057517608169,0.19686921205896923,0,325.29965332839936,0
25.61348261875219,5.417422031249607,46.56490970899944,0.11653814466292062,0,292.53816925841403,0
25.321222604310336,4.981833118594546,79.3818806715577,0.06666903612526387,0,263.76588787950374,0
22.97064474942054,5.2674378800051285,42.55052340643556,0.0715761584929759,1,262.5936942025379,0
26.429633376960144,3.1418749862664086,42.931465984856565,0.09150104068945347,0,344.388012783732,0
24.587499781106494,3.9531438200435955,34.78166427549314,0.1347722368196277,0,337.9868730529107,0
27.437216348668994,4.649808969645998,32.01499504815326,0.10350929262113724,0,274.31753481594967,0
24.200871261879925,6.15108686031201,52.93343090045574,0.06203786590367381,0,300.5579455811786,0
24.622816297787367,4.9210733242254445,46.255995520010934,0.09188757300207523,0,261.7160691007879,0
23.44727195707489,5.814596576589788,54.234158554251785,0.14718343648034823,0,285.8124118589145,0
23.817908558546318,3.948836393649806,34.05174145099179,0.16563620346363306,0,338.9838257971444,0
22.959082901582264,4.404831950092958,29.42522967495648,0.1926899280512398,0,328.74153750243204,0
26.02608584673163,5.776921854760191,44.26244449595624,0.1993767080511684,0,237.4634941770641,0
41.92306345118743,3.0830872355287156,35.19421226638973,0.057009027283380864,1,330.737653705266,1
21.1794916374379,5.598174602990567,62.99181252629184,0.05420162093174242,0,222.73854425006644,0
21.597871458147225,5.963164725354343,55.72085682554423,0.18091428624788056,0,248.0930357494281,0
23.58577783741358,5.353981932671006,25.708876628333538,0.1821209622964161,0,302.1820066232869,0
24.689021749055218,5.441740428168491,60.59698685804139,0.04284543155828159,1,369.33903286426056,0
23.63451431039153,5.296583837150803,54.265679117836775,0.13476337501261185,0,356.36405617160347,0
24.89854664700584,5.353036383565066,49.3257100365725,0.06269281482308148,0,334.9216391031488,0
21.691928999478595,6.109371569459285,38.6081787573625,0.08463148401513843,1,362.19709624830625,0
23.971851777398935,5.94890537039672,39.412165590747925,0.045327978714072105,1,275.25440633500756,0
26.927902502109422,3.9500864546304726,52.69235132886258,0.10214536630838458,0,299.8657137068379,0
26.710588426404627,6.333749048627516,55.044956768553064,0.07210760723732816,0,288.77224792046735,0
22.883099021157925,4.762186117851579,45.89142800863526,0.15045517058640265,0,281.5499905374234,0
28.39883998480338,4.566806250665745,31.097953433510707,0.1407650711330102,0,349.4975427200054,0
28.050606584149183,6.53281313232342,59.88095983576687,0.1483761497454588,0,284.86694781622253,0
24.343929390362256,5.79843682788365,52.59492721030846,0.051362544782660786,0,285.8353520291144,0
27.58266145812992,3.7685004227784002,60.826249210022105,0.07525596709103402,0,235.7815295845413,0
58.360783713140066,6.832360509364944,48.306182765414235,0.080345680810366,0,398.03589160193513,1
28.125337010461365,5.478223940162623,46.62250967298065,0.060090705305151704,0,308.9566895121495,0
22.411152988203384,3.495678906912277,52.9376808097944,0.1502999169816341,0,345.76109812522105,0
26.786111853422074,4.761382971489395,28.469905613558787,0.11435503187006298,0,281.11170133038047,0
24.515521308641866,4.945529082902288,49.750973136371805,3.5249349155769805,0,211.8591888911892,3
23.095203229739052,4.671446748209703,48.91665152630706,0.17294899084159193,0,313.47117260274507,0
24.746407251758587,6.47350385502992,50.716076622672226,0.002233990208550432,0,239.7845533730245,0
25.846159920648706,4.428953422125659,70.47651903896849,0.03231086196042593,0,331.24697451579397,0
25.729155392055517,4.718484620729561,34.56405811557962,0.09662145361056762,0,246.1416586920736,0
26.326766097694772,5.018777723387947,52.7279338628598,0.14791663573425706,0,235.8721653497356,0
23.88917802596732,5.927618890615287,50.14082859801776,4.114961046363768,1,289.5235809241472,3
26.646589988710662,6.2609516854809275,44.671484591398155,0.043349671710930154,0,221.04191932887773,0
35.30600045309211,3.99732492431926,43.457206240367526,0.035497375377542106,1,280.7289346919092,1
22.729111611325752,5.642474446572619,37.28455927873233,0.0829865161022915,0,397.3349231182781,0
28.936070478616365,3.8060177299575044,30.787389922498654,0.07319528287909005,0,365.85293389836824,0
24.636531510292762,5.047888782675215,47.183116792108706,0.08625838109713864,0,318.5251005414046,0
23.50730421320624,5.829733880987369,45.27466014717975,0.04035447603667093,0,314.8583573612454,0
26.877191606350223,5.871045293145217,26.180087268633415,0.08774674564783697,1,43.90521807490593,1
25.446908572278033,4.97652292281122,42.995255602652705,0.09565896453560217,0,327.1469631002444,0
25.01157022965331,32.828308552825874,35.94323192295998,0.02317701482269391,0,158.51588480462678,1
23.519527979010075,4.500189657977594,50.90660133114174,0.0014599591953396163,0,263.99185481600904,0
25.14139404332968,4.619531463882666,51.67650155386656,0.14391027827183225,0,341.96239226952974,0
24.178333146855667,5.2315278303004735,43.3241710294105,0.12083539098204857,0,300.2264645525779,0
83.04522646630622,63.135994714226726,21.34419861779224,0.06613188856391153,0,310.46771650938075,2
24.478753737723526,5.266321575301364,49.41699537736928,0.059099887484009204,0,354.68926317637215,0
24.626056974365437,3.5952347783329994,46.53125608109906,0.016018225114668508,0,304.82364105671047,0
28.205221543758306,4.857176952040584,52.590061592566514,0.1302319442274778,0,231.01536760335497,0
25.24511031390154,4.484365965919673,63.68623422698511,0.0652748419307595,1,365.99982242598367,0
26.446491960834393,4.770109597351937,33.67756410604632,0.06593940491644677,0,267.38813334637575,0
25.2614877180365,5.5410509840616635,59.852201728091,0.03008214627698888,0,243.50361592899642,0
25.643140465305358,3.9936297369859948,69.39184700712659,0.10152887740067881,1,52.81165142894617,1
24.818506485321755,5.265107094512243,45.39476578838686,0.08309066415087658,0,271.1987414761666,0
27.79372778610461,5.470913063557952,63.88824414144988,0.18553533264168345,1,224.72143294901582,0
24.47567215974972,4.664962107981648,38.66924826907843,0.0256918862696692,0,324.6359673283513,0
27.894291655740535,5.513768334401771,58.418588227085365,0.009658860107990663,0,290.51108502160093,0
77.38484595868512,128.13051737164417,8.047210974898789,0.10843612886729387,1,311.509040311461,2
25.798898284392216,7.204785609121149,44.90212153129516,0.10749195269073442,1,333.82849641947917,0
25.11720787905144,6.128906595877223,62.68780588413842,0.030671997060950085,0,289.63143965318824,0
23.57931952666181,5.846631621033155,54.88012715401868,0.14479673026841616,0,395.5211920186963,0
23.29533264309378,4.852623774802182,49.24647758740443,0.12573201199905795,0,266.4178105932024,0
25.094445043033453,4.800322698143535,67.09055183323582,0.05680376480872859,0,312.2329414832204,0
25.16417379925486,4.219782851862359,60.468009034913464,0.10736594295156977,0,323.5745089224482,0
81.60012541967063,71.53245019528526,13.704986365159243,0.11171863816692018,1,289.1577030717227,2
63.405628501984275,55.23011961971386,21.551040681225814,0.07857857826222117,0,235.8457281811779,2
24.752369314808792,4.362184233561167,70.8518696839758,0.0,0,256.8317619115687,0
26.152712035227616,2.657753129592702,65.92852064371988,0.10852830133850631,0,329.82708321022375,0
28.312229785760714,4.892795287901851,54.31608522876597,0.17012730111102917,0,362.479746661856,0
21.224275525555303,5.702503019063358,69.5466254346249,0.037778197612565234,1,314.4631880108282,0
24.949667625188024,3.856650268240573,53.1261712346776,0.1302625529345467,1,38.185587384226906,1
24.867956028107944,6.568533938709327,45.808662064110955,0.038137250856268616,0,292.42919660067867,0
23.76376496168319,4.809784578648867,67.92321330992446,0.17028495059883925,0,223.34127023188327,0
21.51686069949775,5.670872194501932,30.69166399275917,0.05116611523463227,0,210.00802323057812,0
25.767789399688816,3.9110123881278067,30.601140211940397,0.10278371532483632,0,240.14724975867946,0
30.413375881951,6.0625720057333625,55.89369607269572,0.1037425906107809,1,313.67607837375084,0
25.00454254073103,4.962522571973041,48.550505495774196,0.0949037811513807,0,273.07367732157604,0
28.03035278688711,4.874825079705138,70.71171302533111,0.012966028175630834,0,273.89349068871263,0
27.601300408738485,3.663608271676586,55.8278585403212,0.2007097161177258,0,285.7117641981822,0
22.76741965939772,5.274930781070087,52.044451705231744,0.08386617675000174,0,307.42655078207525,0
23.438239178190685,3.905219809981049,55.96513814771938,0.06710570746563153,0,379.2887284023169,0
27.111596476933144,4.675927816198218,34.58966930899537,0.17025277928014468,0,368.5347994452488,0
26.92096882458818,4.243596008732277,69.0518491022359,0.06651647701314678,0,339.3060273799123,0
28.595089689371974,4.536202730350121,54.05029604444193,0.05153604008278174,0,342.1994626059598,0
27.413765781853716,5.119512885406703,57.62829145585914,0.12636741176405378,0,281.0054395656208,0
25.231721517684,5.1745156615457955,46.476951266508294,0.10314725482709967,1,281.23524151432895,0
24.050012625685003,4.874710128691892,53.621361125491255,0.10901144120823232,0,227.13476155072323,0
25.846916663660778,5.530423463975238,46.016613773112475,0.2042514838130346,0,185.53863679079674,0
26.24161532168081,6.216064836436184,59.9823910583034,0.16283852987366673,0,290.8341578988348,0
22.812463199548983,5.71716997461329,44.35639575315967,0.025107066261026642,0,273.04446696491755,0
26.866441031160566,4.38863435263567,64.39080361126013,0.10831218974896459,1,53.5603246712714,1
79.92667719368933,90.33391068252571,13.562354129703955,0.12929086487337255,0,320.3351841974145,2
22.59497591805824,4.81521329125194,32.107280514511615,0.11304485430285602,0,420.61883269619227,0
23.23082210638101,4.883782736748612,44.62171630134978,0.12496292427908322,1,59.485542996542414,1
23.713728415943258,3.9628053022331517,45.86649703239547,0.16135800881283793,0,193.6345229412677,0
79.18415483210121,94.04100967720032,28.42583566023905,0.17150863718093898,0,183.31180463729265,2
25.45468972942317,4.335568804965668,39.91636838450319,0.1730114089869481,1,283.6196236953944,0
25.691887335960132,4.8699291587164675,58.89317907329353,0.14150588322476135,0,329.5670660586353,0
26.538136794678913,4.8132211959213995,42.40340881805338,0.05793531291878935,0,323.156923998752,0
74.68119330676366,94.60607493278359,21.725696548270292,0.17079553202463382,0,350.05324212853816,2
25.572032310794086,3.179850784954361,61.37753042291001,0.03397711149579587,0,351.85376466132857,0
21.995150804712896,4.937251474430849,56.00116455244506,0.09892908525238317,1,355.3991255526822,0
23.968525054473183,3.958815214825705,56.608481338784316,0.09788249219837654,1,326.00835443646736,0
89.25078964362015,56.5864143299261,25.091102146172293,0.051263240904378976,0,267.11016152018925,2
24.133901370523258,6.307533880317537,55.05631051253113,0.10962524685093372,0,232.71860408359265,0
26.90310415615817,4.408356359736478,49.92762686550464,0.08388794230821396,1,234.3695866423655,0
30.119798519537078,4.397308313009603,46.19204146164365,0.13722227366165704,0,283.7272835547497,0
25.791609881460417,4.869585173182888,47.531766695234424,0.03996781338394524,0,195.93293056786445,0
24.411891672160934,5.6924495930442145,50.05221415342271,0.07043319915988144,0,342.7099824306408,0
24.537095570024693,5.801785184328486,39.93691994406913,0.09192764334150665,0,296.4942927960984,0
24.368732291582123,6.167450417876661,58.18408793431518,0.1119985795276339,0,331.00465987934336,0
23.373280127102216,6.684446339410836,50.129639414717595,0.045646624353254096,0,299.1987504793191,0
31.593435074888276,3.553041478454187,30.232759233194393,0.0,0,332.1496577366667,0
25.055933087957253,3.688856178213024,58.802141396241765,0.21230940067791326,0,327.83979734138904,0
22.53781388146846,5.325683093837727,49.26585772607531,0.08944205099624283,0,332.8433031654751,0
24.5047769271171,3.6258265476284572,49.21830063864207,0.13637736868953101,0,292.551416761782,0
24.44671818138915,4.428920697231545,36.39884286576136,0.0995702542302866,0,332.9512976010548,0
43.415783904442186,6.012692204550936,45.90834930786058,0.0728512146613994,0,314.7227298650986,1
23.998920982833464,4.583139829288247,45.892711100225355,0.1552388184027909,0,401.0857493077131,0
24.94620029502123,5.168692744809392,53.27639236721421,0.10286877769034906,0,296.09943558868497,0
26.25405733183844,5.000328723668131,21.341700657734105,0.05197482325175623,1,371.6203628818877,0
24.88396981121214,4.546635345729157,74.65927331461364,0.11266212111820713,0,271.1922724322426,0
19.59551548327684,6.059390567189696,57.23870874907686,0.05853437802221122,1,362.25128178616575,0
24.074338953139257,5.672452775386156,43.95861713248382,0.05047868189802921,0,320.6353883611721,0
26.04021016495629,4.5414723575840705,57.06253373594852,0.020443701399086286,0,334.30402192999856,0
23.33704265419702,5.429006848016388,61.86893077595897,0.1672592327673149,1,318.1821342261306,0
24.07525566139425,5.7751818291196715,62.03710535395099,0.18034463502411058,0,272.7356464745294,0
27.406920113800794,5.534135942265984,39.726865769490274,0.09305136342224467,0,264.50173629831346,0
22.113171127482897,4.961094899579461,48.39816433764991,0.10941951574532735,0,368.08510599661633,0
21.320015501172733,4.733936344237997,25.142050877138168,0.07072392190521304,1,304.0165880759613,0
24.598470122946015,5.127385099826998,36.882414555246825,0.09994597213725022,0,269.79838547772977,0
30.86064057098502,6.8458013203719315,50.52622130017261,0.10800720824576873,0,274.2829369714694,0
24.282760101273897,5.79821695357066,60.7338011513863,0.0767061077610126,0,305.5742408575539,0
25.665241569562077,5.101737205839926,33.19220375089348,0.1373805122636025,0,327.7448963503932,0
23.386147361019432,4.075642868141521,56.414197688667166,0.09262755461097388,0,311.3785141407549,0
90.2919976854358,80.15005948963376,18.817926848606824,0.1197261802580938,0,246.50195710724586,2
53.516354630086724,5.911799946410746,69.66990882370666,0.07814838538352684,0,363.4482512715816,1
22.851074467287997,5.59317099099803,45.68234511006627,0.016830664432023357,0,269.38671173443066,0
27.534009997244127,4.501872839784908,43.23572113920767,0.13498181384758656,0,256.9233415908537,0
52.46897173934063,6.659270664219191,58.48836795979521,0.11981357817930431,0,311.46752136813683,1
23.433432442399372,3.7009705169478737,32.506737171703364,0.16274828643141565,0,223.1466006465568,0
26.338089484941065,2.5097182916236713,43.33520073036519,6.550230939152538,0,285.8920232006268,3
22.452801997928436,4.306536971653568,31.78649790857859,0.0777404143926495,0,300.3560684407607,0
25.686097061388086,5.466147130494954,42.348653328903794,0.12131839094867786,0,320.2302017521501,0
27.975608696641025,4.685058840217289,55.54650939213158,0.12644169168748803,0,281.5511674243315,0
30.571823827988112,5.981821944438604,38.29564242502498,0.061636371382000885,1,298.4322356311987,0
23.047588194786414,4.200984892586513,52.70956599240734,0.23125697082993069,0,333.1982095212368,0
23.450797304229376,4.006174711142728,53.07203945897872,0.10221030874402263,0,284.205949757531,0
24.714905524277185,5.11808109989879,49.68484940819528,3.6531036599299145,0,253.24275008056657,3
26.26135972419576,4.62957228553033,41.581156497146566,0.0824196285859066,0,312.1129078310143,0
28.174751333893333,5.6651656439423785,40.66302308868403,0.11987233287763813,0,286.544459873485,0
22.991363231233983,6.696854073712282,69.87400882527163,0.13251555987481714,0,342.9229421319515,0
24.833337050249185,3.319212102447677,56.2198099402114,0.03325857084608411,0,297.0195077305733,0
28.893643924692228,5.9166276887228415,52.84511982521645,0.08665301564301871,1,383.8010729379965,0
23.018850023583585,4.8881907176642265,31.341142520214174,0.12437790025826823,0,222.61467993794065,0
47.839351811687706,6.568199690527486,53.48221104144169,0.0639815572551673,0,227.8573122966332,1
75.75466577454462,77.6109119748733,16.823467328158983,0.10601848831384093,1,238.33152591449368,2
23.073001878967897,2.6149912020290214,48.188904375954905,0.17596890914759766,1,42.24730538024637,1
29.29419694108611,4.739492246718361,58.990096064679136,0.04536857527859959,0,336.0638955937196,0
22.035763259131976,4.062955314808238,51.03216259765917,0.06438994875746862,0,436.78378524693204,0
24.3562957241786,5.959419586733026,37.46222927818457,0.0,1,301.52926481013753,0
23.595872875289377,6.5027276807992855,35.24128902898588,0.1095439967959354,1,359.6734214273604,0
23.18573270047529,5.2106774107921305,56.49552889450282,0.10737762929537176,1,268.8978262778973,0
23.68114622556737,30.93764880151465,42.856134402959796,0.060981169763457486,0,402.97714109329723,1
26.876700626048663,5.20949624772828,60.5031740603698,0.10395892314874863,1,264.73358345286664,0
28.937717702409753,4.351643629677499,33.32216539452522,0.14300920601090383,0,294.2591480175787,0
25.603495363483102,3.2306385986633566,59.49495655280734,0.17205927834029602,1,313.5024806722598,0
27.79724922111883,4.749145338772305,35.4306245447927,0.14340273271138884,1,324.8350806121196,0
26.22169291175166,7.392903508064368,33.228511225005654,0.04903579424950652,0,418.0441085906483,0
26.754724418412952,3.222024465297649,47.758336705090706,0.09157270420482211,0,319.5943314471056,0
28.180963252145716,4.536376145390001,54.485252785920395,0.017041515623336445,0,339.8755153439062,0
24.562883323323167,5.052372839724996,61.634949996973816,0.06475742446379715,1,269.9173785555438,0
26.13355493763109,4.453241851987946,35.628462101887905,0.036194716314688555,0,350.31203736558183,0
26.637816612694568,6.553594810449828,53.851080321263794,0.09778699398607117,1,73.83675380738202,1
27.847767380312135,4.702074591043006,58.04838841171484,0.08923995695908257,0,228.180229542743,0
26.85213518646569,4.996328911519485,60.21725268760073,0.11687868667195067,0,310.71958241434425,0
26.6886991745832,5.089475521864192,46.852736924614796,0.1399470197699194,0,307.9279092864668,0
24.13404746951557,7.258460796154644,62.28466490423543,0.026307955159514215,1,30.496410071063732,1
22.01655662309274,4.047139503194146,50.64455083227994,0.1536920913975801,1,291.84693601365126,0
26.512230352350365,4.468124207097731,47.132936781963465,0.13350836310652314,0,298.4302031466988,0
23.486377748634805,5.327583472177496,48.85480796708443,0.0425449023701599,1,343.7377338354803,0
24.354784454396707,5.282377751199515,40.8370695299544,0.1519720696115296,0,314.5302348630896,0
23.864630543848687,4.372053918556005,50.40390126778545,0.07286515062978124,0,338.1659725716574,0
25.136850622415807,4.053935487874432,59.047498032588244,0.11051422819476142,0,326.9017419577231,0
23.188532577765397,6.654230518279952,53.41442622764403,0.06992080102256443,1,255.2155744152114,0
26.513105801404965,3.798787181106737,41.622583256511426,0.09422713414054053,0,272.328437701239,0
24.719993802537058,6.377209807148872,57.46552851653579,0.12430087535829128,0,295.4539598438102,0
27.988010495415093,5.5408282103844915,26.47213530114641,0.15887852070747321,0,345.63634065599047,0
26.68972580755038,5.147011750866157,55.85132039263763,0.049137254988813765,0,299.4116081088183,0
24.92687811474166,5.552008310315779,55.69301667889382,0.0,0,267.68212314253185,0
25.279915179409052,3.492047085721846,49.85499071188179,0.08549477748423705,0,355.7565125916408,0
27.818898966204337,5.7188634195407,36.64534706551881,0.16297009014960617,0,336.2001127500008,0
26.35414417769066,4.984312540241538,48.63208175175756,5.102590790954994,1,317.30829105273904,3
28.076789968876557,4.874633014002492,49.84886409914052,0.1789307695239315,0,271.7066384012592,0
65.57853888661701,60.255015359355724,18.406305502112602,0.21433988112469254,0,300.62944666226105,2
22.636938493339688,4.782613800583495,46.583347163802415,0.13637451020783828,0,189.7032410042811,0
26.430086214029135,4.2988357778363895,49.29481307001683,0.10924809635427475,0,311.33286798244967,0
24.74374317116044,6.043042526836382,55.95831864510547,0.10606218659101899,0,272.26665627059657,0
22.950803907008446,4.107231757138208,66.82924864559871,0.13261140408048344,0,238.31529178357255,0
25.504659946743352,5.33914168620787,40.09352689907941,0.0712967643215981,0,208.1755580714787,0
24.136451344134034,7.143484387852611,48.992028313483644,0.1158231249404643,0,303.0626355170194,0
21.6031461815253,3.0614731630602465,55.963335838654736,0.010748708046514899,0,288.58912327827346,0
26.3873844705152,4.014053527036088,42.44223997037971,0.1465855375205221,0,325.47474308277646,0
27.684513565720362,4.337761921334376,41.966871415928836,0.07375490185655008,0,328.5804355403558,0
26.426981910079025,6.918898084553338,59.315450858532515,0.09544065285663444,0,265.40345796911805,0
25.979924618905432,5.960060874701522,52.997961715729296,0.18704290385072175,1,283.6627705029454,0
25.832553661904463,4.263877705609668,51.424806730600885,0.1391637776556269,0,281.2913207598281,0
23.838045971850708,5.032482054753244,40.384773126707856,0.04323043380633843,0,169.22655199980753,0
24.73061226569869,5.061167902617495,44.651323829046525,0.09551410856038726,0,156.19838589767915,0
23.542942247557033,5.715866337164076,59.42174303593869,0.1321145996801651,0,307.91959778762345,0
24.069436432498357,6.1972120351038775,45.00201725392704,0.13515316981053718,1,56.590680288024856,1
23.514508857805843,3.966971154965056,57.1373521966136,0.11639851952361165,0,308.4694491582708,0
27.549466015316142,3.0754061213680313,56.07915548572865,0.09091234132371054,0,224.74360610784714,0
49.647637741701445,84.91456783639393,25.492093219355112,0.14512458277789236,1,347.9482221640149,2
24.19479490595407,6.362446423875159,43.87393459734216,0.10623805956693849,1,317.4143123833409,0
25.566647185071332,4.063480154194509,55.795842217637386,0.025495866221169103,0,267.2907837119836,0
28.67314526805781,4.04213460457132,69.19000555302682,0.09211572794038941,1,270.68861528595005,0
22.90729992862516,5.522971573896945,49.28485990727018,0.03303648422573495,0,224.15707917458406,0
26.16044649930478,4.896099867629851,50.330417391314526,0.14860224435512698,0,307.4471398120644,0
24.32735925634096,4.065514651690497,63.75179057607244,0.1936788196948568,0,255.32904570803572,0
27.50061837779503,4.661340812210632,64.73158757314464,0.019728316683208236,0,336.41190536529325,0
24.71569765279636,5.893067826986773,51.4765184053745,0.1608564960578056,0,223.88973475370727,0
24.95517627241225,4.547856982409417,65.6253241354781,0.0823977322314158,0,264.65783268427,0
23.363842025388045,5.817485780656192,33.820893542099455,0.0,0,281.9203849965327,0
25.55605893515787,4.92403362093536,56.60040956570828,0.07229578398880279,0,339.44321079260624,0
27.217553320614467,6.241134320014802,28.71409791173069,0.12252059799647333,0,273.51959002152205,0
24.39323746372549,3.751778110209582,64.99514029392778,0.07772278733164775,1,306.8366327935755,0
23.240173190553726,5.7438296345821245,56.80302892060476,3.8936263361638233,1,241.13394793651142,3
21.424894011711352,4.575743127102721,58.07640580885491,0.04948330748817808,1,334.0581032298082,0
19.211629884856833,6.192769001647097,67.9468894716255,0.06938000701971438,0,262.2865919354268,0
24.74643338672266,25.15906624639453,54.286371027612596,0.14298150471814686,0,267.8837641250286,1
28.676873799056658,3.2563054929427633,57.0960102140148,0.004520861640154916,0,260.4834309150766,0
23.105342955372528,30.7848431352438,32.60592534253885,0.17096731161137568,1,219.41074682563993,1
24.08513832498321,3.6993662952515525,52.97668915312794,0.08934431229536055,0,237.95392575914238,0
86.15788756401685,108.34154066686288,38.01416067905437,0.10921042213255713,0,255.51717582269293,2
25.083178135116867,6.420400923129856,60.12635254401941,0.1498016251653763,0,388.71198090200903,0
65.42981556109405,83.48622007053154,18.858407869874153,0.10983706302263016,0,276.0926638646861,2
21.171988343973027,4.4198723573010605,56.87373242237504,0.17187733754663231,0,289.0859506925901,0
23.97564202898734,3.8523536011345643,37.82002159443648,0.008643553021293354,0,301.0440864760733,0
27.73812259968493,4.230668845649595,66.52834186339027,0.15567606767291697,0,284.5157541861858,0
23.967587737287072,5.15466707007445,43.45153647045227,0.09579123255967327,0,303.5468019038893,0
26.492789747044405,5.2653280549999,46.59604843284136,0.06439796722909885,0,340.21055158348224,0
24.63807295217819,5.714329902485638,59.02199705804074,0.15095924269308234,0,304.3888375760599,0
25.459174793951405,4.761755698101546,48.80840730048766,0.09705867954159748,0,376.27352108466226,0
28.10726745726413,5.885525204300973,40.652182933127996,0.1701577424517234,0,321.32614491612156,0
23.280918357315773,3.903048202845369,46.11430753247729,0.09913079452286723,0,250.98562246310655,0
24.869352955441176,4.89524045104405,39.350464324679876,0.13755363597707285,0,325.9883280994614,0
20.31005546095759,4.488306128088288,46.12882726420195,0.08318449772746778,0,372.71382157177334,0
24.649421417744694,4.07828156395078,56.145200456752455,0.0,0,326.69095056314,0
25.71953140833204,5.031769712697635,47.89836352443992,0.08157115466299317,0,300.6564309088851,0
29.487040745993035,5.229272954126752,47.814034536824636,0.0,0,244.69387832032487,0
26.598405438484285,5.363891362150054,50.074371388099145,0.1102127471328513,0,275.1846261393838,0
23.12331272013497,4.128140779651926,55.40868445211916,0.0,0,207.24649586384714,0
24.011014796235703,5.037645065097149,48.63864151133026,0.19900771757656963,0,271.9213421978523,0
26.314396565679445,5.080592885980632,48.20926007672746,0.09780031628487337,0,319.70167524837353,0
24.02667438535261,4.213918801191992,42.001193344866536,0.009593852302918815,0,349.92975547201706,0
24.288341842213903,5.540476196019135,49.98083045870031,0.01043603465367729,1,53.539768850636754,1
28.78530741667423,6.429774859514874,55.828280694561386,0.10757168800803592,0,370.05346778135856,0
29.55215803565533,5.759413774221816,47.372045230528975,0.04423406346270248,0,265.0092528171013,0
24.487668187508334,4.7125697917737925,47.10879572833173,0.1412653758620157,0,286.7388067274733,0
21.560314392304598,4.234910211607039,44.20950273518863,0.0696368882313282,1,245.64848359993624,0
25.426181149737943,4.233058737616937,44.74047260205706,0.11292300871595345,0,283.67586881102216,0
22.089088126297295,6.131685830250723,33.66335705279671,0.11809169550888864,0,252.28101383486856,0
25.831075987674005,6.0355650677774095,53.44630504634511,0.08866776882168456,0,268.45724806437903,0
81.33257359698383,56.70906443779767,17.55931859928938,0.10463584512194346,0,317.16851748977376,2
25.79093888009117,6.2124909440819795,41.81865778362325,0.0,1,266.96936043162805,0
24.481407262548007,4.789212475421429,57.69536914494699,0.04310701824496876,1,55.94466481553227,1
22.542546479108843,4.675021405831332,61.95185402403098,0.04035519031816081,0,373.84561481551344,0
24.209393168881363,5.387223067918211,61.77870082842069,0.08031727607941691,0,299.6573002549255,0
27.23693882288669,6.435740060934881,38.1696933468215,0.03718654275448276,0,234.76031131895792,0
23.020609520964697,4.371019590795186,55.32394722360245,0.12681806013176775,0,395.40054254895597,0
25.518768666885606,28.291523939040218,52.97287094759973,0.1467374064770674,0,311.2316157928038,1
26.590559314631417,5.7062900561002206,45.415549311785796,0.17758514964988853,0,260.8210347319191,0
25.607385187842393,6.5861972650791305,49.58320221870586,0.012262079086187067,0,225.32874700596835,0
25.444116117053568,4.181317124838636,60.537921573368656,0.08856827917685556,0,211.3718828973307,0
23.674713212343946,4.841563355872767,46.83092951394298,0.17838251798937518,0,344.8549085698198,0
24.07347621360197,5.680824209172754,50.53452165760636,0.10140073959784508,0,258.676314102975,0
90.75550580844151,108.27651982227577,7.859584614694796,0.0171516772130636,0,272.2711491091069,2
26.530851827901426,4.804995235099101,48.506450789695094,0.15825617917037726,0,269.0511215796452,0
24.09019866378973,5.4881542645388235,44.83951843898222,0.12732622080267567,0,304.76320321883577,0
25.855103602218716,36.02684777892245,55.4638876430926,0.13900980655997724,0,265.8989092567974,1
29.692802647986795,5.656385300841323,64.92831891365158,0.13603636191480342,0,296.2918993556957,0
23.499026849926874,3.7460972408759163,60.08137599409569,0.06246925379959118,0,281.31189250161157,0
28.348038854874474,5.216356534591288,59.71726309760503,0.0850667304710151,0,278.4091345168203,0
23.275673168191922,5.954794799815014,45.75748285387915,0.10922444418009897,0,289.4778057780128,0
83.63174994670199,80.6367511817108,20.012308927315157,0.12007329837922642,0,310.8185743089582,2
20.536891559221267,6.324044814162138,48.32132938018887,0.11293205846011636,0,261.9633076611495,0
25.5047964133041,3.8615374088456957,31.103022134020996,0.11098008409067744,0,301.06165328879104,0
23.093353086526907,4.677930175146355,64.97495715913452,0.13539081603190756,0,332.5594884787692,0
22.261734675236607,3.7251484289876977,51.51819092743759,0.03123396589704895,1,199.91372593828567,0
25.926617342377227,5.690474934837334,53.19931692137832,0.12640983618336565,1,296.73446441638026,0
23.67562290464668,5.516134966087943,65.2988348840515,0.07493854962782731,0,248.96298948958508,0
23.35579962230397,3.7492592991249474,61.68565042008825,0.10244555490087354,0,210.096082002856,0
23.041639127444803,5.0796809798454134,48.565302696956024,0.12598187341342953,0,292.9431589241817,0
23.83707671406888,5.847019577145456,57.72803090098276,0.01872601581858263,1,336.7734254640844,0
25.059242283913832,5.6337159007251945,56.13122499229184,0.0,0,242.99586994882782,0
23.30132430386965,6.0299214770121665,39.713860792346324,0.008370886715110076,1,42.94566275942714,1
25.17837539447709,5.202520882733936,58.06475555002265,0.13992193629912766,0,297.87584205655844,0
22.113643461732856,3.801897681205576,32.26809087820237,0.09308692530247337,1,267.0648647097803,0
25.349846934883928,3.863109307600851,39.00751442433485,0.13627457861315073,0,301.3105773150798,0
26.76368298358933,5.390839308189407,39.52138994350613,0.08117752268796087,0,303.66864656673346,0
24.36658413534817,3.34013214974221,58.40363599554779,0.08620184517724996,0,303.8079505123125,0
27.118897678852033,4.921430652511207,41.22272664677098,0.07629953710483842,0,324.9506846056562,0
22.930389673109246,3.4113558314033434,42.278353131353484,0.07949318691145091,0,251.27003472229813,0
28.11475399752849,5.600400949291106,71.92135710252188,0.019739644106146842,0,315.65718627688443,0
24.889151876035157,4.6131590420134945,37.257127769490765,0.11455048136237211,0,271.4978003791495,0
20.778638304823172,6.285370161037726,63.250960561048196,0.12909406497880202,1,233.0811732582116,0
25.44979158977264,5.0584770684681395,48.61582147660025,0.054410105916966135,1,370.52901993866124,0
23.58172024673141,28.894358860429392,56.256003295579745,0.1158920478762452,0,327.99821201379086,1
25.36112187639494,6.000803043382552,42.906410903575804,0.1298347690455242,0,301.66050899426864,0
25.224874652224358,7.033725188216292,48.62083958940495,0.13014184929722541,0,344.0235552714197,0
24.134611078783454,2.779743685160386,49.68596983075496,0.04538318510244948,0,306.59088662983595,0
26.465718565093677,3.4686495971871967,58.39992166370386,0.1272204865428807,1,376.8327914369989,0
23.876975957111018,4.856833666364468,39.5556380319222,0.06579782774799525,0,253.655758385691,0
26.63724736698097,2.9812802767208018,38.1040416216989,0.08426065733572027,0,362.3029462460116,0
25.999585350957997,3.8854927319059307,34.178248885567925,0.07257981593682179,0,331.2560228169962,0
29.43549071309696,5.016962149554999,65.71016656448396,0.13660086324485213,0,224.55756581852518,0
24.17122656778193,5.510439978000994,53.54856540257777,0.07461660753951467,0,286.2878245761776,0
24.384111887349917,4.313296995010156,54.4946465197448,0.10181228636616305,0,271.47576571794616,0
24.041333912070236,4.549605559184551,45.2095002646284,0.10029418889251868,0,306.4501379006892,0
27.761472825278197,3.9663011871927,29.694233881741248,0.0830465302692364,0,289.8545510708369,0
25.82645089937207,3.0492326726284986,41.70899947883893,0.12956600802869217,0,252.59380267837287,0
26.416894609897298,5.956009937629609,52.72772141004539,0.033245107689112305,1,66.76635340636963,1
23.156282640144845,5.938391334059586,34.76529490696453,0.12124512658931925,1,410.47333949014774,0
24.399005221289187,5.19453705809944,51.44719574678459,0.06539312761827584,1,322.8651049806626,0
27.885156344504885,6.562889819678176,48.58340802297793,0.11188182015053724,0,382.85053669627155,0
25.17429318751587,7.076559182294931,41.817413213238765,0.2096905481970986,1,252.82433156780223,0
26.121686571952843,4.082793303664975,47.34771247775298,0.17206995551608797,0,242.7238390248101,0
22.2373743312108,36.22910777481752,28.884282317865654,0.14999535335825295,0,337.23946561170203,1
26.841509130514478,4.430102080587894,47.13082424062324,0.1155814411862365,0,334.71996710736187,0
27.308325560842913,5.219145338657348,45.39935610534444,0.13674994993832257,0,289.31848457573074,0
23.142433260033165,5.568087420611674,59.23153350505044,0.10507779928051222,1,286.5936484686075,0
22.642040112379078,5.664120483467898,51.165189035707996,0.09823056029447261,0,197.49304787223235,0
27.53436426347777,5.496366243634966,53.62511011344172,0.16325994439764746,0,237.22659951537915,0
23.069653790390365,4.062351257667222,38.04130625376941,0.10667612541276807,1,259.6455970131209,0
24.333152583435176,2.55847142908153,44.08625776608062,0.06478527152578978,1,327.85512234680704,0
23.85771065258512,2.6130999587430424,33.54485967385445,0.07059793769253749,1,342.27302664871837,0
21.390794181221555,5.7311108396894745,43.608607822149594,0.06319014578086629,0,349.5523523463726,0
100.43634789923598,102.09739909397419,19.055599316432723,0.19459778559013186,0,281.99010457575326,2
26.755819595506004,27.651822558655002,52.50261737645473,0.05310387536984579,1,339.2646803517524,1
27.191978912490733,3.7962146738043803,46.96420048063605,0.11592713818319783,1,40.30720020261203,1
24.532653416550154,6.076178733604915,60.60404211078652,2.6578095841794362,0,305.864362061759,3
21.724063549333483,4.275143324306166,50.31291483610776,0.06640663690035625,1,278.4634767516991,0
26.144155242009887,6.0588718465755615,52.964675660492254,0.13445947993490742,1,292.7216175128558,0
23.656270984760802,4.186448692690665,45.116723231997234,0.07432945377717798,1,368.89398209092366,0
29.01591219172464,6.59219791403818,36.76742643231452,0.029007123270751375,0,240.46452840274196,0
47.83620853403452,5.020893607149565,33.888922426399716,0.048692324153984945,1,278.3322279414681,1
26.870537510488397,4.46686273226024,47.656339782805624,0.07169951357399884,0,276.216995471076,0
24.06995222979484,6.526646964792985,45.493150488669116,0.11264241256154625,0,379.9143780242019,0
23.671774570740574,4.109331866754299,37.42946925356557,0.08623387359564232,1,286.9250489181298,0
79.9351947962993,122.56935537003201,6.997320362854882,0.06830993019269845,0,243.54090320597223,2
22.528587951955753,2.1514729113483937,49.24695579259165,0.14951931183056766,0,305.27503748981394,0
26.362787560220223,6.556089486811102,60.171267921051054,0.19283180283175183,1,47.69343831131951,1
25.12366334403624,4.915092676464646,63.4225352630361,0.08349159687465846,0,257.004753341126,0
23.316356393619554,6.184284597032563,54.36665850162498,0.0,1,257.3092466644081,0
24.92817919272314,3.970435407772827,41.428652895654594,0.09024091635427114,0,360.3246309235625,0
25.826108063572278,7.465851178833857,55.34118811938557,0.12762616164332308,0,313.599706227068,0
27.449962816111768,4.009286478611906,38.50801065311938,0.12589866881450829,0,295.2895708255253,0
26.271974282730916,5.300073504667295,44.830717391378315,0.0630927965580462,0,311.21391405453545,0
25.640923243023163,3.9264565564761105,48.26721351706573,0.09959999758618594,1,236.29104921084996,0
23.414726512105403,4.444423233121794,45.48032151806725,0.14999044918145524,0,287.2806046448502,0
26.59262016570707,4.737503139539245,41.88994760536112,0.13721573211813448,0,299.65595334997334,0
26.642495588553455,4.359730294663516,53.066606401189894,0.1271759274682011,0,227.00219576761452,0
24.789029265684448,5.509931241356795,68.41878002091241,0.08046241150476914,0,265.3908449741843,0
24.6146250915711,6.013323454919718,52.658756455315675,0.05131549102790791,0,376.3153793450248,0
27.953507459697857,4.278377808770635,50.666697554137855,0.0,1,303.08046931886554,0
23.30791656054119,4.362660598622819,38.6460365917378,0.08979627336055711,0,303.1171759978009,0
26.906176109984987,3.782196694677415,54.30077648367485,0.06731546565018715,0,354.8526711237539,0
81.56174721971884,93.45453955513379,15.386257182178152,0.07636630510300349,0,294.0281058681466,2
24.99538530920305,5.638516579248364,48.24691679835971,0.06358912375972275,0,245.3798235977602,0
25.80763478769575,5.228829359178969,53.157395635707935,0.0,0,292.15275973614104,0
25.283553121598977,4.6794822763340305,63.95707481867505,0.046963418802223315,1,373.7230163303418,0
23.040297522466837,5.595235545983083,68.81163507337118,0.041622395239150824,1,368.0811729154409,0
24.612447359568602,4.580768621101085,63.88088236640302,0.1955947082248722,0,300.4673588182865,0
25.51570476583649,5.373482650297134,61.2583930172923,0.06245161510983846,0,265.025524747465,0
25.96105932504392,4.511298029767876,47.18493438579231,0.07939721726197117,0,336.9304033046708,0
26.26385282459032,4.192434185272867,49.558419052087324,0.023767297175436117,0,288.7870604280257,0
26.338505128252322,4.933229182289255,57.19183380949287,0.04606696144847239,0,313.002725773039,0
27.857389232946414,5.780358849196099,50.377482591988034,0.07189251354503486,0,300.0676651232821,0
23.343183785522463,4.824914849726294,50.83802359611341,0.12203312784060238,1,375.03304247300156,0
26.125148340729705,4.52408269333982,48.02932497389536,0.058459704757563354,0,318.83584239346794,0
26.38252498201761,4.2467675233353805,45.59208303988086,0.1730278317791773,1,358.0954309814023,0
25.27373923588357,5.38937579987486,47.62399117596374,0.2903358683059797,0,284.37164709893364,0
23.95528014829177,5.376367037199109,53.8658258917093,0.14753139365632562,0,253.69689178254936,0
22.149661877243155,4.873610946383528,53.296308281952896,0.13601572125872155,0,351.55091085212223,0
26.749175291619615,4.741199136391083,53.61252283363536,0.18358297183243058,0,353.54411460857347,0
26.972225082872928,4.937029949722664,49.541118492573474,0.21114159574256672,0,286.81504670634604,0
25.208572644464397,4.455303712880288,62.90510997627993,0.10739844403163813,0,256.0491556917625,0
27.5185179936861,6.270398150637164,42.97541467676114,0.0,1,275.19430101083117,0
25.168043521866185,4.915563213644469,43.472637144364874,0.07231883429371788,0,281.6813576366768,0
21.54368536079489,4.256287002213397,44.30914669519656,0.005691932861481036,0,330.5264197104663,0
25.325268939800353,2.2248115388918976,67.92450823138591,0.1342041989388058,1,23.019848001279286,1
24.391859010980383,5.628400796047471,52.38197518950989,0.13914534974516102,0,270.0812209114724,0
42.23484248622438,88.89407924455983,26.088698018221876,0.10409527063020367,0,416.462385158505,2
25.425163425495537,5.066307079129436,35.16427751800788,0.17336115748565184,0,383.684534866067,0
24.54977487862977,6.524676742847567,49.9477340253718,0.1168803111236486,0,298.28458217137705,0
92.64969415623233,105.15353955706408,22.96015904697308,0.12870650254335125,0,246.08276037819894,2
23.72439186504493,6.335051866794137,34.11870074004456,0.20709913200739682,1,282.98194212082456,0
26.65001894953188,5.960686230691646,30.11366770417793,0.03551061566695017,0,359.9606270798782,0
25.361875654008,5.521028689331404,52.707565235498436,0.041981327446600006,0,282.2906552495089,0
26.754172357301016,6.854881580132879,35.51306133335049,0.18995642542619284,0,310.0321793436008,0
22.969491453307437,5.170447050412966,61.10497279091577,0.03651738669493494,0,355.63437188077535,0
22.904507429901248,4.304832344683514,52.56344977651582,0.044274969833374214,0,312.2065020416966,0
23.045462276753987,4.897961799181536,55.74826484461862,0.12451287222142597,1,351.25242547502774,0
24.60900837215711,4.2886894911951545,49.66755259945137,0.16209853824575507,0,392.091126363757,0
23.77653992716291,5.227753921258836,58.47637815069427,5.034743878460203,0,343.0389915222853,3
27.51749531484337,5.591050579159221,38.835653181722094,0.08227975083297884,0,335.6536616143268,0
26.38106492430237,4.366813660634767,44.750734792196006,0.07822955146909569,0,289.64880196569845,0
23.613776085083266,3.314250822503903,38.948174417403735,0.13141891901956082,0,330.6080963197677,0
27.40639471628475,6.180317839177625,37.5198941110634,0.12498958652484801,0,371.6875017107118,0
26.10315773346371,5.900575895565287,51.509890252084986,0.062491248300828466,1,237.58626219851368,0
24.087916651428056,6.209279538888993,53.24743320351095,0.10595310391215382,0,272.299223337665,0
28.324997325653946,6.134312383912294,40.716021884261785,0.11650024758350745,0,292.1827413250407,0
25.077146483952507,6.431019780125256,61.658867394684165,0.12692346936272472,0,228.44066170765564,0
24.479226801774956,3.317054666994645,48.48867421901011,0.142172994815431,0,239.58240252522006,0
23.671438051051357,4.297702786808764,55.2628586868198,0.07891440740782486,0,222.6079769360669,0
21.454273951142792,5.933579621834811,60.12875131655528,0.08506053634137004,1,310.3560638535437,0
25.372095424302422,6.916454321016353,59.1382665614555,0.17208230916711004,0,314.43048256492466,0
25.190239937971185,4.880501541846038,56.78684064817532,0.12760766065866164,0,253.34860145793678,0
22.913444811778565,3.884215288614515,50.24625988556797,0.04110818224618482,0,278.7627805064496,0
26.53581793474323,5.4466796280506715,50.52952524710043,0.08083118128529646,0,312.3443450766133,0
24.001418818388878,5.786860068735157,55.904523007847246,0.15699283021808516,0,295.919903782647,0
23.85156275958622,4.606789767217477,43.72983475283656,0.1343795928324601,0,265.8154757437874,0
25.398042225525465,3.587416817455939,53.030162924749625,0.13382743802014752,0,270.9560430911351,0
24.123375447121052,6.841850932615303,39.42941361670876,0.10940242831717104,0,245.25096909438588,0
23.692801429636656,35.049267470395215,38.65025835100742,0.06335934194481505,0,332.9729262219677,1
27.62076460323888,6.037524842395457,60.36064430399516,0.09543082213350504,1,313.83560623472295,0
25.281821756773894,4.579380657543979,47.80892837666373,0.10340835501932931,0,319.60589577770935,0
26.76215865250598,4.255725290125932,64.23437923444234,0.08793734406422955,1,197.5622985776444,0
24.151846813266044,4.736500527073961,47.36294694423446,0.12789688907621868,0,310.75782104457767,0
25.253462971275802,4.028566072077567,55.64514442494071,0.09330853241597535,0,202.44592168531884,0
24.631091058690863,5.677840097717884,65.96089292194242,0.07277359415326522,0,352.84148045993567,0
25.627560746322228,4.834871185832428,43.52713187566829,0.06394586416436995,0,315.54153620069485,0
22.10328816408339,4.707624646906314,40.6221333365884,0.06541857872883436,0,360.14361806133587,0
26.827161152428726,6.3595481664914555,44.72773889395371,0.11038998913788382,0,341.15855052792745,0
23.587340586607414,4.82854206935916,46.64716525482663,0.036556370369711044,0,253.8220339659251,0
20.28077679666838,4.130011019143605,64.19062512392482,0.007574189007313714,0,322.44498930737655,0
24.59539997982577,7.421955480535243,54.60238943227918,0.18478062666390432,1,276.9673430986148,0
19.185126241958734,3.8851975132528533,56.79750192442903,0.17686416486809753,0,229.76735413599752,0
29.061907234698296,3.705026025903914,50.59661893696978,0.009284593930519142,0,338.50532891766767,0
23.54726237455907,4.641044960650791,44.41980824508228,0.12260846882791271,0,317.4778827092095,0
25.091478258005328,3.952133694011028,31.48343036319944,0.07266560891313917,1,264.7341567014467,0
24.884952979693907,4.089928243631039,42.45345033111006,0.1153926387211833,0,340.45306104824726,0
72.96393073389999,101.01677090873417,18.60430280943841,0.17894280601867418,1,325.2326720267056,2
24.334841786228818,6.1780682402812666,45.40009247908358,0.0527535651343599,0,293.5974410635161,0
21.851580708795762,7.005768294509637,62.63028069816903,0.10940497830763742,0,325.3756436041164,0
27.38037824482687,5.292135697196604,41.65226013574003,0.06599926158905586,1,353.8708249426087,0
27.430651940952913,2.7406291161683023,44.00725521734856,0.0490414689349048,0,307.4794142785343,0
28.812565232254286,2.7806596750466777,54.18741914454738,0.1061662198814294,0,307.31704618745897,0
26.99470131310305,4.3675558079360215,51.86614826073569,0.11137106339688578,0,247.6571020770831,0
25.406306661211318,6.405913387529671,46.82920665240921,0.04688351592125927,0,245.7620599244775,0
48.318786295356645,80.28153642662862,21.150083688774792,0.17965468090826253,0,184.501569978078,2
25.729702441858237,5.324283624822547,51.30439558655502,5.11045833941036,1,288.82763620303155,3
23.431116162517508,5.43170578532148,47.68591998346743,0.14651458546448093,0,294.3186532740385,0
26.104050472981985,4.860934851515715,53.528823147861196,0.032866686837408926,0,277.110532357049,0
25.6771483801633,6.783229891744519,44.37195668702109,0.06862612578094232,0,293.3919123822338,0
24.395289497374712,5.001978818007637,57.22457737529566,0.10969192685774198,0,378.2910297047057,0
26.241750831813494,6.449413768996868,48.21780987432144,0.11495822835942393,1,51.95783822321603,1
20.847570633467313,7.358290940866139,49.911985090953216,0.07949886791678037,0,297.09196517484577,0
23.0641633599519,3.3876423690746265,48.534817209884594,0.1309304273805142,0,288.67558899854106,0
22.84678329251394,4.477563548042348,52.3628009395305,0.06932442540439795,1,276.2229207300639,0
21.458451154817887,6.008752071684044,40.444812315807624,0.08817397422971318,0,216.72394746398962,0
27.491325084878078,5.338025497250494,38.120494714242795,0.06476819020201836,0,352.32059835898434,0
26.342342718103218,3.948868264223832,46.20790470073442,4.748274673482853,0,337.5337577250975,3
27.459340652779513,4.587299758300042,44.29630685180861,0.1008295959682214,1,308.95104571147596,0
81.86575833160546,88.93033533422638,22.15604778417486,0.14809194162136988,0,246.58359144397144,2
25.267186487130513,5.562072167181224,49.58309367674055,0.12796355013737448,0,345.87799052265115,0
54.53872048734594,80.0126970576803,10.670832004363385,0.06757766733140394,0,363.5233097043234,2
24.22784603793959,5.355739607622881,58.469543083355966,4.387494979031475,1,272.86695505129666,3
27.885880135675862,4.928129214189226,36.778270433599914,0.11276771710560018,0,309.81381287148946,0
26.410871493481718,4.081973557740429,62.41841155158215,0.07018303261254243,0,261.9882391598401,0
25.67271347494123,3.2384175727453517,60.2343345556451,6.740997848102625,0,340.0176576785068,3
22.53004567259577,6.553059770042116,52.13446075989199,0.187659727925599,1,372.5354962067212,0
26.53156107896055,5.6586908139056185,33.91073450554396,0.08574207349223609,0,246.78137947829003,0
27.170449547135554,4.644977489937168,61.05674987897275,0.0796518276299432,0,219.9658445492007,0
25.115949393231325,5.966704981396601,65.06295914887156,0.022595580515375344,0,282.4258181919415,0
24.689187181388313,5.356873313317892,47.92204395827808,0.09756279509577336,1,252.56492326684167,0
21.622196662872543,5.058460456834026,58.9631018577866,0.036951262054569806,0,312.8864870605526,0
25.228545319857368,5.813885648712869,58.21550173180236,0.007366983801382315,0,325.490895422348,0
35.25059378828717,5.112332068387205,65.11141160012673,0.11788775417134384,0,295.0235836176123,1
25.900231681830398,7.587198242838767,63.60346155050598,0.11294139466860105,0,267.02698107377046,0
24.52690684071813,5.15571731953044,59.84362469582028,0.033525321390354065,0,279.161836138917,0
25.335695672155566,5.927767891038176,45.58291629188877,0.1322549888100416,1,361.1164602776201,0
25.343307539937793,6.854023800438602,34.75640929802823,0.184780493006462,1,291.6268657534478,0
24.739887727125712,5.9474275723138454,44.737603256329635,0.04878140681562815,0,323.44616979439263,0
32.22270012563134,6.198573670866252,59.333423042072525,4.135924308859089,0,286.00034655960906,3
26.871760145755143,6.278986415660654,49.02319303538783,0.09607502972515305,0,245.43982107923875,0
27.875793986736863,5.357004425299562,36.364641362719674,0.035318723195885304,1,48.93642002570203,1
25.169944123188774,4.894354119198321,47.07741974459875,0.16153008896327087,0,326.4202067295157,0
27.665603460952198,32.2652245856051,73.48018508653877,0.130464255820793,0,284.2528244753217,1
23.798591729398616,4.618937246838982,46.5860562575293,0.16181183530543844,0,284.0798212972953,0
26.45455875187432,4.983926113837925,49.27935789499486,0.05065436864983419,0,301.15830400310494,0
60.808987374778646,90.06824424399825,18.495411433773253,0.038592314778425174,1,296.2709884948243,2
24.62677355654279,4.148776608336874,59.2169129814277,0.08894336041917893,0,254.44372384038113,0
25.722210716472865,5.110671609630759,55.40152072350976,0.047966928066789,0,399.19768938073923,0
25.95526878201977,3.680271343850996,48.684059178366745,0.12133158929883986,1,238.66005070301588,0
21.94987905863227,6.779611573735011,46.97007626127175,0.09163023595359393,0,390.06957071376473,0
26.50166421869363,3.0313178619166132,67.56493281675318,0.12439334168480048,0,337.7184211020209,0
23.52140512727891,5.290728748963738,44.96219551055209,0.0,0,355.9634836992398,0
27.116211235992072,5.354840155570297,35.87317932993088,0.06518858098139099,0,239.34060816056802,0
28.71456837625555,5.0658602564958,60.5851659034879,0.1919169251314612,0,277.0572195905878,0
24.23861862179518,5.025704882027907,52.349230504972105,0.115652502440936,0,290.3957382078476,0
25.903760483029767,5.929877095846839,55.602598613329846,0.11654113626493191,1,309.5430153826267,0
26.97170355800301,3.5870824005851274,52.54819218346998,0.18580379731992588,0,230.40536349523182,0
24.044212331966406,5.535703154574252,52.60203789376414,0.10578871230277707,0,255.8191546162663,0
26.039005628386853,3.337972621989465,57.94544798213313,0.12532051706895686,0,257.892114531149,0
89.3524003564899,106.55395725863333,19.021041494299723,0.08336042068880861,0,294.94032413661915,2
24.214480155831613,3.184518086680688,56.959612553036045,0.18267200544129217,0,268.1402641370222,0
45.89659250579901,4.562663392614786,55.02751230664517,0.0,0,309.77149580132595,1
48.47364808228323,79.37156200192115,16.700106341634935,0.15064452870186865,0,266.66101010643445,2
25.195712307438296,6.7086915380939445,48.943503595350556,0.06221484982201898,0,240.94974957845275,0
23.998017460539167,5.128763736348433,56.882409508253396,0.1503441789341123,0,247.71413630188357,0
24.26213481805194,4.483481066124397,45.285086995212815,0.10750954185775963,0,269.63365447911514,0
23.814512541176104,5.941748855364371,55.282607606644376,0.145185918052496,1,366.9338987116527,0
21.39165469081056,3.789284200422546,36.44624115674855,0.08108112126363745,0,339.3776703402524,0
25.033828434353207,4.509671555657394,48.840012738394144,0.048051325814261796,0,351.27032853756435,0
27.361918997708397,4.072699785074802,53.42275141460576,0.16196276647317498,0,262.92036804529715,0
24.25179094487216,5.187020107693938,55.86624882616822,0.12227395873437633,1,297.50908345469986,0
26.077253166326457,4.195687735551115,36.33992083829739,0.09684987245216975,0,276.12000243131746,0
25.09638435451966,6.299431215070455,64.11105009112136,0.08019326398172179,0,253.31828917052786,0
25.149382568464567,3.9798506190432636,36.42443053544585,0.18469923168887722,0,268.80428990775437,0
23.355994959770182,4.6121061750657795,53.69394861019942,0.13409905846613235,0,354.5881745458322,0
20.73927445829651,6.7849827566808205,59.97944363439297,0.10913565773970085,1,311.88986815695296,0
24.489956522437595,5.086885139877811,61.258321790117506,0.09580445506079986,1,298.48936366078584,0
29.478371130113395,4.866026175348714,32.366484481886616,0.04948514377074083,0,337.23691348576597,0
27.06063339094734,3.596500983001512,39.07298136752914,0.11389214047359239,0,417.2209693881898,0
25.030965029099626,6.300742004345744,39.05394857062423,0.08133781712069518,1,257.46380047267024,0
25.31833052064278,4.057738806106039,68.72448660808723,0.17583723987669087,0,332.89563157963806,0
28.126396306514074,5.3688855015501815,75.87282570423211,0.0955225942244825,1,346.1987167083798,0
26.091221326761655,5.396277539886872,59.805632589915355,0.1258513822412379,0,342.92757350516894,0
23.655262270621197,5.549493903772631,44.40835651854706,0.03009988523813399,0,252.95732352089095,0
23.985309608031926,6.562244210638291,48.42438044446223,0.11208834449421551,0,313.66598222559634,0
23.147122201088436,6.006443989903285,51.56156830897241,0.08028034489162095,0,323.7291909846972,0
27.46581874812376,5.1776609964689895,48.27396752383178,4.337929237214907,0,324.38088376168986,3
24.580588556762375,4.747861050888743,34.0130087435149,0.16433275702739236,1,63.49473105261624,1
23.08706571252078,5.449908888831228,41.705322654197126,0.15106988419201992,0,350.5952791874886,0
29.049448841632017,4.737967453013685,51.91122859751604,0.11260943291462168,0,250.217879637792,0
25.38921519692205,5.383190385377327,45.9986393669744,0.12323976347219828,0,361.5847150217003,0
24.04931491492224,2.3403759120572034,27.243031690721452,0.11625383715926346,1,290.72482354819044,0
27.193187578364245,5.0008213367794605,50.29183758055413,0.11037641389317114,0,238.18089357967722,0
26.128550421298065,5.175836516544474,43.03666055304029,0.14392810488366573,0,291.23875166847273,0
24.295094592924286,4.998774961691746,40.94743840223557,3.0955598570566174,0,341.70137843631653,3
23.08149960579745,4.72381621323884,42.053597256097255,0.14748296793062196,1,229.15292623702996,0
28.268548971953063,4.7008048498306785,46.384867728931326,0.0796050537728176,0,325.59466224308807,0
21.282276391988866,6.203361983558191,31.030126895009804,0.15679579646329941,0,321.70061081443725,0
28.71283103565267,5.760319315759424,44.148141474007154,0.11961362633252742,0,342.07382597333554,0
25.905694494179638,5.3011729428874865,49.43054185361608,0.07960965137263983,0,230.50004252098708,0
24.647185892743344,5.353679595505705,36.42367555051093,0.09366053741670294,0,278.2685108558862,0
26.58540589930847,5.063277019910132,48.94620255522843,0.06366916500324518,0,272.62293017774476,0
23.39831816767442,6.5645812410574145,40.75444780530684,0.14671643733629988,0,298.4260359145334,0
24.815019896973876,7.057299227286346,76.91753295870981,0.13210823424941148,0,266.1436044591063,0
21.787758238263752,5.565255056257987,36.237787795956734,0.08239475029277857,0,285.65050412699594,0
24.911728447663684,4.971070959635239,45.27129337996653,0.11683580154840317,0,237.28812326613019,0
25.80256483235441,5.136973089598668,64.74312939291725,0.10737112207113061,0,220.3616753011251,0
23.16521602947344,5.135857849552888,54.8116640829862,0.16285641541304874,0,274.2990542904439,0
25.35150730337617,3.70654947727013,62.522754775306154,0.112727032319977,0,271.37575967274194,0
26.909037223852913,3.6210812901260336,53.56490291783515,0.15097349625147438,0,283.66832990312054,0
23.79083982469171,5.863842093638782,41.43387356449989,0.14426183068249893,0,249.2391280443562,0
27.61141780643065,2.5405252687885267,43.58991456461507,0.09289598738554393,0,317.6503906316467,0
27.868850632889604,3.8626597993898457,54.68309175621212,0.1108979087818702,1,281.0355093206933,0
21.41865797577896,5.3061680987644575,51.81750540758596,0.06664706379971524,1,202.24684786392464,0
24.389252527812705,2.7823534792802396,42.21991087633447,0.04303441639662248,0,295.57697770738196,0
28.092894031429854,6.583952166671473,36.82222162070386,0.07813710583901401,1,421.6947890026771,0
28.22945860601377,4.3190331640870205,41.287910209669874,0.06992442426150705,0,254.46919011477166,0
26.59766286854697,3.3634913253948167,48.36599549252104,0.18172359491536652,1,61.8031831698611,1
25.748626179092994,5.27566358173523,44.69040352845741,0.061354816812889935,0,281.887915112131,0
26.252772066200585,4.46644105224891,75.37559110656036,0.12995156401275476,0,334.59209020044284,0
24.02532014792167,4.9986699219736765,56.273726701874224,0.10763911835501178,0,380.0950392384936,0
23.774405927077677,4.7416850634264165,36.111566317705325,0.1437607487581693,1,43.517264458273374,1
25.953168293966787,5.907342946061018,51.53421195503919,0.040018952417966006,0,319.54146090996863,0
22.134519985138265,4.018921217607085,46.52202639645619,0.0,0,335.39530588300727,0
25.501144978149743,4.174729454803798,29.817398466709722,0.03177797205743697,0,359.9541869852609,0
22.701169052610606,5.091018463471629,56.26843061182057,0.024676492018387827,1,266.56723194283256,0
27.26484621997779,6.247496723568274,61.54590247609191,0.08764567516483562,0,335.89945706541477,0
21.873385191645188,4.885229932855488,49.837626980372896,0.08728203729138438,0,310.3729006799206,0
22.53626289168678,3.7223951759439404,51.40362906720843,0.09968038399701065,0,321.12114110888183,0
22.637607450987243,4.619478754412511,47.45600430488835,0.00769053127714639,0,213.282533300559,0
24.170544237307347,5.317726701209597,51.67017978116961,0.13960300510396711,0,212.0891998397729,0
24.184589127539553,4.889380921451185,67.64535124078162,0.05398541746679323,0,339.4439790562106,0
27.833080701986287,4.997321912441867,40.320371605382036,0.05211083215485164,1,317.1862356943873,0
83.12922139952765,76.14169257817234,17.94396594714592,0.1465888632762564,0,323.1421289534885,2
22.35576411711252,5.525639922727095,63.187796851467894,0.2282577029299846,0,319.3223091759023,0
25.48892948670249,4.988902947893816,50.41106484080119,0.05605077346363576,0,417.5169560077152,0
27.541624459313827,6.116564269113798,52.45602817057915,0.11797615801401612,0,178.81263408610113,0
23.638129222101178,5.819772034751539,44.18711043475588,0.13925774289748663,0,264.91363267020563,0
24.353486093902784,24.270794301610923,42.82364408028337,0.10069360360879881,0,272.08612018959735,1
25.123188883167376,6.93976826323669,36.1044642088294,0.09265472874806624,0,268.2251129599929,0
26.13792876967267,3.586822158134199,67.77867140278808,0.16022039780653236,0,254.0503343221876,0
23.643352561218542,2.9507682804654722,71.31828467799029,0.1549159283476847,0,267.4157538087585,0
23.77051876776423,6.273946729474948,35.04860341516117,0.04308689325209506,1,330.1946506180805,0
29.418656708928133,4.715740945429532,47.04270129129197,0.0987429701227068,0,313.0104496979397,0
23.600286880684486,4.13833629662726,28.976946086550598,0.10697815764106687,0,275.3664080680662,0
23.10347968278391,5.626981664796833,42.64785621597466,0.08172436818596145,0,192.60749218371333,0
26.672461952821735,5.476772553002604,40.25164423471403,0.05958772535059881,0,326.347310951716,0
22.7025427435814,5.23231004486232,42.15742814029396,0.049244373185934776,0,301.7624378699226,0
22.0796994758672,4.724147285362254,48.80914157572681,0.0,0,305.5992161594061,0
25.61904349913079,5.911508986885197,33.29095565815618,0.14785812201112009,0,254.30482680019853,0
21.868287230691244,5.314552795857384,43.31245881478485,0.02969287790085494,0,363.26893204930025,0
22.771392830736936,4.506246608138435,59.757389447754406,0.13119756589382997,1,275.0142164167147,0
24.23860514876675,4.927594852682103,60.06378274803781,0.13453911632403165,0,379.088185148074,0
28.40202482107345,6.379801553187913,43.2994031413466,0.1909313886017784,0,263.05617518221936,0
26.212643066732632,3.5679803687791214,43.85584519738788,0.09154325196640176,1,326.6066003917997,0
25.29513458910979,4.704642647311805,42.59255381110955,0.10561609343180559,1,293.8724784540519,0
22.26612168283578,5.005721281099122,52.3741194901094,0.049794529639694066,0,245.40518089789055,0
27.183752012495,4.7010066518272415,49.390118135786395,0.034391793507230206,1,394.02314250740903,0
22.612562435462547,6.670718296177581,54.356248795071856,0.08729456442008207,0,320.62381695740777,0
24.678044586270456,5.446678936469894,71.02850021140688,0.12523066011598316,0,277.5627451565036,0
23.519636150787445,4.395298144902918,66.62871098564058,0.16154560454410682,1,310.0582794155758,0
30.07134728255694,4.277568700057321,49.63146912502389,0.010736211510867996,0,280.85432072155186,0
23.640128110483168,3.8728674163181562,36.45400338927358,0.04798099245780446,1,306.1154595493963,0
26.420666173350956,4.228469298845341,29.722320768350134,3.492966081687628,0,323.4729414432521,3
26.29322860397787,3.8340799970430393,43.12523373596475,0.08193041797160426,0,333.72024005284743,0
53.78217282941513,44.586953801554515,16.40240243556986,0.05465873349490392,0,248.08111786497244,2
26.37553832759341,4.408352601484248,46.6699702801369,0.013872258605985899,0,276.8308645976136,0
23.446775838717183,6.226062033644951,53.01247893018554,0.029593584107472384,0,236.82757376260804,0
27.558351554696383,5.734896942538333,58.69397175078791,0.012810817662730303,0,260.10697155691355,0
26.029788216131852,4.521103770321759,34.25636642676429,0.10892337837285312,1,347.3898139416452,0
24.809915992614158,4.053215936253804,68.12140587307766,0.02683031857473854,1,323.1999564524926,0
96.47310565678764,78.69646466155496,14.667832624674118,0.15580705064654676,1,280.4946258095159,2
24.231063774601157,3.6953540013855326,53.71816810994723,0.15322281040703178,0,293.9479253966231,0
25.17179189129897,4.621195525915947,41.352950714400315,0.010993162605207676,0,291.0830806252641,0
25.503570491351,5.422247498758354,49.33860447953526,0.18800218825674286,0,303.2584170541601,0
24.485843071732358,6.576125957410655,48.59036464687499,0.034975479804989065,0,266.26897378216546,0
25.341151162954045,4.531480070739948,42.062954204977615,0.07583583028512067,0,371.6004835684313,0
29.952812462770527,3.823118679568444,58.2075511086366,0.09537326530690697,0,261.4311386830195,0
25.64197193854283,6.459329651601532,43.47736816256245,0.12292933899742914,0,229.7126862054806,0
25.111551030220173,4.0461947534413465,42.6227894230859,0.11669662435152434,1,279.3603077823854,0
24.404251753427673,4.489961825485665,45.41094835876507,0.0,1,295.1017133951622,0
22.836316743253093,4.580969765845308,40.79755969098372,0.060170685620704004,0,307.17115937672924,0
21.27636148095656,6.120818648830796,56.84269955660775,0.05369070617879934,0,333.0569006669018,0
22.20666652862595,5.196914802407044,50.558892795399984,0.0571907772977527,0,260.28590764324827,0
27.18993913939216,5.014033733881852,43.00417303502683,0.18989193665452359,0,328.82232463015026,0
20.433928755409546,4.713778152140273,45.66452827924607,0.0909431618503659,0,313.0682871056787,0
27.155746153129606,5.636598377508667,55.74746929125505,0.11007461615666372,0,364.33994263629506,0
25.472933351862086,3.8756925936786466,58.859999747748354,0.0,0,279.7233654118771,0
25.17715625883347,5.546504953608414,38.98100027011287,0.11792738569396138,1,301.73307160285924,0
28.564352431336488,3.6701671695435922,47.29954055443962,0.054517282598967584,0,285.15570086538503,0
29.690609126943656,5.474391065156057,44.938025233573825,0.1401312380039239,0,271.5953224204487,0
24.15787450083798,4.8833507531109435,53.941149744146095,0.08644749152320615,1,244.84703679344926,0
29.903425249994584,4.510667624537795,71.33264681561855,0.03156644657399711,1,351.2746793133126,0
22.940814279487082,6.222726010085264,49.508502124614445,0.16419991667075634,0,311.1515128792567,0
24.05631075768899,5.277553970159862,53.2962553117474,0.05449867767280671,0,319.7485640845233,0
45.96392038862149,4.595470236452191,54.22934431845203,0.17503076935675094,0,368.71558103271195,1
26.056576664949336,4.702357464003504,49.215103756236594,0.0975561383240203,0,285.5968055064916,0
27.347891315402787,5.1502164142534985,64.28169266233286,0.16957720416740424,0,295.5927540517791,0
27.809581683919518,5.945214312250382,48.019727804025976,0.11433424099371715,0,200.5322066470526,0
22.734738177380162,5.4991186481272365,56.734531083159474,0.15646683960815497,0,279.7744416340443,0
26.90055856697656,5.322047204325693,46.0044694400325,0.15321379359222354,0,358.92642680043537,0
24.497375659519015,6.575245606769096,51.829576633927225,0.10805436844635909,0,262.29599426333954,0
28.120733635009763,5.87713461937785,55.89283432957596,0.07465256548701871,0,344.548526225347,0
25.56890531525666,5.01815076616078,64.35648285418668,0.059056484021929964,1,217.25616055729762,0
25.71609767771314,3.658277756643686,42.24135694439741,0.15174690815819664,1,484.373340074915,0
25.36432190888924,5.151781568406694,37.10365492164723,0.027860064942546933,0,210.84522676806552,0
23.119335624980863,5.440879898237482,64.73879290506746,0.09989513413085277,1,40.979572187004884,1
24.23799954386389,4.707139050392494,57.38086795904378,0.0,0,310.7517906068615,0
22.152039332358065,5.396381722509338,46.18066136868602,0.13601307617763045,1,339.024876034393,0
26.438531708262502,4.119197669137117,63.65673684477136,0.040771815645046984,0,290.619542767786,0
22.9662109715248,5.900915761785309,43.85868191133209,0.014996391751084678,0,155.8993318415985,0
63.02630386665965,53.33135709100863,15.255840641883285,0.13540786279039133,0,281.27725426493106,2
71.70833232797244,79.30694779272676,20.22162717182735,0.03324266941695707,0,419.01406851143344,2
25.4496987774106,4.270026604923286,38.75667341440517,0.0823445423783279,0,210.19176704157093,0
26.060612364499203,5.555171768978662,37.60329560647519,0.09810746545949416,0,218.15860789235686,0
27.827059610191693,4.778281506188217,51.83929326271596,0.0935540145996905,0,249.27891883582075,0
65.71864718567176,69.62085834713045,18.47922675439399,0.07031502865063714,1,303.7256192548167,2
24.023232460889183,5.375087571733847,60.996862200399626,0.12296684623928239,1,283.1543191066158,0
26.25167731507142,5.456641527307945,50.287286924713044,2.778146432538554,0,315.3926721813351,3
25.441542436843395,5.914950658539249,47.76125248818633,0.1328269691068013,0,367.12299447033547,0
27.341992986408535,3.78971088576962,56.30665409887673,0.09784800338817053,0,269.6708990440468,0
27.436898120238276,4.39514349267186,53.97588372851199,0.11203633047283902,0,347.26300389470686,0
25.309279917252695,4.277666376149796,54.410541128156446,0.12434923538294318,0,333.69721951751546,0
22.201929406818884,6.064535847230392,28.44314240384619,0.054753987159075874,1,321.5407035348708,0
80.53167399233703,65.27179979083807,14.6435056486656,0.13872816521912296,0,305.8975085446271,2
24.15881693111992,7.180815049704185,50.47607164446158,0.10451269461723281,0,368.973045815084,0
26.746849639894652,3.6312454644039702,55.05354630991746,0.0767968734935672,0,342.61467251503365,0
24.88261769414137,3.6168871488447687,44.35119953275247,0.1421047983949218,0,392.7187813448407,0
22.83290761510296,23.974127397581384,60.26162214844198,0.049028663311220355,0,196.0671541820875,1
22.215543974096665,4.132323712088167,47.77652311630482,0.08012915199807726,0,375.49971622159654,0
25.52597224820943,5.585168744209188,48.62774823441464,0.11447274744295682,0,346.6450830554795,0
25.78650746132894,4.34491580572445,51.748623424948825,0.22638592395242652,0,356.9319474843567,0
19.659664133256907,6.552282909376714,42.74116338279197,0.08794512755060546,1,322.05522421835104,0
24.45793814126359,3.6391841736629718,57.32489041406112,0.16511379288723838,0,326.33821085023385,0
28.844477950626928,5.863629910578904,36.76405607986563,0.1322692335878441,1,27.946551633193394,1
27.174418923542795,5.153280347210607,30.786615183697798,0.11520413230163516,1,304.7480744576561,0
24.648807730674097,6.812890219940925,46.037646899308314,0.095428981901544,0,282.44857479093554,0
27.108900454304983,3.2687349320326904,47.08516287238279,0.08938717891631948,0,294.5287968101367,0
29.31603802171439,3.942371069765194,64.00646686857405,0.11098764775637746,0,299.78090283233934,0
28.126166249349385,5.565527991814541,48.09351153685804,0.19232858251471985,0,234.85911928734055,0
25.919252074431736,6.716540315877472,23.26996356115934,0.07327651620791396,0,350.94660088917993,0
22.953792787169768,4.425685746087404,75.50940035193932,0.18277581123333345,0,399.90557679176806,0
28.220969470646406,5.8136899670407285,66.06347039530311,0.08872566646989405,0,261.00051714939195,0
24.16224285541234,5.2456741768549735,45.408839491911806,0.15238621995101037,1,353.38238558583254,0
26.588853378501696,3.0370080923472784,52.10570752333942,0.10262390285852255,0,332.60007279263743,0
48.1454130962062,6.680820167294172,65.17914286223012,0.09640106981413057,0,345.11424999359633,1
26.10314707763965,5.487008967808155,50.92531391741077,0.15129097666509483,0,361.8898251905805,0
24.47842762525521,5.219986968281509,47.63625176123825,0.06916779481069966,0,397.68283739883617,0
25.56339182765471,7.126441827526385,48.79801656412563,0.08705931647535392,1,296.2971731677963,0
29.173595608870496,4.214491813208386,53.276089583419015,0.035013531494226965,0,278.3143546654489,0
24.29468902627185,4.228770705548983,61.25727429373568,0.14074937273981325,0,256.1532709062737,0
26.285018122445116,4.614395804208418,39.24438302738798,0.1656380329503021,0,256.2517491659915,0
26.375533460022453,7.111057978634891,45.705360104723916,0.2137927940938433,0,341.4909883745844,0
24.21923180117942,3.692385159811977,65.04308002702376,0.1085902245358002,0,319.94340620655714,0
24.876557578637154,4.827073416998593,47.68677672308178,0.04120100981164454,0,265.6238084047516,0
27.044701377992865,3.8476876880781976,52.51490034662784,0.11583398298949917,0,277.34210531570324,0
25.12613005897624,5.975044054722867,43.962589068337365,0.04137941960831285,0,292.7432708489329,0
24.109857801729078,3.7417034716561304,28.18267769698858,0.09117795413235123,1,52.15531979794083,1
26.471217140631097,6.190038753207043,48.682829172292536,0.09995884055680491,1,46.82888719248949,1
28.317272155233162,4.610088806920013,48.897827227443955,0.12020923209590566,0,278.5362888563411,0
68.27144367099052,93.59779349412162,13.188199830572582,0.07919226014435249,1,199.5035367765713,2
25.08397425040217,6.505321726019485,49.36166511273705,0.11097578080813428,0,309.8585421992233,0
25.060757352825917,6.111376088989256,64.07211021478396,0.12911564427622413,0,289.4656931148142,0
23.800797102226646,3.8115727910411876,54.7875910592481,0.07712698403838952,0,261.1322812679518,0
23.269578799292532,5.872878949918786,53.76815071040777,0.06444708216997541,1,292.7729889775804,0
26.1216783961764,4.893659381943158,52.06566612504947,0.06665298828982544,0,267.11480070160343,0
25.87210214955188,5.939009878521839,45.13231767045214,0.1272220666834506,0,344.1295413039613,0
25.663342201717192,5.969222799192826,54.587627959741745,0.19024812615406778,1,289.1810080910883,0
29.39767407652257,5.343355348386303,47.66410267722001,0.14884914038309782,0,280.7025320051694,0
25.043630101112008,3.1320149782795084,49.70190787733572,0.13255935594513618,1,297.04001391727155,0
26.469058436848975,6.655042221468732,41.52328050784965,0.03014724884265134,0,266.9454075252074,0
27.14777283229614,3.8275804373280913,63.81345268211207,0.21959138598210076,1,222.44399630622019,0
24.073134172038408,3.677728521408824,37.69523941822749,0.12071334498956957,0,304.09915693685946,0
26.89747254885546,4.921684889703832,39.613455864719214,0.15824433142695216,0,369.4517337774099,0
22.548416518436547,6.719984530329404,64.03619668528336,0.0917914190523178,0,265.8015841276973,0
23.088134758189778,6.022884416568987,61.51279688627503,0.0731934417996839,0,325.472448370535,0
25.232465434585137,3.9404115162979156,60.23680849162606,0.04380586139338977,0,294.8543235118374,0
23.656145350816892,4.907969966410657,47.849490425873554,0.0586376970603968,0,319.92753852334755,0
24.922765732902572,4.315319107487346,32.31918757613386,0.04724312265338189,0,275.89008114304096,0
25.619908854693552,7.098509119579855,36.343270650014546,0.10443137313842005,0,327.39513965000737,0
20.0825161534569,5.413859199677786,35.906431431634786,0.09519724569149621,1,43.46577621251765,1
23.504970352999816,5.166550257603408,52.60256563623652,0.14356421509427794,0,306.5576352688736,0
24.098665694350753,5.75985650505946,47.64075148914793,0.13587652582003396,1,250.38651434360025,0
24.52521925214703,4.637264231811072,49.35923682659984,0.004805573407400746,0,160.63555373221098,0
24.60190143478309,5.03242611782243,47.67226623306828,0.11681692808327657,0,276.1545036201339,0
27.282656525793783,6.359596625483654,35.564571625024456,0.13613552494926956,0,320.5347656888764,0
22.625559180514223,4.50739712889768,61.02526956456015,0.13688033822384815,0,399.0098170844795,0
46.41108877485321,5.454799455673804,40.51662018492499,0.18881711559378744,0,253.41166455768817,1
22.182673464482818,4.283173392091886,48.81121236860183,0.0,0,222.26982561522397,0
25.627335395196166,5.984282650243209,53.76620046846363,0.10219938458169738,0,222.95721055254148,0
21.034747343600984,5.953695132635774,47.68081595140982,0.10349533272294119,0,280.09816971322294,0
25.054156076498476,7.165082217434605,51.07357317587236,0.07778284293398555,1,314.89516831619676,0
21.745996154436906,31.338402229196568,54.49525088160211,0.02263792012733909,1,405.0865043829342,1
22.508350873752182,3.4149405650659608,60.016454196603576,0.04792366662600284,0,275.44919317254016,0
22.674365994678006,5.445210878914062,56.61180990592719,0.1333768047397066,0,286.4330417386995,0
27.08389978768239,6.667066148357472,63.513305471076535,0.1529458017947642,0,325.9866652997501,0
22.511275031700425,5.633301236255648,51.1426523006332,0.16316820424754597,0,340.3709591191214,0
23.666538508946278,5.107243348396045,41.197343605229676,0.0920539170688657,0,286.2027111953347,0
25.918067809813408,4.567861886431224,51.215915395740126,0.02402940545628468,0,258.37992616199705,0
23.211836300168375,5.34993083998436,54.001388997132096,0.1437812109893581,0,286.58850323301067,0
30.99746821100493,6.243103577848293,40.50720493294265,0.13730870268500242,0,303.29315331598787,0
22.776849168776586,3.8531403280396157,27.290347208723645,0.030460969828336668,0,319.40911463620756,0
19.823281672897103,5.01691979916675,42.53878987414964,0.17011813267251125,0,447.13763230027183,0
24.85013476075358,4.992899877784264,44.159402695655096,0.08972636161835423,0,398.5675324500645,0
28.333178686751086,5.865374970596564,44.133059187873414,0.13388832830904018,0,313.2503179534152,0
29.017893022380264,7.1733276715755565,37.29296720354421,0.08488838140916585,0,260.31917501733113,0
25.634517162557962,3.2508371981419177,57.89498759650043,0.04729472815021573,0,197.0659656897354,0
27.323043915038408,5.710278539176077,55.53278160125437,0.08886424598218112,1,392.72154502583203,0
21.93399684279314,4.043831939749331,41.173211778394034,0.14674008313478273,0,381.9566063964767,0
25.68589752821778,5.732675905371485,64.13573034424925,0.04710446931902726,0,236.42731502860912,0
24.756139172836004,4.888887285927284,46.848416936847265,0.11924854906598487,0,249.6484567573737,0
24.850353107175675,2.843898241851654,53.92778192732032,0.1184836077329371,0,341.52525943167456,0
23.092950548326723,4.222989769795096,43.099254060564654,0.19643169004469824,0,325.4096469585952,0
25.600315952894096,6.03317714136898,61.57773930181187,0.08806876013908747,0,211.7239355542099,0
26.559287704723037,4.643787549872373,36.772170252737624,0.052311816706410136,0,236.7552895773317,0
25.874089990257623,4.527655633546921,49.373262374910425,0.04155640097294159,0,187.75553530207864,0
24.516083576904368,6.193394436397872,49.1406052750317,0.17646653268458512,0,322.6470796568909,0
26.50399905716469,4.5435752674884995,64.91954941655716,0.19099924322395487,0,322.02398986936083,0
26.352376543156694,4.831993193550432,35.37122163192571,0.10207480431114302,1,318.2645163729453,0
26.097566083174925,6.035828783971802,36.68905501154916,0.048766230197359296,0,368.29161443949374,0
24.383371261580304,4.221508434881652,60.79277692746526,0.0974472793619971,0,394.9592660418435,0
26.79514392037949,4.802407039367053,36.30061695473033,0.05473860845290888,0,311.4463701351377,0
22.072625579664965,5.306692699613413,46.59376948771823,0.12472332441761867,0,230.80855980376992,0
24.92480169427609,5.396028944241277,55.36713586298813,0.13218223129976123,0,242.1277523817022,0
26.76451501921615,3.574933224855674,36.29862257240107,0.19819996179942173,0,355.59266843983124,0
73.20793349243425,58.6628031667539,14.525682538165738,0.10689209314406646,0,255.19576510599757,2
43.21786650886102,4.9048406485143845,59.37206270581685,0.0787544294958579,1,256.3520036249529,1
25.842964133438066,4.420697093775103,45.60048844428634,0.06739748807690389,0,269.0772804810293,0
24.580595787408893,6.772436543295902,36.23211175042843,0.16477537910587295,0,336.88933781449583,0
29.60571886633471,21.509619260402175,40.09435650687612,0.1655968288350801,0,318.0095092182611,1
26.23087850258244,2.8650781092389885,61.52233385564615,0.08391498440332007,0,390.4721160732163,0
46.44244922133123,3.734178993358086,31.363036436692518,0.06787573953455457,1,343.95960932132675,1
26.51827839784022,5.555084924573873,63.40969613409345,0.12594403378526678,0,301.40423085192975,0
24.04391165823214,4.222024767762896,38.10869198441224,0.121648295875743,1,355.2903651706398,0
24.437712547970932,4.18139409559211,39.01275823218533,0.13371838928241936,0,299.26793230983407,0
23.023776846229513,6.910122693265292,50.04885740930194,0.06865989112140243,0,315.9750383207759,0
25.96896847825948,6.506167130884461,36.965275712184194,0.11688801599676554,1,267.6528590205917,0
23.87464540486395,5.8392217411109195,51.557764558675004,0.01400290406987939,1,289.0189079634198,0
26.315973659549947,5.731718475862132,44.70369887298297,6.8385848028583,0,236.9040511581179,3
25.05055402629694,3.9431858191846096,50.78728217036201,0.12008268836702232,0,220.69903720858426,0
23.47080425888917,5.139013181058975,53.28678242348083,0.11018302113630891,0,322.6304674822385,0
25.478456401144996,6.382330080304381,61.30938792561851,0.05200431574802236,0,344.3697915961444,0
95.21888139674762,78.69501887997676,26.237198143503548,0.1413064316911476,0,233.02690105411168,2
25.04583197687626,5.937410779540167,54.48854453908311,0.0665311695891867,0,316.1971390359135,0
27.276194188220895,5.448052798604926,74.75064639169304,0.09442979322988639,0,295.0190025109763,0
26.143113142077524,5.615044601976026,51.56133534193626,0.10078692898661593,0,255.91674359588222,0
24.249652550328886,6.141537660235113,63.567996854914796,0.09615177317797825,0,252.92085167662876,0
29.101357346654595,4.92374370368407,55.63853205060994,0.14798580889155682,0,242.35668992264402,0
24.215920262605753,4.471278367163184,55.87114397070983,0.10800554453197987,0,337.8155645344704,0
23.50162027712221,4.133841633473929,69.58916624082343,0.07536924831970898,0,318.0414204200898,0
26.63869381276509,6.7416606639722865,55.136012339746955,0.063517679896921,0,329.15253654819423,0
24.606254509673892,4.335426786183342,74.19465682240545,0.09790819051428798,1,357.8208885748719,0
23.499812685023386,3.4942903376206926,51.686808594105095,0.11900886938027232,0,304.69164726927846,0
23.680723890960167,5.010709409439418,60.256410966462866,0.02397850739279403,1,286.10014391274024,0
28.44776975284553,4.73109232378499,55.57786723886163,0.0916539333205359,1,381.5576257514002,0
25.0857711984488,38.506625532283266,56.50121614630112,0.04475968705765213,0,301.40380905580855,1
26.745971282685137,4.561818880802651,36.19651646266062,0.0792493099101715,1,262.5329274774198,0
27.55186397172145,4.024845250963861,55.6191760947501,0.025023082551324613,0,228.1892098214053,0
25.733224488588043,5.771394434890317,40.516458933783255,0.05953620403063801,0,318.56574585769135,0
20.744223610646017,5.959401545674893,39.36115436498645,0.01460532325306542,1,258.9719528548598,0
23.717775144911094,3.5053297798057708,36.32128223054569,0.06889295227139326,0,338.0899416976289,0
24.17335682910281,5.7426299939141225,60.95824835984173,0.1277835251428756,0,146.29450031922022,0
24.56283959182415,4.4492991180327435,43.02337153986941,2.956633684212444,0,261.79572328681496,3
23.146874796037046,28.937962880908973,42.584473960385196,0.057349371833208734,0,273.8748829058591,1
23.292943383793013,6.523945809163283,42.002598518500314,0.08145096452673298,0,229.325886510276,0
26.353160840277482,5.312223454863656,43.992074687568,0.091815461844546,0,246.40632395133434,0
25.78792644746921,5.0449489570207104,56.686297581325896,0.13483964802480358,0,256.9603898123986,0
23.936077085211522,6.4336902318374545,48.80160963113956,0.13434918433682025,0,286.52695456002493,0
27.93928777331685,4.822970544085183,52.073258341936416,0.08490770529236223,0,335.3293154378233,0
21.88549065477722,5.171099587304875,58.77101002525958,0.1600218433336516,0,332.32244886189073,0
24.38984892179549,6.216859709129001,45.136661227569796,0.04737870198786638,0,262.30113523064415,0
23.118590955438442,5.5322862544139335,39.87272736587108,0.1917790218928042,0,349.4575020071287,0
24.044592568051144,5.347882531202234,33.45853969426703,0.1262017508672428,0,353.1148440955648,0
80.07775460762791,78.08791706868989,22.64388579454381,0.07230179773196492,1,260.0869535567132,2
24.74824134521182,5.216701991109541,55.747229410752624,0.08010437131909826,1,238.30817068729024,0
27.2755010516576,5.255127451927973,42.63389066492482,0.09790030743856995,0,355.2649126437433,0
23.938923363414634,5.889470946451749,61.05935461957709,0.12834084660310305,0,237.53822402136836,0
28.962957541728912,6.009696720253503,49.23942671073134,0.091840532261954,1,291.4308662863163,0
24.517882132336023,6.163871045544312,47.42899382189413,0.03827971711191273,0,221.3282580504743,0
22.763637715574287,5.785444630055174,37.26768371861801,0.12963389536309183,1,56.4884754062465,1
25.677250315273202,3.914063679596157,42.54236255889334,0.1117156994305777,0,288.3953765488658,0
21.620182280380916,4.4442948752159825,54.50545945693902,0.08161464579817157,1,269.9775429986703,0
22.022910721936096,4.392590752323865,43.69307674322424,0.20701543899182806,1,321.71390803306036,0
22.221796040161713,5.883046322462991,55.43040544172556,0.1836603755319623,0,258.3631548207511,0
26.85594707484009,4.848654265350719,61.39186313350772,0.0776389435268075,0,314.75314318661776,0
23.547286170619717,5.133091360754992,49.384495803276785,0.004543444815662198,0,213.5921541660736,0
24.71324099032005,6.569634504577714,56.687317308552835,0.0650108627897702,0,322.3784589044513,0
22.790790091689253,5.120240834323968,49.5888926783597,0.09808140328528357,0,274.49403074795055,0
20.888600452087566,5.145006317361366,61.75440644955865,0.02876270453269099,0,322.47359187975513,0
27.92105058695127,4.771530942677655,57.01409194675297,0.10235313065920712,1,314.97991163798054,0
27.656663612768707,5.347410477695102,42.94576285997549,0.10493575261605019,0,341.07001514280546,0
22.22975321863079,4.640046496598009,40.19225079848353,0.09392569347335081,0,362.3240000638789,0
21.747138482166847,5.415671974096576,33.26102071651212,0.05058144687929493,1,303.79464103874267,0
81.66692127582115,101.8781390326493,24.321535294257707,0.11805637183197401,0,272.57684680452707,2
42.909421627002395,5.3596921043170465,58.48660952172223,0.05217498551629901,0,271.01200616379884,1
20.06089234365839,5.575197065651539,40.01611655374735,0.10540291253973948,0,258.98941400194997,0
24.12209845900236,3.7507030742648535,36.72715962121853,0.04114898059886529,0,328.1037003122492,0
26.336477216478922,5.923932244017901,44.5451546414649,0.09006302222821043,0,291.60791817435575,0
24.671689133012368,5.375621231703041,47.85671933855086,0.11968174382872833,1,355.8598082170898,0
24.97651369595687,4.867905023043752,53.39507768372794,0.18177501486117492,0,269.74073612347655,0
24.69088236022452,5.092062295546563,39.46363385953613,0.10327768625751393,0,334.91087754018747,0
24.005511720901495,5.530207014105081,44.731710273747936,0.09972308228933223,0,372.8799239235623,0
24.606436333234527,3.4678175839185448,50.159837667221986,0.08747863912816194,1,312.2598545090919,0
22.691345001275458,5.3015685285863645,53.28300882380092,0.1335800107611717,1,283.58240390470365,0
20.55753299844975,4.93573487157039,32.36749068008064,0.05439033643969401,0,353.62030432484136,0
29.058504122317363,4.09055705331112,49.15807608961619,0.07365710961637055,0,324.0597549568766,0
22.28142189715967,6.6505209030879735,48.27797835420739,0.07375854392805124,0,222.4320389551711,0
27.606045260208482,5.497293182133218,38.37113289877267,0.11531714196852158,1,340.58336814800003,0
28.616448018298296,5.178588598833651,52.21811148330962,0.11608606860078995,1,343.90340044895606,0
24.7008358106723,5.949533267889979,53.11937625540629,0.10527811983690445,1,284.59810461794916,0
26.003432648468394,3.989670212403466,44.496464121801786,0.14216917264953657,0,336.9879091988719,0
30.36593655092729,4.724138797593779,45.363866621963965,0.14102631041936475,0,256.955845145821,0
20.936352887355717,4.829523851018304,54.63280341790388,0.13901069861001208,1,364.5712059628875,0
25.317955362078827,8.11634803301802,55.54971529100137,0.10731350051809185,0,280.547746497152,0
24.759114274717646,5.357821062519898,46.866313687149265,0.1293214250829508,0,290.39230322465744,0
29.499568045562885,5.29247304222309,43.389946041043935,0.15443968165652694,0,309.42546422168226,0
21.774298130471664,7.0129558494339825,56.05686211129193,0.09751977444206102,0,399.5734469941235,0
23.625355149485088,3.301490081004018,44.75137061870988,0.05161945699100346,0,261.37413399176205,0
25.03061314969102,6.0889105126652385,43.895076737279666,0.031333786011958936,0,290.3947721725052,0
26.690964568290447,4.4946120833629735,56.977833900455735,0.02024421388162373,0,344.9382334369832,0
23.869225581759764,5.715223268081752,58.50245519368886,0.07644434882043498,0,278.711091884276,0
27.222884492761317,3.848616264893116,46.48457083551588,0.09782019827745929,1,310.81974371239744,0
22.57187095385484,2.740723828564465,46.04283889124857,0.12023754294981807,0,351.7195811149781,0
23.669968773781424,3.538609936064246,36.87841716196462,0.1333487873452679,1,231.7320376321818,0
25.358255627557913,4.351553864583751,50.30504814500428,0.07310854657733497,0,283.7715667702265,0
21.18538917590174,5.195225650163982,53.958010052175,0.10923383646168568,0,325.21557457382227,0
25.881837655616717,4.745281210014108,45.18342548945426,0.05923598353044388,0,241.93391950062633,0
56.3578722945228,7.0219561535951485,41.96687621677484,0.0739114537204589,0,288.28448345515034,1
21.703500562573943,5.975611276461822,48.88533917220584,0.1392523511456406,0,305.44768586354036,0
23.111280818909204,3.6450272292865566,75.9312101769616,0.1956735779353162,0,333.59938700682477,0
22.668941220847376,5.690617522145618,60.89504459563056,0.1126784114068923,0,299.5314220739618,0
26.37532524759003,4.072096334240932,46.131136988617925,0.046501152268805405,0,330.8022198506408,0
23.59240656002791,5.650536488977602,55.52994157671368,0.08645246633115283,1,358.08916006778946,0
67.06810513920357,52.74799440501074,15.311961101763451,0.1347733320569308,0,248.35927952459008,2
26.182865198642137,4.486350984551161,57.105140871218616,0.11497059690087437,0,347.43997026822086,0
28.02896059551653,5.343796579879951,53.390209913263256,0.18835043133173957,1,359.8701305699274,0
25.411309331859435,5.538229311830416,43.28626480540115,0.0643100266930651,0,215.8159300780501,0
26.225412659238604,5.653924820200894,42.772134803393925,0.11769486133348908,1,254.3427213463413,0
26.352856210641843,5.896601294853057,47.59267838255924,0.11649849624950934,0,357.9549290930837,0
25.829829711432406,5.488088999667545,50.86489817405938,0.13257249180066125,0,347.9465344284727,0
25.41341783202171,4.715335449564729,56.76901237694358,0.06599671843725063,0,341.7618273513923,0
22.09659741269851,3.916180163188746,43.40606949981809,0.06348277601394406,0,291.8825549548607,0
27.20910904998238,5.494671519448025,32.28040295765962,0.07371698413780732,0,336.617426690298,0
25.06569162256017,5.522597153063364,65.9374759404403,0.08805999822649785,0,288.5182301998752,0
26.83912109372565,5.837853794767805,47.10262913147639,0.09007093383040882,0,304.4843299977204,0
26.653372042215825,3.840817893969282,38.17564220230708,0.09599704700597453,0,244.99836610113056,0
25.003469871747747,5.509667275463597,55.05333943874032,6.923857983844364,0,294.6529485979318,3
28.46991915353768,5.491221491363593,46.33808361351365,0.17813079123353895,0,265.8366651391087,0
27.343364394445622,4.629888396577482,65.96464524800186,0.02440976276607998,1,244.3949053025996,0
26.92372566130218,3.514344500507902,35.33888420125947,0.13811522327901526,0,192.125808540631,0
25.478580229560713,5.655955622218798,50.629977855785455,0.09645459464596208,0,259.77286926529587,0
24.659456274294662,7.693577202426576,36.40099544770618,0.0477451023083887,0,243.5012064607792,0
25.75934571136881,5.404962197591166,64.602877611748,0.10043907735727307,1,212.08891850652105,0
29.138177890048738,4.228502675476339,58.6657362382332,0.11636707568135252,0,279.32985508549444,0
27.233365665484495,5.344638939471542,47.930031295153825,0.11060465220880485,0,299.1069649512541,0
28.451124372220193,4.9757779517939165,44.67626383329608,0.12201623327853653,0,254.90159308108232,0
24.631674920915607,6.348927506119083,47.49823370753086,0.07029381950172178,1,211.96403433756768,0
25.16593213726367,4.575485255488747,58.49340904059049,0.13962708931301657,0,291.76348856205186,0
94.52291749924635,77.59864279466676,25.154399988393862,0.12937626450319972,0,343.5275358600256,2
26.120043030679394,4.503379134331338,54.120104825765274,0.061287194746861624,1,255.99985529958002,0
24.958597993766276,6.379023240971291,62.205702923450886,0.1150894415398592,0,298.7471800043828,0
23.704759331976135,4.414186694757496,48.20468251779429,0.15272255373394633,0,321.58129930292336,0
22.98465387042448,4.799546086647065,47.533166324115875,0.12261435828917383,0,358.35133453168896,0
27.99512161509409,5.353556781657136,37.09387762237008,0.10484490592639163,0,231.646820249985,0
21.733125177202783,5.983906155332924,48.437522273223536,0.15239272568562762,0,257.0588651596741,0
25.609769814768747,5.880064385808563,71.28694793052634,0.18071489290949072,0,359.7542444816991,0
24.255225629154708,3.5327276018078866,51.47705820763008,0.058343110990521974,0,248.77066534272575,0
22.703802931853005,4.594168222679265,36.57616968538383,0.13221452965512306,0,251.69888514535901,0
26.18707797279663,5.260148576778442,47.64555542126491,0.08687862021538427,0,259.891657251907,0
22.835560520645355,4.579642521575965,50.6738060242107,0.030849199730415777,0,267.9003672024428,0
25.02496141097188,5.342984341359107,30.95268781376005,0.046283601356913145,0,213.2546261674317,0
23.47122460428903,4.206118454801679,61.99855335521919,0.045317598331974435,0,282.09827286216176,0
23.269355347904394,5.932278354826374,51.89099556766851,0.07159275473722929,1,392.6771505995926,0
28.92532819581828,5.31371685402533,49.62774099485886,0.10818103988874926,0,271.67849258493925,0
28.021385864676347,5.147597568833156,43.99563323532795,0.028697547915214394,1,320.94466045753785,0
28.01231322830594,4.614385723124254,35.64798123848594,0.13136029485824083,0,326.81275735330405,0
23.628105492190507,5.274482907628421,50.41801450085513,0.07952659707109723,1,46.42822465951864,1
27.89348347403571,4.990109770791766,62.31022050690559,0.14391093033175917,0,331.95102377344926,0
22.000807806881266,5.5397907333711,44.86725863205323,0.022709816183719186,0,306.488786616381,0
24.075881058443386,2.8895635136189064,52.93372844569231,0.23953741714493648,1,257.2766746866484,0
24.903201898742843,3.6070673624113825,44.04509593193146,0.09765328370821973,0,222.44414707004353,0
22.78835326800272,6.452536389323816,45.69059392206191,0.0015492218589344547,0,321.8061544384895,0
23.496727457961427,4.649871828482438,56.03930928680333,0.12774093574194603,0,265.96517904191046,0
25.232590270228542,4.552596844186964,43.40540221147111,0.07385299867528522,1,327.6188596504672,0
24.430060982423623,5.441944383808378,45.54170519024465,0.05864812174826059,0,300.19810905605374,0
24.17093211859689,6.701894437415289,58.24726379906422,0.14893555555870033,0,294.05421742617045,0
22.362688181564266,4.806144843702716,55.32237736851517,0.13812553063463323,0,378.09703685933914,0
53.29286672478709,90.80913609578354,14.752267702590963,0.15725235974661853,0,332.5191845697921,2
20.141414064653024,4.83989758630795,52.57814705254989,0.09424645975584435,0,330.9872594680696,0
25.168993188513312,5.352392362078407,51.18433646062299,0.15246827985088232,1,43.758797771330606,1
21.871339347101813,4.4986139109227095,52.82633856259892,0.07776502601275269,1,314.58635835336855,0
26.109531578184654,3.3587251268043126,46.542763265099694,0.07128955147891079,0,291.74229384858126,0
28.072635147636092,3.5414235921540174,51.19392250394199,0.13987885316321122,0,415.0015342572226,0
26.382494017732412,3.9245242882366416,38.919454427040975,0.035255005474496365,0,207.55310613143723,0
26.767943685357054,6.158258280778027,58.45775063584365,0.019733735932314103,0,330.3575520389653,0
25.800137362680477,4.753681920396732,49.58357581798819,0.17930224283946966,1,201.87852436357238,0
26.070242017599064,5.097608141127748,40.97380208628767,0.021530128943169552,0,377.0011092962179,0
24.01687988769885,6.458075395041061,69.92495408689976,0.08690221843706891,1,281.26688454639117,0
27.24961261339575,5.84799753396285,51.760954882308496,4.255654159267958,0,302.54838587998404,3
25.572940172867035,6.086571904930523,66.00129099440466,0.1138723291305397,0,374.47516818086154,0
23.29242723994392,6.504112837700796,66.2287598447121,0.13481118412814241,0,337.55639157097704,0
26.60893218137255,6.82797824915557,46.435534791758485,0.07455450976425011,0,361.12280478020466,0
24.648943874805905,2.903085820774821,40.089826638944515,0.05628565213998079,1,345.13103393663135,0
22.457256297866937,5.5037573134162034,55.53751728708783,0.09581347251623963,0,302.86947573436265,0
20.006340017558152,5.010197682007116,32.03541278829995,0.12545697378357704,0,246.8075184503602,0
23.84638197160221,6.339587383115628,61.536810993599964,0.10363462108379382,0,303.1931334438254,0
24.28159982446669,5.1519188637568085,50.10051572234199,0.09937255276919277,0,252.17757053824124,0
24.221068149204594,5.594203731486044,43.42300282821903,0.082250479976991,0,217.06318740791926,0
83.75947744913968,75.01684136867834,17.864021336274995,0.07046097113128866,0,354.9614172695174,2
23.173367211057037,3.2384926022186757,57.72228101415589,0.13385969992665944,1,50.1838203277102,1
24.105891128067874,4.881179157270919,54.17621516371746,0.1749970046268156,1,309.69462580509736,0
23.642314911268905,5.378555591818963,47.6316691111585,0.06353173246820268,0,242.12873517951192,0
24.63769824653745,3.935482026916961,54.30529611677034,0.08208245338222239,0,365.39046646790274,0
22.131763204894245,5.4492577560788735,55.471794809536355,0.0854354106681939,1,331.106759326578,0
28.40154957508185,3.7652052487814807,32.74081551830351,0.009565971569571341,0,358.621245998376,0
23.8459598940412,6.432509819822543,60.088695027671406,0.045641636714184045,0,328.75426552198167,0
30.174498270808975,6.331880304275353,44.682940460046396,0.04546309711383261,1,261.29375155242394,0
24.033571818834304,3.903770900746503,57.361028732976656,0.0,1,347.5862422501031,0
28.873359524571526,3.453997455780323,63.70608381490105,0.014808433241689081,0,243.83373062916917,0
24.348784227652132,6.43131261290137,72.29464642912333,0.10909855459394287,1,232.2697282920874,0
24.675561701956894,6.8289096324371785,51.4583626624197,0.14028457369611247,0,234.5130249005527,0
25.390094161104436,4.079756489175853,30.3201256124261,0.01691380261830877,0,269.62012428478226,0
23.767356021782277,5.16643839737082,46.143274028781306,0.12087941908213948,1,371.3783179577466,0
21.9760053737833,4.775468362231942,43.89764692888368,0.09468395380935908,1,370.52309131789923,0
47.856130783891224,5.1287713183531105,49.66589079902074,0.11748648410381832,0,276.25293718935865,1
25.53310288798232,6.0486590282133506,46.161967801385295,0.1102997151833314,0,348.89541346365553,0
23.787591845909482,3.217124983728667,50.723995994244554,0.1595002286557172,0,379.5654405592337,0
24.686885986500897,5.841227506731942,44.921129256397386,0.16805227988299615,1,396.29636602511306,0
25.967823884758943,5.247294053486831,42.39057019433028,0.09514640899257232,0,305.7189880351318,0
25.609074797031916,4.245406430966599,49.81638182904353,0.07535334213594669,0,281.1326908460034,0
24.9582317007502,6.035276566180256,70.52395492121207,0.13391885998223135,1,238.2788913966832,0
26.57136849914546,4.473018731676159,47.872174872779084,5.088005905054456,0,387.621200195802,3
22.96665124795777,6.475133657032921,35.03904508605555,0.0,0,257.1769544706411,0
26.29691299191754,4.703275987006483,50.58775950921454,0.17044276540839365,0,272.9403258724689,0
22.90666788273662,5.3161044531064,61.94046983662575,0.1190720762659519,0,331.3403200209418,0
26.195854160048505,4.5424110947404985,56.88360609197598,0.11790713389020756,0,343.1448026117646,0
27.323484601011533,5.251978810906044,44.516243803656295,0.022114144173518105,0,265.1327633252871,0
32.01174280708983,5.652133510848476,39.161904886729424,0.03161349453568828,0,212.71496985399352,0
23.36772701989782,3.774692326485038,46.70955704757615,0.04263740044126742,1,335.64506815425733,0
22.869826231642502,4.6174531848629865,40.62009528141448,0.1221360696103333,0,290.94228544674314,0
26.734799082978533,6.612390622157559,46.2341112518249,0.09362493406608478,0,266.60153041167763,0
24.460820722116548,3.470330973780614,61.97668749877447,0.16348391205050639,0,346.8753018322849,0
23.648239127784183,4.4842159324801,41.87841636448431,0.1892514895806721,0,277.4031653367537,0
22.870814659114874,6.246911928243176,60.734746352189305,0.12821866718151026,1,395.78131525873226,0
19.018797103590927,5.424291132654463,46.086695947711355,0.08768627942912302,0,312.776121839775,0
21.062521858991047,5.5001316508223494,45.653724779854,0.060632545660974715,0,337.16826152529666,0
37.627114722822576,5.87599038257929,54.683579229637296,0.08033579316930944,0,311.0558228006697,1
24.515886322578254,4.174719750384892,42.227789504532495,0.08375336328240279,1,362.657570042614,0
25.97582550425577,3.765999879260072,32.34168503825406,0.06874789326999667,0,207.43206460050402,0
27.502554049922853,4.974020396617981,49.2914083656956,0.1467630782487716,0,365.5963287665626,0
35.64307650141667,4.851259285200862,48.53651329831803,0.04220451087877104,1,286.6172114997223,1
27.21878708717568,5.1481032194269085,42.99771163456039,0.11662126454912829,1,273.7944952186514,0
22.65962584911529,29.717149306634138,43.22687471749812,0.15055250078264168,0,340.6019511898912,1
26.119505751204034,4.720347892792493,40.66611884368059,0.1299499200562581,0,280.2625189832347,0
86.37213623217669,101.89851643931243,18.229841158816726,0.10611422311811006,0,302.7151951663166,2
26.330785940111653,6.052887506078674,41.274109850764674,0.10968861481411764,0,293.62052473001455,0
27.005605468640166,4.274048099700752,50.32074327557187,0.0993503160658205,1,261.8823814163992,0
25.65822289934646,30.06572394279884,32.77016010351227,0.08398291809215205,0,317.8639205870149,1
23.39444465026281,5.675212430413504,39.94892499161985,0.12274527644223411,0,324.1114680027581,0
24.450854405617093,29.238945244971976,65.69754682727805,0.13841640604268193,1,244.8067904893929,1
25.529897202393744,5.097288728539292,59.53750259395139,0.13100432947497273,0,299.735063528987,0
25.750462526621888,6.259617989168893,49.9168383697961,0.053432650658266294,0,305.66552891516136,0
24.06543875966356,5.603789070731758,33.858317354943146,0.03270597926199774,1,150.7368558878615,0
25.507042960705228,5.26583052463183,69.50785703546032,0.09979172920871886,0,353.3805360051039,0
42.25102294891386,5.918230880477741,49.74324739645513,0.03610434467217648,0,299.7636712508919,1
87.86509824626037,59.665980944960964,18.509779129017566,0.08537780359915004,0,349.6993578452665,2
26.98938630264294,4.998692465744911,36.0552142190098,0.09283394657178234,0,243.31404178880365,0
22.927726161248014,6.806318593837563,52.96427355991533,0.07641704325684351,0,294.68934082109377,0
25.107029305159333,5.930085804791365,52.320130884080285,0.16571409215147623,1,298.13261405045694,0
26.78591187434788,5.913921134304296,33.66428742371184,0.09903607203856654,1,402.48546258018433,0
23.925787169173233,3.9728355403120714,39.030719083384895,0.14035302811042596,0,305.22295927372033,0
25.769666005736706,5.643453311900063,65.73775582338054,0.10317546879834578,0,242.3689418992809,0
26.20860855940317,3.686280655206839,45.83537264539168,0.10047631886099012,0,296.3978998821794,0
27.748110708652018,4.885947618851985,38.38441181701665,0.0591808223480423,1,263.54580263056414,0
24.11725277260614,4.865734326560579,44.40678022524317,0.024615958092189985,1,345.9070445001064,0
21.115530333982537,2.641761801598266,58.327888721228646,0.07890421298472257,0,410.1828396444706,0
24.828880331532602,5.069533329896226,74.07591421547559,0.04589742271038014,0,377.43876496524234,0
23.826941115180862,5.36445229645516,41.244105174349805,0.012706029435420013,0,337.1218444650667,0
26.071275176930328,2.930560740785749,64.16583823344692,0.11516961875988907,0,175.8875660988776,0
26.26194190005829,5.465214081344974,37.696167878877766,0.0032840731747262597,1,329.42795295395797,0
24.553153054516695,5.2535929416908065,52.69317237846411,0.06437857050317014,0,405.90336812794703,0
25.85351398073019,4.898586126358544,47.809746321516634,0.014702987514070023,0,285.7138177062364,0
26.51605475752094,3.751612187872948,49.3248599247171,0.10765172985338115,1,330.13106164404724,0
25.015904106748106,5.596400142527024,49.22284452988198,0.1889018886322643,1,177.91698194056636,0
26.563700715166,6.455328934882197,63.57184246974271,0.08073552981943947,1,301.1172756821075,0
24.750617217535964,5.3712980045681435,58.875039953976646,0.10661083463203246,0,305.0339870380493,0
25.51047591207786,5.2943330451365105,48.41167639418091,0.08741378296962414,0,249.07273527890334,0
27.16933549901803,4.721939795867041,44.013828422741426,0.12199823458692777,1,315.7979523922286,0
22.035944636377977,3.5915508593979553,32.71024399795212,0.035059257086777096,0,226.22266117271556,0
24.347669183834842,4.970398518890572,45.21624878250146,0.08857802491342937,0,228.93125946824068,0
29.12898877968735,5.663803578706365,47.90201839645469,0.13490618027031784,0,264.8011003744896,0
78.78976269625778,75.1397573874834,28.553293362954925,0.10743638534822036,0,294.4445666861254,2
23.669328393133117,6.3488704705487375,61.749332426280404,0.18854411038302202,0,308.70280196715106,0
24.321142222665895,4.963669060370193,41.921568980102364,0.08343814278710715,0,326.3074412561673,0
23.788663236482975,4.7125158300951275,59.67778861664962,0.1311846605088096,0,300.77922862848294,0
24.982465432720897,6.135411085457756,49.0031090437164,0.11985802203233506,1,320.9883815115137,0
48.55810449512397,70.98353177845736,15.009198496300703,0.07174343141037968,0,364.35905233530457,2
26.19778668714342,4.511115765307214,57.18408476426985,0.021809907248152988,0,258.58585660884006,0
24.89607364398025,4.053688754275131,57.758439470699244,0.08328240868430248,0,281.7779498447237,0
25.723125737112372,5.05040757921208,40.454941514822,0.0,0,261.46687723577605,0
65.8238951756834,73.09522348535688,16.70211754372295,0.029713592779097756,0,271.02548531229314,2
24.510638837062725,5.215507349647646,41.27981129993923,0.15010804763959995,1,238.40578772247517,0
24.462093864201112,6.834000418280407,67.89884315550854,0.12432666513896824,1,293.1470592293149,0
23.175122791835467,4.9028457953674405,43.97270651219625,0.16712037073229624,0,339.97594245367986,0
56.94921820736533,48.766109864010105,23.650939275939006,0.04702012474946876,1,288.06851425640883,2
23.042119880126286,3.3000178753265175,40.547606947176995,0.1111109556699226,0,319.34209097667343,0
24.351396229359594,5.0754980089994035,60.21363234899671,0.14556065518976885,0,321.6307824779778,0
22.790707966356678,4.348919727537673,52.81574716132599,0.12730633706862873,0,247.71810663973415,0
23.19740058475937,5.971551710968462,39.683016802316686,0.12521720873146608,0,306.0557930015329,0
25.864854561671176,5.487908089857875,42.32272286186803,0.007547990725794762,0,314.62496368588927,0
25.569471114138672,4.743946209604748,48.999589622693996,0.15351759176818805,0,298.2678905374389,0
27.050033667410055,2.953447138035115,36.47215960187647,0.12149619233498986,0,188.42006358012912,0
26.90312985011621,4.919470350213569,57.5871382483191,0.011671774623987538,0,279.6364096902288,0
25.518661942693768,5.526805541261995,44.55530126740077,0.12283691634009324,1,242.46520687680726,0
22.273807692839362,5.099813668821642,59.60561353483229,0.0733756451950103,0,345.34193841849753,0
26.46160965987634,6.507831343803759,50.06297492454958,0.10879468759793234,0,200.35172770583858,0
23.945966025233385,4.227261197049977,63.04602703347325,0.16383470996698246,0,295.6141746770798,0
27.889671024853424,5.347288366771407,55.61368634104326,0.05452601930170148,0,219.55241353367728,0
22.92113807419866,5.039981934230124,59.56128605741,0.04330904031230233,0,335.31146152544164,0
25.57215167125822,5.194461215883764,51.135186536025145,0.09126134349407045,1,258.4667003636723,0
23.125718952637914,5.063689955426889,30.620266855116473,0.07204527139475302,0,242.81332302517728,0
30.782423699677967,4.122271151158189,49.61569439238411,0.09566150953332439,1,370.6657416701742,0
23.935069211985624,5.945154735666829,45.95550317530889,0.11342309499333661,0,254.132024245658,0
25.11728410635008,4.463077025080269,51.84366663809107,0.04603672614470799,0,226.3120996090512,0
25.566119093017825,3.7908887110114486,56.29718724118924,0.0954787949662353,1,397.6116109897664,0
26.770986534784136,4.63059087765893,45.16398528059811,0.11482679159793836,0,329.8310258190889,0
26.40690908883863,5.113602025977884,39.296975842853556,0.0736275483537273,1,181.92308050030346,0
22.78937777097726,5.525869513556464,46.87860281893242,0.08444382780100483,0,355.4220810041268,0
22.397349431950307,4.782467221626667,46.895164356874105,0.048120406425517175,0,243.00488931456567,0
24.333353805415495,4.483910699271636,52.31353636549854,0.17572621223924922,1,312.97835752924806,0
23.800491523682375,5.297291627705405,52.34717732842156,0.07914889087108198,0,320.3200821018309,0
24.910024832951624,5.354978203693751,53.276460389529824,0.11647308739114925,0,349.71330678919963,0
42.79728572245516,112.50445490575963,31.284072012626027,0.08327269855381887,0,351.4551526216523,2
69.71108865889953,65.41316282073875,21.419286449144302,0.14875572605603535,0,356.63112288858747,2
25.30601074635733,5.168259102354591,47.82901937673325,0.1811179079381683,0,385.9162795073285,0
24.691255919589313,6.126651563038762,48.57589639840636,0.20191529128798405,0,332.3958794166787,0
23.185242229667008,32.68853325256208,60.57184538551091,0.1151985088947167,0,352.01804530857703,1
25.160115925022144,36.030572945972665,64.40467739401277,0.04736464136485803,0,226.80907079244793,1
28.288760571402488,2.9827110227210207,54.785911098697426,0.1308810407170351,0,359.31391356159463,0
20.936845351377762,5.126183157253597,50.57403977019311,0.17482280296862845,0,341.42663885617577,0
24.69310029774623,6.1507032746667285,46.70448122004538,0.06753556693194944,0,333.47892152525424,0
24.029711469143717,4.891259636976064,55.7388752956916,0.10426911552174953,0,315.8118625510601,0
23.746032452456724,5.927591521174214,58.418566293964815,0.03702686175428216,0,332.7120377391604,0
27.141067147115773,5.891283035464917,48.01597013615461,0.18149439342964896,1,265.4549152322797,0
25.080642421479176,6.2371307077886975,41.74907026664984,0.18631676552282933,0,278.4280510508222,0
21.794216469472083,6.0422478330484,52.53219090553156,0.2008306211730489,0,275.80083040683644,0
25.05934364995489,4.309471974178493,63.24277763129672,0.03900345500048921,0,310.5695868169595,0
21.8546344614543,2.4887873315147346,46.87003417853045,0.15809976337907494,1,311.1035558333971,0
23.188342474365854,6.4992877584756865,32.26761421737587,0.04729004861086142,0,337.96701464010584,0
26.138083916836255,6.634661024246238,43.708507449720386,0.14696526653156447,0,369.99359393595506,0
24.610214376654657,4.835952811851796,37.63106812429286,0.0974051306589491,0,319.1081340680404,0
29.34751881543582,4.795766513935139,49.0510869530891,4.876624870020014,0,362.97439627129967,3
21.86489925661792,2.924853033832212,44.299885014257455,0.02058674282792361,0,206.5544296764673,0
24.273699052128865,5.465610344028402,52.46850302655133,3.8638870160308825,0,293.46498366337295,3
23.78474263095,3.7725412867877046,45.93757127098165,0.08801860596087431,0,364.31574345490833,0
22.90836736283306,4.395219213968229,58.49730995622119,0.13452122078211626,0,325.8310023397196,0
26.342955342864173,4.321379382463118,56.11583925781743,0.05282339416770292,1,298.3818445045815,0
26.15418781587466,4.9242251059080395,54.03928169202898,0.1037306986515837,0,224.46556245735792,0
29.60089995343652,3.5560734701249634,57.507417926638425,0.0,1,215.9793644184181,0
24.997700891320243,4.253676859029537,61.88978521667737,0.06666505064282566,1,38.63610649267669,1
28.13943917484172,5.048017817158077,60.87318378658628,0.15223556208823003,0,251.60298928635086,0
26.10533793404553,6.153134878679182,54.9070538016012,0.052029161055640115,0,340.6893372461048,0
24.857702875617928,6.264803618217184,34.18012355296462,0.06253293499399792,0,287.3790139129814,0
21.8341305775882,6.6610539760345056,61.82097038550029,0.07982961189652452,0,345.3107934602801,0
66.51787220157826,72.02889556697471,20.30733168960928,0.09209576860210443,0,310.20733022540276,2
28.21669221145723,7.2783368999575675,37.974368639723735,0.12297306499102048,0,310.48150419591434,0
26.00036684306985,5.853166819684189,50.564963414184845,0.22456241650036332,0,336.5014765603104,0
22.763487710700794,4.304851829972934,35.314177835111124,0.17281426444564973,0,244.51509990755085,0
23.809057222676767,4.414558737400907,48.19109545073915,0.0878879920469247,0,342.9806469689917,0
27.489962225628773,4.339950509494628,49.634085748662166,0.13132726343400733,0,312.77864025186005,0
23.624750561877303,3.947491089193961,50.86459090042442,0.08198891143469822,0,328.7637466681136,0
26.531945816309122,4.6108119188839725,40.827620841679106,0.09656462166477191,0,413.22180739729436,0
25.07120393581007,4.9478024945371395,46.89222821212322,0.08369698387739902,1,374.18128718326665,0
28.1776208276149,7.667057230830455,42.01594342579043,0.12035486147990061,0,304.42794310383897,0
67.97358100625031,74.8515884462145,29.044282658614037,0.05836977940048828,0,318.0880553880859,2
27.805245906654875,5.082457029897585,39.85682819020788,0.14053796798778354,0,209.30587647652445,0
29.16561998041703,4.468177724768779,43.83248655848068,0.11228316206886246,0,327.5201489164964,0
28.55088381935603,5.678349030131418,49.55220776445116,0.10939458998705612,0,348.43672867108944,0
24.231818163578403,4.862491255569223,39.060107940486375,0.015346357308429523,0,298.42191436838556,0
26.378980393482646,4.551439978258626,45.425812154839775,0.044471439241309946,0,263.7691305725156,0
25.3617672491317,5.31252481582326,61.03497501272326,0.1433576564520299,1,304.846681286537,0
24.748618759474763,6.317654850827035,40.373703720266874,0.14907911662986273,0,288.273370374096,0
28.934732222182987,4.180752487271331,61.739282473548094,0.179236982152256,0,302.2733263116597,0
28.04199929827875,5.573773772428019,46.29931347760225,0.04928360556788908,1,56.6863857051108,1
24.65502623165213,4.7006730267041155,42.44659180272774,0.06136576883129845,0,250.4618313525522,0
67.2462656576026,87.36859616869538,20.51239241016516,0.10774742804134171,0,301.5462410336699,2
21.775635298682648,3.4480269877518377,50.48848466904273,0.0787543230695702,0,394.5790169196795,0
25.849815265068784,4.979597892873956,51.85981116494709,0.07798588083098934,0,325.3212248473673,0
26.126583791542394,4.488236043266351,55.76917180403689,0.18463567165406256,0,292.7586252969931,0
25.614833058364507,4.184968735855826,50.43703192694806,0.11048271329143526,0,372.38399952355593,0
25.62724542096854,5.039319356777832,54.23944039070632,0.15350792672062702,1,287.64408787060677,0
25.43437461456097,3.969732042818139,51.64885966803607,0.172320649387889,0,236.38474933690088,0
26.718345521347974,5.901517998238166,53.29892597381208,0.1271840449438347,1,354.94353939219934,0
26.78699352644706,3.6130533786645653,67.5276588617367,0.16486163350344812,0,251.92554004692676,0
22.992155964597004,5.35902777240598,50.774558147961386,0.15725007392609924,1,282.69117752028956,0
23.429168744132717,4.116332624401132,43.60947947689575,0.040495082245646956,1,359.12382832248426,0
26.21462516133659,3.4524689745110644,55.30378691837788,0.12612399115470638,0,321.1464304255643,0
25.030583990591616,4.975180377753872,39.33862597869156,0.0,1,255.8296919832316,0
25.914937372176016,4.257220029266743,40.509139717148784,0.08122636938987807,0,266.73011178409627,0
26.290939049898007,4.502273240965372,30.059786462347624,0.08283567504244582,0,307.4385174624708,0
28.71195784361283,5.530986829362002,82.15374196212832,0.11660295604745444,0,311.77761056440454,0
23.96044546349288,4.826775156736774,38.484208222025345,0.14734592368676555,0,291.0035423533968,0
29.17942992625192,4.629137972194991,51.693137238538576,5.226529829486466,0,339.171559332194,3
28.211868277457523,4.197262631793146,33.47023106048748,0.169996106351047,0,256.10434581948687,0
27.293958601561908,5.592317302127461,38.57717491273557,0.19216935820359293,0,314.20566476750923,0
24.22644960540343,4.214949258508731,58.07970265915459,0.11287525059547435,0,352.46572573129174,0
24.92137212300033,42.028771368310736,42.86443509061247,0.11223351745354788,0,384.7743752567661,1
25.419738434210583,5.492647969524692,48.9628708100776,0.09288287179266927,0,227.0238312972187,0
25.19558956563935,5.429769621904978,68.60476353192296,0.12347512405949226,0,277.51579383513405,0
23.257581273378765,4.833114093150319,39.281210091706285,0.14912392133860072,1,252.00701974233678,0
23.287784319212157,4.390700605493621,63.16255216255152,0.09850282764711253,0,227.62667913630253,0
27.8613706330385,5.448695200218555,39.268645733268734,0.08062411085457243,1,238.43165369530826,0
23.066619782149946,4.093503880923534,50.070317978495495,0.10955309086406519,1,292.5672685684329,0
23.595475484384718,5.366204538236972,63.49144474247618,0.09698633641110287,0,291.86041591252155,0
24.635426587141055,5.083001052052849,61.18204859759391,0.055263850028067975,0,372.54236678660675,0
23.074217280751583,5.51390906501423,52.83815435431686,0.0810753037194311,1,253.22724678031034,0
42.589937006846796,5.283305179380486,48.21261880310066,0.14314087776151663,0,271.41228738211674,1
23.88087306786063,7.3464493568647145,37.65415880636876,0.13908590193087073,0,209.67801648822393,0
25.1099037872563,4.6314682230291,69.5666845721534,0.10898370092302231,0,295.19588067706565,0
26.88453687734902,5.248657922762082,70.25963602549069,0.04466823437260763,0,359.3742156230383,0
22.624443616402818,5.767044128875277,44.14083683922752,0.0,0,280.59786910752035,0
25.162374942331027,3.6902167343214636,46.833970116787576,0.11182064910483902,0,271.1797175498727,0
23.825115113151956,3.676204555403141,67.05717761378136,0.14615484735312637,0,282.1876810808221,0
25.920287771533395,4.219084852901938,52.67713709827774,0.21132206686688432,0,363.5575308243402,0
27.31629911131909,4.616631175771936,47.87987107665458,0.04309246774584801,1,389.3018159549636,0
25.065194093272666,4.524628848919835,55.24541674581635,0.13500274517770772,0,261.85809674872525,0
24.656010029136215,4.573828092434314,61.672470934456996,0.08200256675933766,0,333.30584188175266,0
27.247732991383852,4.3456298480256255,48.366149819496755,0.004713139715407516,0,350.39341770957606,0
24.254177191810797,6.925128883533592,44.153381213257575,0.17237274161731025,0,331.4211575122023,0
24.892286317630965,4.421964325025418,55.92324728205215,3.7160473220542185,0,291.3039593700742,3
23.228503876248165,3.0961961325187337,65.12796068814725,0.11055085151111409,0,265.6860797190949,0
25.326748269622975,7.4806655578622765,42.387407588675075,0.09944280361971246,0,203.30425941612833,0
22.01170040971488,6.654491929554905,65.01938548798466,0.1376607517999474,0,244.2461480795093,0
26.614110269598104,5.8641486658962165,46.45166851644417,0.15086692709857386,0,274.4890916795819,0
53.95338404693835,96.08824971004773,19.20514811937849,0.09116952449184747,0,339.63698446637886,2
26.065151001194767,3.779220067824329,62.98762482264652,0.12447836842741469,0,320.2232181442162,0
25.39541488141759,5.67449919843457,53.91459497933533,0.13918245649352692,0,260.6292608550572,0
25.4217797998943,4.227174247127881,66.6221642753444,0.13348274766197774,0,350.37212606196726,0
77.52714287431449,53.70511285842882,27.318759015213402,0.13836127318247923,0,298.0767804748345,2
27.758788242490272,5.854377341471164,52.728483427128346,0.2167760446878297,0,335.7707020622022,0
25.503927208256133,5.378155935606963,51.36223162376663,0.0452876086819204,0,418.40227960777213,0
24.240194175348886,3.914486977325267,31.340637747440184,0.08438781011019444,0,354.5783769612245,0
23.78626396791109,4.485908660820037,39.356692873962636,0.10470176993575513,0,264.17707418193595,0
25.45571192102405,5.2609869303203185,42.89689251873707,0.079004283884238,0,300.3970261511619,0
25.0429938113799,3.5373650962680743,49.28913867214686,0.11607723196589993,0,366.67834110991726,0
21.676894783116087,4.74679015179344,66.08283158597084,0.13313506356653174,0,362.1614571481197,0
25.036186963121004,5.149917703057852,38.35389726274029,0.1660721370117671,0,250.61164566127664,0
23.59631094525689,5.301297078306563,51.31826175481114,0.08722861735090673,0,302.40777771097544,0
26.935222732244398,6.847639708025694,52.67968799210738,0.0912349091784027,0,296.6573571224242,0
23.526735595600584,3.8256881635046747,35.238773950873096,0.08209220370137946,0,295.36905874064297,0
27.060235700180925,3.881075723023982,50.16526414134551,0.007269534455079454,0,234.7268988863413,0
25.141850061405638,5.657760908544667,40.89602316380804,0.1294543037487299,0,280.7447311577773,0
23.534727635904776,3.934558260449414,56.63893126096135,0.143225793288434,1,51.91464102228069,1
23.019028401504688,3.3695658736725633,38.92725145035405,0.12436954266975667,0,289.7019718755417,0
53.041021551693746,104.21836094630007,13.466653845117698,0.015702539946537475,0,331.60723542187895,2
28.034607956511437,4.118472691247821,51.0953631496535,0.20428142943677896,0,249.3512702090021,0
24.793984248462717,4.4333343945910375,42.90808727486278,0.10754267184034162,0,284.41478928961266,0
72.21993414310042,90.37669090561981,20.38579012815835,0.07723497949850001,0,294.014713347965,2
50.43085053655627,7.012030027571846,58.291267716215984,0.12763598723249334,0,302.1312202211136,1
29.996546758578187,5.0295854267290725,63.23630168554929,0.12574210964367247,1,59.85620913336597,1
27.597463878826485,4.76341591599615,63.180612898373916,0.11714975570356531,0,291.0570948029531,0
25.088360987298728,5.9118591448567255,57.47147124842969,0.1463394577509404,0,338.850148125864,0
26.39137342215225,5.126065717840498,61.01074386893103,0.22939152488802494,0,304.13222699328344,0
21.668385208117623,3.484796131026399,54.61320624887189,0.10535648926531258,0,339.52332915822547,0
23.66962291853331,4.903123272810666,46.49272871432134,0.1366432488409639,0,370.39977627224073,0
49.36089514877079,73.67874056725101,21.27829327048637,0.10990942971421996,0,210.11800963816225,2
23.70750352418529,3.9853393129054115,47.92370863474124,0.046773328981914435,0,331.7565519490116,0
25.856469896032703,4.807739187774164,45.73791099740929,0.02769486359907207,1,354.66114485354365,0
90.54461508074304,111.73904221759351,29.001142690651463,0.13563622847046533,0,310.92537930230606,2
22.33920953382407,4.289975753295759,35.98826994161094,0.15454895265074353,0,291.3561238640356,0
22.556457823053854,5.576094728144831,57.62863561186452,0.0364154929240348,0,198.54892474644436,0
24.067738967133398,5.959431909709257,61.13527095042447,0.12068208472054023,0,309.03647640711614,0
23.002406249988656,3.647963572932171,46.23395256058469,0.0956299145154411,1,310.3832785156196,0
24.113503741979503,5.72354376067337,54.84504704403232,0.1853884911907922,0,320.2274394413073,0
23.419142571301066,6.239694530064242,49.86653535230019,8.566617311313307e-05,0,260.57921834029526,0
26.3561600147253,4.560046007778988,42.01552774498351,0.24510853174018205,0,239.56137705481754,0
23.351864665178848,6.855264109576364,63.70401801138914,0.17835976571348694,0,210.99130441329814,0
22.662742634285962,4.910279810899551,37.058479875323954,0.04166532304050017,0,279.44706976208374,0
22.919029803508334,4.7794014788191985,53.56286548310301,0.055458866599987784,0,413.2574268130838,0
26.189477741186217,6.3016168637924865,45.78467385975031,0.09064408046806667,0,320.64530452352136,0
22.770713061293712,4.202225121971627,45.454335774582376,5.671773098973587,0,302.7581930872343,3
23.93930236393499,5.037326950985965,50.854323465807965,0.1448717714472036,0,307.2762939103487,0
24.971603860470676,3.9151754290344982,40.8280255435745,0.11202028059580596,0,252.73249633463817,0
25.283221831375442,5.089855755242562,41.024827905501944,0.1064895709696295,0,308.03478043284593,0
27.678792244878313,5.26098385001607,53.21870382383057,0.1408603258748774,0,229.82208277633686,0
22.18546028112291,4.441699083964119,48.58712687910061,6.120364980884484,0,343.98304986844687,3
23.19566727699048,6.008886136766762,54.97812766413309,0.19449893222011289,0,290.95087610283036,0
25.742613837135462,3.686545980944466,47.40162779998927,0.0828938415177018,0,278.7797338534567,0
48.773395699035675,5.576251392022115,56.75509675492517,0.007009241193133647,0,288.76925810317096,1
31.280142234987576,4.101148535005519,53.26974084952343,0.17215984934401168,0,317.2239220423512,0
27.44508830586598,4.690311230709122,50.11996068938586,0.06785960998810461,0,329.8974306996369,0
23.556242930284835,4.511593566852859,31.804178605422916,0.09203322944230319,1,380.1065609269617,0
28.85453345548375,4.546409914578184,36.13404993442835,0.11682960194510308,0,275.8948741015538,0
23.62960315307837,6.345605684250839,51.363090256215074,0.12099282790793911,0,343.92662792374244,0
25.173697038110795,5.097284665126258,41.27216572146325,0.1572102398952068,0,352.2273289071592,0
24.55002802294407,5.679105162747582,48.757213407040915,0.0793542136848236,0,330.21441956793905,0
23.882772453737743,6.778077876751641,50.63446728665337,0.16301892590700212,0,261.9336325769436,0
23.36357660607929,6.507674334612773,50.83941214033708,0.14303649333553775,1,46.384026183234816,1
28.10626240707871,6.77281172412109,44.24506564907189,0.128889331531592,0,285.5732945407762,0
23.86434247716249,5.495290555387395,49.232582691872686,0.158418811696861,0,331.61102193518013,0
24.127839565809563,4.362788175140985,55.26503118108106,0.02286590050137355,0,364.6160067552629,0
23.024886805815502,3.911751896463893,55.609277657437175,0.05903124596874066,0,363.70375782438515,0
47.11563322557752,4.865199887799816,44.00778205469151,0.09339589242305542,0,328.827085818979,1
25.65147168426143,5.1907719305925335,49.99376823100128,0.030134335140550236,1,337.6686941915641,0
25.72256421240079,4.119284968893042,55.288743855226535,0.11236235331896523,1,330.57067344575495,0
26.420215492093416,4.912422415176093,35.72641562888049,0.09106162899258964,0,330.10262616050625,0
24.336453212510513,7.205782694748161,55.66444986779027,0.10124617430771005,1,340.99503883794245,0
25.40476700397585,4.620863304885419,39.305648246484324,0.12784615082541836,0,269.49226803987256,0
24.436738968054506,6.667211600851755,71.95012029127749,0.11723311523219912,1,300.46953040092995,0
26.093122970808853,2.9691418548252098,68.78430698660836,0.12670402052911584,0,341.6154943127057,0
24.905418708582932,4.2634517774592045,49.79185910672059,0.12111698010656767,0,227.31830506408525,0
21.379615689272065,4.191619853268243,41.41332706551335,0.18401749769341208,0,323.79201884219833,0
22.445484663120133,4.4906673495151495,52.06186703684505,0.11276785156584188,0,311.46334205477064,0
28.042900314338553,6.669951282978696,50.56181516780741,0.1237552789209904,1,310.0662983810807,0
24.234695303376967,3.9475580733855775,51.540289307324706,0.1603723021981469,0,322.19306153652064,0
23.356091788676803,4.137144478498517,59.50843599340236,0.07334818567260189,0,274.07513316878266,0
24.013895007059332,3.4337346329042604,55.1207481916116,0.11850848174101686,0,321.3221358130471,0
27.676131853958054,5.869426378169567,59.9246419507801,0.14799639350478228,0,343.74955926839885,0
24.059803453312558,4.703964310755648,55.34113408211786,0.024483511529284935,0,245.57413892329998,0
21.37243835096326,3.7439089284750837,42.10911324488113,0.10622475477153182,1,317.1555331715683,0
26.62336678951044,4.706404045586733,43.31632375268755,0.11164212253683196,0,300.09165002972406,0
28.83300641343666,5.2420320646062,32.30729917701223,0.11147966846412896,1,284.8855778453248,0
29.650110031751172,6.534946274031511,54.95505098095222,0.10392319467242074,0,326.90662746767174,0
24.314716596167848,5.984859638470869,67.9385788841561,0.06156053589787042,0,309.3573743438667,0
24.508693295748934,6.384140124046464,53.01186958077767,0.10667113172546448,0,239.9817897178703,0
46.96935589636465,75.78309314548386,24.90139495554689,0.11688108913733189,0,321.9516917347651,2
80.08381973504642,68.13589748161213,22.778294459285206,0.07981534402671833,0,219.63645521968482,2
22.643382779569578,3.363991420848739,52.412252668151595,0.13163416884844895,0,291.48564371290996,0
59.673725855658006,72.11357481832518,23.81430242215264,0.024669176794384587,0,245.50310500718228,2
24.966613520930828,29.08047709727738,40.846392381563994,0.16903928933485085,0,348.8243256389403,1
67.8642925717135,62.771233664654766,15.379342690399334,0.03132366892112323,0,304.5451928603816,2
25.530016306064642,5.824498389351887,52.74055756130115,0.04268464660027787,1,266.5394639944457,0
23.700399349470743,5.316078192153614,67.0768671715337,0.054932402868818814,0,356.1903380402549,0
28.968830236474776,4.378613723203595,60.31397801919874,0.1644197746609724,0,275.6438184635567,0
25.591690110447633,4.851620741502231,24.97391109392578,0.07822629759809145,0,321.09116430871245,0
20.473810918821854,7.04525862507221,62.49437280746071,0.02031023049053096,0,315.2522843182773,0
23.224207296616527,5.964902758754235,29.406457202248234,0.09611101844952172,0,365.28973838676194,0
22.070352278457683,5.294319249035365,58.28628621136861,0.19320750553559937,0,388.66732363853777,0
25.42533991234031,5.949165062690359,43.889372854349325,0.1809656989815341,0,246.47975036055212,0
25.815291311117765,3.2079417252171205,51.17559694449741,0.18173159174547937,0,320.7543328927219,0
29.754448585021535,5.3185486119419405,51.395374690830394,0.09684837879823537,0,190.39180379996816,0
26.46398486321913,27.185086430615332,63.41305874842286,0.11483296632580263,1,247.7763730810556,1
26.189682042464515,4.809462710273019,38.10916292654851,0.15181221775006992,0,317.6754009633245,0
29.361817638736948,31.602383947057774,32.01140611233132,0.0,0,299.18321188231903,1
22.00565812834717,5.1741762564046,33.1389453752832,0.10487143980977558,0,202.2357357794299,0
27.438063343663515,5.430758005142529,45.72952769668152,0.07125753774634888,0,354.424647662205,0
26.838031325039513,5.016461622438047,46.21875419630406,0.042537474040485884,0,351.87545262187894,0
27.357637946364118,6.841313027717352,54.45060185932759,0.16178804409695283,0,331.19436656277867,0
22.711570089727218,4.766517097425386,67.4127205621912,0.0696078896786758,0,249.22372326872815,0
27.22429137087309,3.8196952433627716,64.4462844663049,0.09191682827405831,0,322.9382760584964,0
25.735575778131206,5.2263752028400665,30.098832627510646,0.055728982195251145,0,357.30138571546206,0
22.374701489419586,5.92185037042883,51.41232762470866,5.050555718386263,1,252.749629177598,3
26.88079913789226,4.008654252307461,52.285477698719234,0.121173124580071,0,272.7215924853076,0
25.967772597297632,4.561319891387221,58.59464415251526,0.13105297051536802,1,303.144995870332,0
27.240378920813693,5.658525962430583,32.115360502731846,0.029755165122892877,0,359.11176095108306,0
25.25128247229504,4.816863900482756,49.97764849888533,0.07428503460778701,1,301.8633804794674,0
23.262541534416542,5.369994507227521,55.865122189668234,0.0711059081498572,0,253.89893108470665,0
27.763658726085673,5.435320380353004,45.42036771642037,0.08318067717988767,0,324.15267858257226,0
23.29375806184836,6.576458002155634,54.94504629752402,0.08615597877369581,1,51.456161387651775,1
23.487493037746006,5.131162201209187,59.36747239440672,0.017391642328845894,0,355.55812371183094,0
25.975214735122243,4.063014126491516,48.53111896098009,0.12394374850262264,0,233.00962746698286,0
22.951148744940447,5.532706404352075,45.05037091481718,0.05632323538765821,1,251.1323633084155,0
23.390127265658453,3.200023429580945,60.88038835761713,2.7852765429556374,0,278.70533789425474,3
24.8267612837302,5.03804950621891,35.14944325811144,6.433821913521071,0,234.94457964967526,3
25.20175812922719,7.482677762174321,42.91089275009411,0.05705698769271904,0,307.58276359507903,0
23.871710982365634,4.051857822912077,54.90503728410612,0.10903555779728849,0,302.16276200958663,0
28.48999253545587,4.927896840229652,45.69324871504964,0.157147986845914,0,260.732200439684,0
24.975047898776705,4.608358909546221,50.180088252140614,0.09535527430414094,0,388.2634834697473,0
23.9445288582643,3.844354890706952,55.75246532114038,0.06112761213356092,0,226.30440018359207,0
26.56161512017384,5.52968910815015,70.55415740645132,0.19015062218834583,0,260.10392056480896,0
26.12918380241614,5.790263318381253,60.45472500466073,0.10563396731245348,1,262.08921309707097,0
25.11188043599416,3.0525888883447867,58.87932544798412,0.20513249345259243,0,328.66281857893574,0
27.39633333624616,6.159771962377694,49.158246746588766,0.09466588077534888,0,372.2330950818937,0
63.193658235827364,78.2112628151333,25.327078151016163,0.10187417152207573,0,446.48388431301447,2
25.449888301074047,5.758522540764731,54.45328162175578,0.08418329033800842,0,249.9098416403468,0
25.585945764404332,4.221652590358875,49.604301611562036,0.11462092737175568,1,285.1329227442239,0
24.541001232436802,4.081273364994554,64.46909944820457,0.1569814377307881,0,239.34850855209766,0
77.03054450874114,65.9818363323444,15.800185648139006,0.15176899807600802,0,240.0647884161025,2
27.791723394904196,7.210959211272875,59.37013936819483,0.045405971413246815,1,295.1164531259965,0
23.923104809506547,6.587558891755954,67.17687813280043,0.10538074824428798,1,45.3624230520048,1
23.1100874584405,6.002192653803254,44.66641042779645,0.11083700439324876,0,231.5111755370442,0
25.993246623938894,5.982650247112383,58.894135604139834,0.07240293667880333,0,281.0660653624935,0
25.357912822572885,5.063378868865325,48.51829595245769,0.1085251639082923,0,362.82214868981913,0
27.358207740267964,5.988674799574821,53.77149838625287,0.10740260687926993,0,324.7000833651509,0
23.300066766651398,4.618043712471672,57.50810238851607,0.07520888815842744,0,348.77497796311536,0
25.40556373676154,4.438102169794437,49.015561919301106,0.2016900024784714,0,308.86005369845316,0
25.64132609552528,4.939602075009262,55.42178974101645,0.014439798549400557,1,310.245269434626,0
24.682381751261985,28.89611698199435,41.42455160897317,0.023567551740265355,1,334.8807237357903,1
27.21281263278231,4.760919294378697,30.45081510436877,0.11126962910056354,0,220.98242760322108,0
24.004485873964796,4.119850973346607,44.09499019036137,0.15693470539101687,0,224.94514149814825,0
42.32924071308215,2.7692323468526023,46.390816269907425,0.043763447098622316,0,269.95146762867466,1
27.30006229708001,4.5538271598794795,54.462231525782904,0.10602941300841144,1,326.84360813199226,0
20.092888856699147,3.885010497602986,50.47448530636205,0.08778502973679925,0,283.63624230304015,0
23.23307660983486,3.9285831200384718,50.40778665785045,0.0,0,332.1060894433709,0
25.01250234716762,5.046348698637989,49.37896600190712,0.043977707046278396,0,224.27552709828763,0
25.356570850587218,5.3540768037813695,57.28884430794801,0.1400891391036296,0,338.2513597577259,0
26.38168313971467,7.249326791978808,70.43958762508188,0.1344956883277443,0,328.25986029187646,0
26.072437850366367,5.51463632406669,57.757723996009325,0.052464327966274676,0,307.8416083268095,0
23.28761979081576,5.025866510288299,63.050815921384164,0.10411852253269188,1,304.3273823808989,0
26.166831969207365,5.457343614218458,44.54054786935589,0.05491324834746705,0,266.44254459621885,0
25.939525379268215,5.160232827556277,48.65640422756047,0.13453849947926436,0,318.9431041371168,0
21.886809689377955,4.274856069517657,42.2779133703241,0.08859841418547994,0,275.2338509008065,0
24.744818638742274,6.043995191330685,59.287905983168194,0.09726457643730128,1,363.275174470015,0
25.20941990244013,5.844308944292013,55.320483836433965,0.18641379163142774,1,255.43201596239686,0
24.12386526773907,5.609350895578041,56.320793835314134,0.13341966852953935,0,263.57516328167696,0
25.009084759559972,4.00555757867284,50.11525576101856,0.13847525256473248,0,299.9645678083507,0
26.341119982385337,6.219230137592039,36.50744740195455,0.04409941459822009,0,284.3369281127981,0
26.346187448398567,5.061250747154364,64.94979013554115,0.0023337634572406507,1,358.2173747520128,0
22.61205763394816,4.233911575257275,61.6248695057964,0.10054715573917372,0,236.87746974956676,0
27.326562618150046,5.00702587134297,55.76688021781559,0.1275023317158533,0,427.5920047286178,0
24.214774535831154,5.479932810798946,53.984108241501126,0.10693477131299628,0,332.66254726706455,0
25.40012366613251,42.216012619237006,54.72079080576331,0.12378302807091239,0,280.7599790084818,1
24.7675732456888,5.254943841423749,51.75440344580337,0.0935052694524396,0,243.19214953766516,0
27.119363867609035,6.9787860924163825,61.55161698227009,0.11881151356239719,0,296.72731898603894,0
22.487639946556428,3.040041147963139,37.68583830933812,0.18700286345983672,0,294.3540113912664,0
26.204078659891863,4.326571368126913,30.114068927236627,0.08842880821141967,0,291.7971395895247,0
52.216673242926696,88.07617051396983,17.885771508086172,0.040046234118122595,0,369.77127531000326,2
24.045587955630843,4.071355844534825,75.65562220204355,0.08756303172761233,0,291.1622909032593,0
23.204095896266793,6.506012721175688,68.90382902867472,0.09156022942050014,0,289.0659692389743,0
28.50394678092985,4.9106106380605175,39.38076833363155,0.09442333383098231,0,324.834280965224,0
23.665602403011775,4.9335478763320735,37.31151219452721,0.04816879194066342,0,336.88296274317963,0
23.71817210321161,5.09100439554275,64.91297637591502,0.12581655325497343,0,339.1438776594386,0
41.62753147000973,5.144337337249703,49.916019826656566,0.12435046295867695,0,260.02491707721526,1
24.193904852392663,4.879791846591703,57.09627142036857,0.08684336466611459,0,326.24158723571736,0
26.53840929777832,3.38944679875396,46.445910944195276,0.15352913348378822,1,340.20634867269547,0
22.874659818326226,4.096568905540651,59.42105470369061,0.09648799745109574,0,287.67252725348646,0
26.809527803458028,5.9394694872838985,49.11949874685059,0.09732271738537866,1,393.2699600846358,0
26.21524109711724,4.550867185734433,63.867936408265095,0.1179696710233897,0,278.3505621806343,0
24.522271217640725,6.253442823077613,44.29301329468916,0.07545580211696207,1,64.6982561892454,1
30.98781013586933,4.524529678980815,43.70174600470668,1.3259491313803085,0,300.61709753191286,3
24.24054842134909,3.835191442139731,35.008202820992494,0.05989077803909699,1,310.35102546954147,0
23.765062654005078,5.356673442051928,46.579944084353414,0.09072207982669767,1,339.00531575495415,0
23.807748441906327,4.585794998842101,38.91812892061537,0.0355629052190161,0,237.97887412678742,0
21.45301629232276,4.005490384826322,58.2100585993255,0.09958428937660008,0,280.6062080835207,0
69.51979637355475,51.631913558447806,26.504247698988053,0.10279428188460274,0,314.8407113457532,2
24.977089406556637,4.632302552719502,55.82555960138093,0.04213358654669222,0,288.1004336346997,0
24.74078010943263,28.20362943317966,64.93241559472105,0.07568516947477265,0,334.6325658475169,1
23.68391215249315,6.027596785948759,54.94067336479657,0.15155780900809687,0,269.1063111788942,0
26.696879292908132,4.658896472083295,71.99190148394692,0.10684549953766974,0,358.89982474797404,0
24.6798891534472,5.020528901765271,50.239875261755294,0.04319703056146749,0,275.9027540150242,0
24.71925332877715,4.224466555724599,51.8475864685367,0.06092545663824395,0,373.40531340330995,0
27.19087256535806,3.689500984067544,49.48161436020624,0.08485659027141064,0,267.6700186230356,0
27.031652289468695,6.007955901802008,30.21059826203174,0.06495501893959664,1,338.0302253829518,0
24.521129793490022,4.827183621366655,41.94617149702623,0.0,0,228.75633397467897,0
25.353011380128965,4.841152004340664,58.97197552273546,0.10574486067410793,0,239.8331578207029,0
28.573580970879345,6.6943538935456015,50.354366500479095,0.06568748114682016,0,268.2748462848386,0
21.843942834557755,5.12657930672293,20.932259512041853,0.04256628738311187,0,372.6898026036125,0
26.251553029661235,4.851571123549352,59.65939554859702,0.06326270612730425,0,285.45215678297694,0
24.299513330184272,6.299224424346294,44.581769387286776,0.08295304097216173,1,281.8554400640814,0
26.172303180651337,3.5996827027643374,57.06467748897977,0.04366455208257633,0,312.41738420009807,0
24.37331818130573,4.335146012897505,39.29169739785245,0.1304571462105289,1,251.12761666824903,0
22.550074486939444,4.292466083117583,41.89500259081459,0.08972022844773313,1,278.66878098110516,0
26.49348448562175,5.3749440085596945,48.931473899170506,3.3722505183441616,0,252.5037678101873,3
21.862396729830706,3.357310517804639,44.80874000279506,0.1196453916667318,0,354.7802168614374,0
28.86638844303528,5.1598474195886865,48.42997331543082,0.043827149642029384,0,227.82057752936174,0
26.22496842059563,3.1099607363949797,35.542000977536574,0.06653858051512265,1,355.4691990380395,0
22.85768784519345,4.180018944635445,30.66206719698255,0.1387176847510106,0,259.4829356845363,0
19.08994810244614,7.7079441417835355,46.77771827218584,0.11392226687095032,0,384.1686671503767,0
24.667698879401268,5.08028495186812,45.93146927736774,3.4330718103646936,0,309.97969615415946,3
24.47080726856565,5.912954620306918,53.182456379874665,0.10528521693582217,0,261.2165600432687,0
26.814915804775254,6.639420548506403,32.227865424191975,0.10128299245493605,0,315.8173852923254,0
26.316102851610555,4.326896838150868,59.034402784012315,0.1358828145164824,0,279.1847362710724,0
25.28683510590539,3.422066930431722,39.52828584683727,0.13457579279326654,0,297.6105183606659,0
24.77707798483644,22.59866271550609,54.397855131384425,0.12006966980580698,0,285.2928715212362,1
24.98892728166746,5.869329104046212,31.452135485391647,0.09678037792801965,0,239.2107779608386,0
23.06266099663347,4.942748432253813,49.469007003946274,0.11723706438835221,0,259.64040679820425,0
25.6565340909143,3.9576897673127505,38.62755471118706,0.17551645849068637,1,390.4331514163399,0
25.898078971670753,5.364967380258451,51.364299708993656,0.10885818804311982,0,317.8020221994043,0
22.1723374165793,4.071868106150215,65.51099799196935,0.028660248358791163,1,414.0499669037429,0
25.95413468741879,36.94976908840505,59.34909583633244,0.08991844798907055,0,369.75165700603446,1
23.83126893841406,4.142611900100873,49.187879902488646,0.03497601894830109,0,222.19760155751842,0
27.264026046843508,5.381875177181529,62.937679234012506,0.10805219203818321,0,298.14128825075824,0
40.07746155637152,5.029134890420074,60.94394784946209,0.14357882511490785,0,237.8274599037761,1
24.147394963641492,4.116651395342054,63.487182033101405,0.06473151975274372,1,338.0414605761258,0
27.563210882991886,5.7744747949256725,58.63459476305258,0.0,0,284.6507379037503,0
25.439842229791825,5.085877854169854,58.17126139561412,0.10802759691561387,0,322.14267469192436,0
83.21552130458178,82.42044950754502,20.846471123844623,0.026853589630449343,0,325.3477767701747,2
23.612984349315795,4.591309785651043,52.8670471288598,0.08494502392652403,0,256.90269067893473,0
23.87189591650764,4.435236561199352,52.930501888184416,0.05118241244708691,0,314.84599034550666,0
28.724783936407572,4.884457162724774,54.75484267713831,0.11644068265211305,0,323.62727587762055,0
25.635085514038018,4.315942359418608,45.82257632958421,0.06317860081173661,0,325.6776098431446,0
25.433472908399285,6.704227494492962,59.270134448498354,0.15564183717747282,0,243.5579542992415,0
24.374682539970813,6.037640014763186,25.03201882880913,0.04124334619570148,1,293.88904854763587,0
25.642073735729305,6.862299802347153,47.74164140292718,0.09922836401575122,0,348.4324503226879,0
26.61295445984625,2.896950483130026,37.26510983765343,0.08324558503883278,0,311.9364164178038,0
26.09211547512765,4.5138268129361006,56.79743794373477,0.0708101817072956,0,308.1335303322142,0
27.924143763337536,5.174395637377899,43.30946065283971,0.142625063797752,1,259.38857516042634,0
26.101959308607025,5.193991328949085,38.040700412026425,0.07423981853211789,1,337.2704879347789,0
25.669600582278882,6.303360902929658,46.389232347493525,0.10575774019188881,0,265.99349925551076,0
24.08043437647082,3.400857894892961,37.839040950258,0.1328880601972336,1,376.73887988472114,0
25.061703897020926,6.486163644965158,27.393997030724204,0.09018975515884475,0,285.12743911711345,0
24.915348180714027,5.010363113109881,41.45058438247473,0.12078566618489744,0,273.911702707213,0
24.57230830411734,4.675261645279057,46.79719049493907,0.09507527969352306,0,240.5495659882668,0
81.3247291616612,90.75340679676809,20.88987417093627,0.08656218129808638,0,289.044875790197,2
24.137366298837016,4.5932693094785915,47.98202896998391,0.03840840294361171,0,298.0365775701522,0
26.37799189248869,5.485951670957971,47.74036542300715,0.01566672156485814,0,334.5757353216084,0
20.474380074618416,3.741853271818009,50.9112102933352,0.0496633468740806,1,401.96010223612245,0
23.635354442863374,5.334744026822295,68.9692904496929,0.09473454503329272,0,268.10423307954943,0
26.3423839834544,5.711414969204639,50.049813039395886,0.008718245649150025,0,385.73924668329795,0
25.45027508515083,19.90357241460694,27.22278594064537,0.09483559082844224,1,322.3910938249002,1
27.05228480647193,7.566941237529476,29.10766526156621,0.08562954950871463,1,373.81943547953,0
19.89375039055802,4.455469426660734,51.970816169821475,0.10336612847860485,0,375.7038897380838,0
25.90284763759246,5.328235566160255,62.20299783005086,0.07888394709448984,0,263.5511200526961,0
25.588387846342524,3.544181714849408,60.35518803460984,0.07777130069814625,0,231.54793303478488,0
26.988336092602637,4.030442656683778,53.978444155207086,0.08526062483759601,0,285.85480691988766,0
26.434158058131395,5.008984724619779,47.40623493392958,0.04796843351557163,0,303.3926120904775,0
31.264652301616923,3.9211490386714103,49.44976452081651,0.10112244598527138,0,344.1961750614571,0
24.99864280665932,4.935092314789686,49.26711841664019,0.04470114106424758,0,374.7919299942031,0
25.11893185475095,2.783879353048112,28.45616293659276,0.05803240208536837,0,357.1814368217819,0
24.226603823409242,6.082389058323204,49.69998478779745,0.05657932652023734,0,263.29973666305506,0
21.35829972216421,5.335753993851275,52.620834147001496,0.1388656443642926,1,54.633803043897814,1
27.068233461812014,5.050568013208292,39.65718186178006,0.10939460114371392,1,49.10852012179659,1
26.664086091859243,5.352936541844681,42.06986673209844,0.15371689388385143,0,280.59980886859427,0
22.42581433840148,5.449342309952,62.288131153533755,0.07277622725932704,0,336.1153097705205,0
25.428600464107497,3.5919186899754965,67.11300515310464,0.0,1,38.31975808168259,1
28.519094543659122,7.103087728668228,56.88983546681561,0.10084050717859469,1,231.102991172058,0
22.39763173494287,4.1068857683846,51.212446952959056,0.048653881235837505,0,262.41686228474873,0
41.398600079395514,6.549871704159265,44.12689802151812,0.09275800585248323,0,254.96801260109396,1
26.163340232558014,5.8013943237833825,64.28724467126588,0.12345601774323772,1,244.9913544547532,0
25.645633676253503,5.293244046978969,38.24609436780903,0.1323082435944085,0,286.8851349029296,0
19.368379011045413,4.952898292106454,41.44118493622368,0.17506812524101167,1,359.7431835558219,0
27.543418185441535,5.542396384639893,44.721949355857646,4.13245491951887,0,238.48913932607172,3
29.532979309963384,6.46994775619084,60.63047483982831,0.025484448892292108,1,343.2078556142027,0
23.843818126848703,7.944116008982601,69.73945901422353,0.11517357283529207,0,356.96941792032914,0
23.899013767375763,4.959193120136066,33.9900755532461,0.172965540667688,0,355.687086611656,0
24.41503932976318,5.999072352853866,60.30139856082582,0.14584044479419409,0,349.7156690854062,0
42.71542283315419,4.468640118423134,66.8909313107739,0.1205833664107952,0,339.3580759009086,1
22.23186759250122,6.635585998976278,45.37469209874302,0.06287067013884665,0,310.6145660739616,0
28.42169731249274,4.8052166308853925,49.342312764427405,0.1846978613220168,0,249.13924129380294,0
23.282468334833794,4.398094306652848,55.28575507075129,0.20055938416054195,1,279.3373653023128,0
26.93604054944629,5.857256536661731,55.51518008469582,0.11971278463905065,1,193.51158687332526,0
22.229978527992355,7.0462816562890795,44.937912824460966,0.12265386133761971,0,316.8398226139221,0
23.537005166106944,4.29450746791685,41.558622763058324,0.12838109875579423,0,257.973961985299,0
23.94652161823618,3.140836962808848,61.71559010470227,0.030570438461186455,0,291.3786719081027,0
22.801437499717693,3.7049772740414246,45.817864877949006,0.020992220655428023,0,325.45446655287725,0
25.064602802075083,5.219083315363225,58.10486247629271,0.10540506315625828,0,277.7993202371556,0
23.400796850107678,6.530094463673149,38.81122985890223,0.0,0,239.08214223092492,0
54.458434495892526,4.251770659235582,56.99963066323442,0.10987209881169302,0,244.0273890703365,1
74.64494589948373,77.17283645768097,20.562936299535302,0.1100759835574372,0,296.9565413891885,2
23.443902734925537,6.26001773942137,45.89343297261536,0.03852696076385368,0,298.0598580872575,0
26.124281245941567,5.881656460512461,60.19636490669318,0.09195416366725899,0,296.2631267071827,0
21.57530632013242,5.594382370773892,48.62672372851631,0.09629761629070684,0,344.4407907838807,0
24.13160476411234,3.8586330267181346,58.305710134214074,0.18860463754126244,0,334.623961757518,0
26.40001261974404,4.074457651616763,49.793587866037896,0.11198227874448298,0,329.72964208090445,0
22.10383358371202,6.684037627431329,45.696854752490104,0.21145218622619066,0,334.92655605387665,0
84.86606974896137,94.81368007847193,21.711875448137537,0.14372690047167525,0,235.10610066392655,2
23.294185865718198,5.2054007726019105,57.92765143644376,7.688483377402226,0,305.94932106975034,3
24.647864376385066,5.106080496156278,63.782808137465814,0.06741433135535937,0,278.5122293773773,0
21.87317305451672,3.9122313777024305,49.31982512094217,0.15571778890952306,1,54.56245872232134,1
24.48942812068527,4.585037409767096,48.89255541585415,0.04451002940715292,0,293.560523807321,0
24.769510435896517,3.6544948535954895,55.71798123415115,0.06735619407078305,0,298.4964691480131,0
29.19010121413261,5.587153766832767,40.468451797761034,0.05165416251931175,1,329.9751924025991,0
28.286872302583784,4.235028790787558,52.41469797135155,0.12024006819698928,0,326.7089427476775,0
25.149152304072256,5.030066387645192,37.87339751944417,0.1754184849954724,0,313.4728196099029,0
25.871594552740387,3.7315408790772286,40.62323283275129,0.13623281398466106,0,325.40740463079317,0
22.50744714775594,5.641238977684045,54.40992688138154,0.1311589243215477,0,438.22244988926934,0
25.92619273148472,5.535554138811307,57.257083669974165,0.10118964229096815,0,358.1926951171312,0
24.171476290579253,5.5487358314922925,70.87720481677295,0.05156775568139277,1,263.11161346729494,0
22.740159470010745,5.661432849383251,33.987636783830354,0.11498205937219026,0,342.1775204584447,0
25.69090902237512,5.951640062324615,43.95997022867032,0.0386454623062733,0,325.34541001464294,0
28.16303023746362,5.33884709644161,46.031198551222126,0.1520426770031579,0,263.1219512921094,0
23.317541921677,4.3102726593166905,46.29408686065567,0.0734974652778531,0,370.1516713763433,0
28.324997531567334,6.794978636144609,60.901206211775126,0.12331356298866189,0,228.38572040334435,0
25.670691714513556,4.174651893928163,66.21408350330614,0.09578867851870941,0,302.75179095152725,0
19.643715228293708,5.640485563668963,62.662546961783114,0.09755020156797278,1,361.65255022427067,0
24.136008340559307,6.299966616404053,56.54246525373825,0.09095703256074661,0,367.8289434296139,0
26.277848933497122,3.806370910634957,52.13045622074386,0.13003637226440745,0,206.28830006514355,0
28.110750174577806,4.619069366958552,53.84237214475642,0.15504845312414658,0,327.9745564604447,0
27.167526620521947,3.8765807372073953,34.94765781645452,0.1139451803669506,0,285.6864383066149,0
26.995415139903074,5.148343060556289,62.12779320204545,0.17163477668110264,0,296.04274868646013,0
24.84337263314113,5.094443325498656,52.212125299172456,0.013037217704123916,0,341.8511503185466,0
26.299194498998403,6.364335187744172,51.294807789103444,0.23170126166108473,0,313.6456592583018,0
21.984939947617107,5.802591364418165,51.16262677414173,0.10970797978474983,1,254.12235408290326,0
22.93036368681532,5.613731846975706,45.79640374537258,0.10507884838708947,0,278.19653409768176,0
25.44079141425193,5.0487973783806295,59.04822119119395,0.07598708562379171,0,239.08096986295874,0
25.046388230453623,6.546182362620166,44.73927326699676,0.11008781346302461,0,238.981317346189,0
23.27778424385797,4.455522908224141,62.446945270238515,0.07145298002536704,0,236.42298748608886,0
25.61168740255885,5.61029677833779,46.40250830731559,0.11388912632521937,0,329.21151034368654,0
22.63264243095954,7.886548061715323,60.51252210274222,0.1258514281595436,0,241.78441128013952,0
24.728290205814616,4.651482534040182,44.7694376107851,0.1357189053643543,0,237.92584570297453,0
25.87709299765427,6.006234675270489,56.84904419795035,0.13254094983714745,0,296.76167715201467,0
25.013477090614185,3.967649249432748,48.88008085365217,0.13944485302321366,1,250.98605323519746,0
50.42329019952963,69.5401745275606,20.13949157345811,0.16403277804411306,0,340.26509903620195,2
26.60136271132427,28.56347243221562,49.93585698222468,0.15151911069059865,1,283.1138200953162,1
24.620864526696998,4.93998376102636,53.852054328401806,0.09998683993665786,0,293.33024055813667,0
66.26630323850598,31.437638860952013,17.366503335326993,0.16630230873885177,1,288.91632639374495,2
26.4263464842512,4.977588757096237,37.148135701442506,0.14823156275960186,0,232.97402573258876,0
20.567336522777286,3.493823647047365,56.52004305968003,0.08428644522491123,0,310.46850569532523,0
22.521391637452684,5.522202544671409,54.052905451344,0.15723247221095324,0,344.6564570639193,0
24.99015933001353,4.075465169604766,65.17316132400224,0.14352575796534842,0,289.8214910291008,0
26.039359401031955,4.915772237586417,51.87683135034636,0.05917531221429032,1,319.887869648822,0
26.860596710152493,5.721945776435021,41.25018944651588,0.10111890670321587,0,320.63999387473615,0
28.531185387651,5.680550537819082,56.74299246037104,0.05512866625256576,0,222.49738070777101,0
67.84319865366746,36.5781194111497,20.095225801047118,0.011625413235869561,0,347.0455441939673,2
27.37148702805997,3.5613629837642504,51.27106964975087,0.07091146475023435,0,381.99729743769586,0
23.179214574177017,4.788508421245201,54.401069411182455,0.07690867135451386,0,312.59728091813497,0
24.723454666971396,4.209471430946024,53.23095421317893,0.07797323687575441,0,265.5116887595931,0
23.338841863703763,5.931211668738273,45.75787040464478,0.11013226585491524,0,338.02852285132747,0
25.066807736416674,3.559163621229019,28.64705249920312,0.11489485877302369,0,258.5263100561148,0
23.657825603193896,4.569299426693689,58.967305626758716,0.12780525941022,0,306.6592886247504,0
24.243196944075816,6.751920810273305,59.50315657818644,0.16736484500939153,0,301.20238845595327,0
24.942398360600237,5.8403499483518235,45.73091312882954,5.717756711226289,0,383.4155559782257,3
26.08851370008348,6.489647842291582,33.482650562740446,0.0820699392384096,1,359.93532118927243,0
23.955918703226374,6.306964213632141,38.23743252054554,0.08890374249006636,1,42.57467906196882,1
23.895965031356376,5.634498150727905,43.010545917651,0.01475257886221791,1,220.91494131375504,0
26.529994387855837,4.904659957773365,42.05898014549608,0.019715010976483607,0,412.69679581471206,0
27.46556854427336,5.768971891898517,43.40275329265561,0.08809969046347747,1,43.558422817791,1
26.53885127833269,4.823556368275838,55.492164303499656,0.10849709374587964,1,325.20136235808036,0
25.088045465491362,4.256915827813729,48.864282578983676,0.04602336481100222,1,294.9141289082312,0
21.234108290611925,32.745110435609575,36.323616757101505,0.06909238658590852,1,260.58279368798395,1
26.18213387267012,4.770284160588232,65.34286975303658,0.06374625314967491,0,373.5682851626583,0
55.961991973803094,96.73306743691909,20.12112930530234,0.0582139421985256,0,369.4804276884413,2
25.541630566099194,4.409956628722636,53.528080003331326,0.10674871442754322,0,255.17949639633716,0
23.93526328754676,5.014010207969882,32.60839805388936,0.07467522587726699,0,339.6475351923172,0
23.991073832905865,4.711950527994934,39.24670595280401,0.059303444470134054,1,300.88148408695685,0
26.71405747363846,6.307388820504227,45.252242921525344,0.09587766473664772,0,362.2418824656621,0
21.98836120131847,29.585135471741932,57.676665568502834,0.0694610551179152,0,394.2611963399084,1
26.319033856087596,6.13381339009708,64.86817462970208,0.15674119529968747,0,373.965222220923,0
22.010844257941528,4.828788788154286,46.36598016770576,0.1427730932095749,0,180.302946682796,0
24.56140734695911,6.800133040402787,47.652675482769745,0.13963114466497273,0,280.7558813599645,0
26.695522422687358,5.288732346713695,33.631589072732424,0.10307124469383067,0,259.06288370692477,0
49.16585685210454,4.491954746187628,43.45367953891751,0.19836625608244915,0,338.3686080613238,1
23.83899064556398,4.082421614590669,39.14257679033069,0.07363233782698925,0,322.6089315810156,0
24.043453382202653,2.9767343570114932,55.86763382096981,0.1730086734982743,0,332.98147936568836,0
23.537814334809863,4.943085836589824,32.94711065385914,0.1576516707756474,1,39.0280496836197,1
21.35681477528626,6.6946417602320105,50.31062341766096,0.09379787372463119,1,281.3390910311668,0
24.029092757228614,3.4332020425150165,52.3294177212022,0.0954041588965262,0,278.10769104436594,0
23.979793560305666,4.639969983713177,52.28563416114042,0.0860216160307863,0,283.64419218546914,0
24.135040853507242,4.146351953385796,59.36820043574258,0.10154978848279535,0,318.3950489663632,0
24.158694865570958,5.836084497688805,40.14786462604264,0.039710436928018004,0,279.4818840125825,0
22.73121892925758,3.783933481073593,42.30835002971277,0.18442035921222294,1,332.90186955962145,0
27.1695540439642,4.471280998935647,40.6099411326077,0.09586607645981482,1,410.5865175198106,0
27.056323478532384,5.094550955222577,56.9930987351636,0.10075356096411062,0,208.20008180124788,0
27.08828001381908,3.8642974203620923,69.44667121752501,0.046135566186743554,1,340.6171475225679,0
21.215773028188288,5.728183713089529,59.396243162021676,0.0,0,338.26183768896993,0
21.151288141203622,4.148740686492162,42.83908929403314,0.11902857569381463,1,264.20266303078114,0
26.97920908551469,4.694761727747599,48.19834626270918,0.08989565467810354,0,317.3799385487393,0
25.76959422700731,4.266209734829164,56.008946882910976,0.1021333997922535,0,280.93745251631486,0
24.63166896439004,5.238824325937041,59.6443564431472,0.04542074234113994,0,305.1788260887534,0
21.737588945616665,4.1031922229409625,60.66836955641918,0.12422494290863513,1,257.02989011331584,0
26.942971996536205,3.954741310154346,52.92965293863093,0.11541758103830796,1,257.4100241480688,0
22.118533190067275,5.335438673058769,36.97581801195865,0.12550898718375825,0,355.6477669105335,0
25.280086143423784,5.9550134901120595,55.54691048489879,0.12741515004478793,0,283.4033404884966,0
24.808110987576814,6.173152117682379,40.86393792819034,0.05576756899338686,0,255.7448820639807,0
46.47418906251834,5.786717104708964,66.72862637012496,0.0895150422893392,1,326.57651815341296,1
24.050244192344373,3.149730304902742,60.35437479682824,0.10910893693720554,0,263.39800342211953,0
72.01545259681768,90.35941021530628,19.283366055016735,0.04227513865534405,0,312.52700397447643,2
23.705320020226992,5.509647669138888,55.940979373049316,0.16287372427470992,0,268.4627566618234,0
103.71614361274649,68.82188798490441,19.36905272042142,0.08659256580284068,0,334.3091778252354,2
25.439618301357907,5.1116849298017035,24.78428228169262,0.09171308576052586,0,388.5577652780225,0
24.27732922661691,4.975632157504157,71.7920511190877,0.13759521133265668,1,300.76667602254753,0
23.83586227718268,3.6361266147723477,55.61251440110129,0.10474222796952684,0,383.2217777754177,0
24.83568828101929,4.9989780977973055,42.353553823372124,0.06874436910644795,0,276.6077383284114,0
27.188849731284634,4.020266072475817,48.27639283670657,0.11135891148608228,0,242.3054582740091,0
23.736136563291115,4.290349794823179,44.10839561069337,0.09636462186318562,0,353.2888848075931,0
25.831346860057888,4.222963514795831,46.045261823248566,0.10625632143294325,0,280.1462659268399,0
26.221128596778506,4.501585678192537,40.9534869088981,0.14764726303558084,0,339.237816581094,0
22.71643403259787,5.357158773941158,42.91300635771727,0.12091548622533296,0,224.6073033401449,0
24.604320131545975,5.1018064372262595,46.04196165838366,0.07903700263145044,0,324.14216156423674,0
64.03794790421489,59.89207072391251,24.621073464573325,0.04164194940861879,0,374.51650238142236,2
24.33105316313679,4.773337797003888,36.72471674030454,0.20358179273060598,0,421.3533697777456,0
27.398475113218478,4.2749178272274095,72.51317973751833,0.08776408819180362,1,175.0365230190709,0
23.242788053146633,5.0205206695749425,51.98666252703979,0.03925831430313077,0,263.561423566186,0
23.179811921803925,5.774206089861576,57.52311368638529,0.10962897510696859,1,306.686486186177,0
27.47590706297811,5.385469629111821,53.35486743165977,0.0,0,258.9043611791052,0
22.50467212594158,6.435078653954559,52.499602343816,0.10850709940493102,0,305.0346507997005,0
25.763024902002158,4.181609745273013,38.63729810531243,5.732104883276261,1,273.3840929268817,3
24.828458758257348,3.93601467808785,52.45608560615155,0.10928030814287994,0,300.86316288273315,0
45.4628052700704,3.931411930356535,29.595891348516396,0.10881319075852487,0,214.9059327741868,1
21.12803919357035,5.224170766167911,49.43817692623336,0.0713069730957631,0,310.0005619972234,0
26.837235210779486,4.1625152746895715,63.75740386876166,0.1881935116028639,0,298.5551856175662,0
27.647274554073878,2.712252541877317,52.0508375236758,0.13292705331037286,0,283.18715230208886,0
25.4974597065983,5.576792487925957,50.28730029887851,0.030456470454785986,0,253.0870248150877,0
50.81947793843491,64.46967151640283,14.154881553903161,0.04263009420858265,0,208.12916765330107,2
21.692371245356533,4.989159660274759,57.051005494165636,0.14770170193614438,0,233.20641777272056,0
25.895271961175684,5.023553677511291,50.57289680656636,0.09718039717167926,0,306.43045180809423,0
27.998063210963988,4.313917710555678,53.575586457302606,0.004170416564045126,1,392.78178420560374,0
20.951061007666077,6.414484441258252,50.11794419729436,0.06224145794218332,0,273.2863765827949,0
26.61133880636186,4.835679063069198,58.75243217576719,0.19804813117108572,0,345.46469500893505,0
27.2523299101534,3.660246409247368,58.08572013304715,0.09270687229673195,0,318.2686884620599,0
26.350846543682525,4.8679679895852805,40.456679870132135,0.12703474139476975,1,275.55377950101945,0
26.718819633739937,5.7215264311289795,50.80570467500329,0.08065914885034822,0,347.7563261949538,0
25.147864700351814,3.5249107785307037,45.75987068747841,0.10439150652963694,0,289.4865908155686,0
27.495727995603147,5.8285788372532945,43.51069708648672,0.08349779277164968,0,234.22814489689415,0
32.38324900239561,5.14236329159093,50.89191510308579,0.022929501400148405,0,255.66675942422546,0
25.967585321264014,27.330126646954362,52.685606121243396,0.09974416224089311,0,271.61136509834114,1
22.47485655177543,5.828058224105626,34.24423250820011,0.13084844197282913,1,229.4931012491259,0
28.3277760710056,5.405573998790833,63.78766446540206,0.0,0,327.06926852951364,0
27.121417732633038,5.544426372485489,54.37243217598544,0.07379652986119561,0,215.63219124111438,0
27.379885858294564,4.871183976699414,43.404304611191165,0.03947206768472442,0,329.1554133706594,0
25.154384067120077,5.460027501103602,46.63590130706143,0.05176528463548098,0,258.8564463430179,0
24.64132176113326,4.335311426959424,39.86523686632458,4.9324346985003364,1,309.51157671283494,3
30.037900413776427,5.126738433990873,46.20920350512724,0.10505658926807548,0,317.32865338961597,0
26.24585725274406,25.06989487914465,58.11019465825349,0.10502261546566188,0,250.22062485376148,1
24.360979145734248,2.8857527502671947,51.3739870675288,0.1656031171891407,1,232.9297115933073,0
28.689466464751145,5.576144277461013,56.36292030564532,0.1994922504783292,0,224.72174074526976,0
23.003335726855056,5.821122259608506,51.580471218516166,0.1363168037119687,0,253.54416975991506,0
23.18384022316136,5.897372701848969,42.274986030828615,0.1834467128065878,1,269.4386864927305,0
26.250927080091323,5.583211774787939,41.53181152242662,4.368046735422386,0,390.71752881948873,3
26.145818283386518,6.254463683591672,52.11799200441493,0.08063595055708847,0,333.95636668351113,0
20.237415210569054,3.9027270698750085,59.2182629150729,0.18655984508196805,0,284.85963810883896,0
23.404785907699157,4.536008276479106,54.45821577876486,0.09569995349837133,1,236.05974014736404,0
27.380803976850697,3.717549260331377,38.95423371232347,0.11397695844714056,1,40.544440650742345,1
23.599506287157446,4.305715049834528,53.269017387463236,0.05835733734793602,0,326.6619934577715,0
25.443999189258623,4.565811544284445,41.46054843216555,0.040142128965398954,0,265.27465747646625,0
27.53212508383847,4.949664364938543,54.19709366180153,0.12089340780693733,0,176.96906888886343,0
24.232540909430142,2.647562554370522,52.38562672929442,0.1381090791599463,0,232.4446897893099,0
24.36072089898247,4.934491678080509,40.210905533439444,0.11153555036383235,0,251.32004678160305,0
27.263748047792074,5.272340680131627,38.153364632223955,0.06497265920837492,0,256.39656127662624,0
26.761966080481994,5.881725940727819,21.59157463137634,0.04481371830544707,0,279.4717338938095,0
24.275272088205302,4.0472534040310695,67.33974448467163,0.04967937484705614,0,343.415215771372,0
24.642855326420037,5.904167914614625,40.98705107579709,0.11042107635111037,0,296.01543495105545,0
24.02191967011899,5.960593150270853,53.53565864375168,0.01363524106667538,1,39.01160198456097,1
26.095792463606635,6.221833206094965,46.90337227446654,0.11407715043559288,0,225.2729220669315,0
21.151090806274095,5.031079518237262,32.00844175967539,0.10252524452431433,1,384.7239391888843,0
24.8987096692224,4.910166034677102,69.08336817046163,0.10330306721623919,0,219.52474361710065,0
23.337303719397372,4.920298873560664,46.163340596859385,0.0411770921433923,0,295.22902740438326,0
27.70090804325699,4.426238721622932,42.01446659592655,0.007849516035559265,0,244.8537785228326,0
24.883140493114407,4.542046999796644,40.40812037904087,0.08040584851895245,1,244.89866591200195,0
28.607309623707014,5.1512743138230945,60.45367288309862,0.12649388031951264,0,375.2874441223346,0
22.503848094820366,4.69381486375223,54.299742302266075,0.13058347540492948,0,215.47505255808883,0
24.847955590886798,31.00816468670073,46.09700856191954,0.15068639496402295,0,343.53120304263405,1
22.059932826378148,1.5466459168122335,53.84559560638385,0.05070432293699461,0,295.0143641302098,0
47.86821896568292,4.642374106318674,41.165059130858594,0.05901391192312333,0,338.8117994241418,1
22.58402235437765,3.9282652736329915,53.791219044693726,0.1526251182717761,0,253.00773693979087,0
27.5836964328829,5.419381809557265,48.067301166216666,0.12192411374927759,0,202.39864662799624,0
27.653390365953232,5.647003972360589,40.349717924350784,0.09659481877114337,0,334.1594163229687,0
25.620831870435783,6.553768400370473,29.838111868623773,0.0769747176682399,0,228.75900090907396,0
23.99081478864781,5.513555612718779,42.99210897493796,0.10627741956645756,0,275.03186791280103,0
23.009391233901333,4.993119204674758,70.280478497139,0.02872704577045125,0,243.11864898459464,0
62.64751524693989,60.56343386808355,21.554637909388372,0.08833445740588906,1,224.31839038225053,2
26.286267849352956,2.3460962134117813,51.07060589554437,0.0,0,375.5572535972157,0
25.01125441048882,5.4602558893177315,44.22778491073019,0.07169531623511233,0,320.467376512443,0
26.668874913056623,5.435164972947078,42.46288745962882,0.13222126058649356,0,259.6815661643792,0
26.69988577229739,3.0415346345966627,52.92607241505603,0.09440599504654094,0,342.47909337361796,0
23.142862376399385,5.866265218321066,46.01261305358622,0.04421639169628995,0,307.86897221785307,0
23.233930825545265,5.190835297807257,53.44497786503369,0.016883670853565638,0,288.65667864996846,0
44.417598342326585,79.3279440547759,23.168185359913416,0.013575639741911574,1,297.41233803536437,2
21.31632085085144,4.46459374125503,34.296508684551945,0.07898589626350565,1,351.94664392583684,0
22.36631782980562,5.220722689083419,47.533087163743936,0.11943315061645965,0,301.7229532711811,0
23.884585036703044,3.896935348771421,58.347624346900865,0.162162752677354,0,306.96486620628485,0
23.521454465339854,5.272474296096482,44.89699965076697,0.15523082827201076,0,235.6307423924464,0
91.56839471541076,74.00095739701005,16.44204208021058,0.08289863998759721,0,287.5398469603685,2
25.908509987174426,4.453844046524479,44.663016791657846,0.11300003304379826,0,319.08042101976787,0
26.446799275915275,3.027888254760282,51.16478775030917,0.09049051008003345,1,347.6855627704786,0
26.207109291798925,5.540136945607047,50.02670089706527,0.06379202155884203,0,347.1842484901944,0
24.870240534059448,5.174669555731574,34.64042701557934,0.09657299818363922,0,199.40000159469452,0
26.977844029535788,5.741969644783377,33.57709804358217,0.12488519791090673,0,314.4919978528544,0
22.616005986927416,4.18100142652648,59.23336941702486,0.19384496376883406,0,249.96549418292574,0
25.84270136460159,4.141667733978506,34.5440421033208,0.08550428185129376,0,380.8088736587413,0
26.153352623078604,5.985899232949245,40.93887126977609,0.0734910158412132,0,248.01408211605198,0
22.500953397465487,5.8719985271084445,47.01179637359806,0.0780600884795423,0,266.3088961120173,0
26.5465324295272,4.124581495554906,50.92981862204988,0.03459905127679218,0,292.7999544435566,0
27.602779831649727,4.3368675760806426,44.652320898252,0.17672626174326342,0,302.21593415362247,0
21.3704764257443,3.602907273605968,62.86284436366781,0.046743655174871473,0,362.9091554125848,0
23.36925999184557,4.103369439227601,48.589556302733634,0.062488790703800874,0,329.73990981305354,0
26.106979327115646,8.354573389166378,39.22869179768114,0.06870076032482816,0,340.7961142916277,0
24.556216246972518,5.846111556697224,61.303533295981325,0.05370280663741368,0,318.764400401393,0
24.37430680878805,4.639698481239979,40.85093395059437,0.1362548427557671,0,281.99460913728126,0
23.118055354960656,4.613935544366056,42.78527981395869,0.13787582739814036,0,199.3662343005464,0
22.59346242071191,4.766403064341017,47.94462335082832,0.08782288748146747,1,280.86219442162195,0
24.472089100875362,5.847313425711607,60.18174442838346,0.04084616578453884,0,328.8975891172026,0
25.979005208081336,5.904755908065492,38.792052625078995,0.10164641833784745,0,243.986642467652,0
24.31643372346291,3.686199128925828,50.82114870800597,0.14989516848381887,0,261.16072337917444,0
22.826542896252654,6.018131484184716,51.284591157398154,0.1338023689084741,0,167.1018369773379,0
24.734558499159053,6.912618558478195,53.84844492892918,0.0361971338480436,0,312.1076203661255,0
23.581706820076956,4.230497443481533,59.63132362065199,0.05015629404235539,0,331.1213689763881,0
24.759973326742973,5.850093702662036,44.31375295177837,0.027985793680464527,0,345.8569330760256,0
27.46211580671113,5.213948649490885,44.29659487566015,0.1794049666180209,0,270.820468312191,0
23.831102284986773,4.525600838629608,56.83667861228558,0.10836427262272495,0,274.7142569220013,0
80.3488675894422,85.71655347180672,16.269964156520462,0.08770576188833627,1,295.10490820377913,2
23.842398600087183,7.457093375147716,53.51771007155403,0.0,0,271.2881416579491,0
23.33256544294254,4.883129996046663,41.8508165686502,0.08783784383537836,0,264.9979512278658,0
24.322338124859296,5.847059204613516,50.64079913387368,0.08924082817459106,0,317.5622075835182,0
21.871839622176697,4.996957512567192,69.0726442433998,0.008616793554205623,1,314.2427381251575,0
26.62761241775885,5.822383333810879,42.9569841397043,0.10060606115460584,0,295.7074807482299,0
28.488947850770977,3.805410352978129,60.23760810137304,0.13398533983160435,0,323.72175910945623,0
24.3937990189113,4.578519022343494,53.8572363755703,0.03109350350223143,0,343.33416558677374,0
27.58177179298221,3.844709656940787,57.61628464146387,0.103972254963639,0,334.849560750119,0
23.228844867509032,3.9326302486614404,40.66221386607973,0.09836345810773023,1,299.63706786742773,0
28.06769021007259,5.181323671236909,58.671911257613154,0.05742640606233164,0,321.5465174675401,0
69.51338156681004,98.8420263283915,10.043765099846892,0.11447527049101254,0,321.72704648176614,2
27.24752126063843,3.4779957019940264,60.094088240335005,0.11953156102256357,0,295.2039661963061,0
23.14955538681034,3.363981672640014,51.081878785478914,0.05535558365453839,0,256.4498410738783,0
25.535374804654577,5.095979163236431,48.57706556990328,0.04986112216812604,0,322.2948992403326,0
25.829560577676396,6.568944955183257,36.380802282326805,0.11995978056271436,0,320.0704312992281,0
25.56395600312893,5.513155276218496,65.90464272289736,0.09120129726916898,0,402.3913289827872,0
25.175121946652908,6.025864907235182,50.832740408096704,0.10080127770289131,1,277.26330565212635,0
25.168433177892886,5.635233021854534,48.49138973214658,0.10669539345224752,0,259.1398198168639,0
42.78959507098119,5.58717956901748,64.75775065505563,0.06132549343857388,0,266.6694343896214,1
24.375172872337775,4.38072383071321,43.06789172467167,0.05644382176830948,0,342.5009062047277,0
26.655580888391313,5.308945999250318,72.87814421515975,0.1616712436547611,0,274.9554427194739,0
23.517057593514878,3.9458502436362903,35.65954139346898,0.0848662544510599,0,311.6509841351851,0
56.32848792118176,96.46022713848545,15.946308359892615,0.06418600932228569,0,366.8205762519942,2
24.449973055489902,4.9222593471686995,37.22594611370083,0.08195914089331802,0,345.7251608675916,0
27.217402776576293,6.407496631207381,47.57970133697603,0.11543005277544341,0,265.520132694005,0
24.347941366885063,4.344174055257223,54.138317384839155,0.11009476080321257,1,315.46617493601093,0
26.841101838412484,5.227016001998997,53.07297551271961,0.09989627637950771,0,325.8292678989584,0
27.25926707327017,6.614629834386572,55.766495799790704,0.10518841248359993,0,304.8653908721654,0
24.2100140928344,4.384121758968147,48.03801113193988,0.18948106559310965,0,443.1038946561407,0
23.613769146340765,5.250188919980334,46.48150729751581,0.06034579542283641,0,353.19001754393594,0
40.41138321069235,4.446735819367973,56.34452157156994,0.17178985150958997,0,306.4449956708169,1
23.422236929328893,2.966548572051599,67.17444427797578,0.15077102074885035,0,339.199188671666,0
23.788965153773518,4.756590653955518,55.523933750328084,0.12615592435761253,0,287.4743539592562,0
24.007852861681837,4.636645904892042,47.11652732242335,0.06713223291693435,0,332.4948402512829,0
25.718517636713095,2.7308175448223113,58.71024480536483,0.1497893060142246,1,52.794075462557515,1
61.03652583818024,88.5955664382885,16.89417999003327,0.2213236144620634,0,360.8956332529214,2
29.64231010397739,5.047306470024174,59.570739876364705,0.09173220932664661,1,324.95515071729653,0
25.449249395645786,6.00007655754523,37.33770470930776,0.025353878684244505,0,209.50599866093893,0
27.965745179796258,27.2469418680644,57.91023264104335,0.09074344834548205,0,285.99724045317095,1
27.245696190098723,4.987108216441601,46.26125920376212,0.1272542878205605,0,260.2473955095264,0
26.04949603292704,5.382667988212179,58.217772060372475,0.04405904304029097,0,289.5015546870918,0
27.172113045387434,5.1012116118999975,43.88619979026305,0.061159423549788275,0,245.1508278183498,0
22.74986468726135,24.438534221017946,45.90330933676911,0.10670859046637914,0,212.68045398925324,1
23.446527583505702,4.6967342894229915,61.72863523008714,0.07261415705501667,0,241.516426241699,0
25.599202187093447,3.8152021468887463,36.65069541625241,0.11856459406591034,1,43.17885340687489,1
25.629856936888846,5.703613284076845,43.89465232427175,0.18471627251345818,0,258.23190266911786,0
75.34420074612412,101.74821107273398,18.260974176800822,0.11132973122721548,0,339.99067001628606,2
27.267694733761996,5.039279645394836,51.13167459428737,0.20570266626759692,0,244.60856285312963,0
24.210119597101944,5.43207346047078,47.70359373268248,0.0607904045108729,0,362.7079730078552,0
27.26134959570902,6.734399526836957,50.91439903210226,0.10719408813105616,0,307.744769321626,0
26.428394810752764,5.214037944721293,52.19526137502832,0.053733216431846226,0,422.694854761266,0
27.468233599883742,4.853392944777674,45.996026552642185,0.0024146351807283334,0,339.34440068888284,0
22.56425486290037,4.863040533798112,48.31941335858599,0.07010088675100337,0,301.8372619833632,0
22.404317800185336,3.700321447669634,68.10526087567177,0.1746361314345815,0,293.00179647834915,0
25.877128151191528,6.8887797837649725,43.14536368293339,0.14422775025318563,0,320.71177543177845,0
25.903407906791884,3.8835604684997467,52.940410871640175,0.14269117876678272,0,315.02241419629985,0
23.555977624840736,7.054307116003032,43.80707078972631,0.1415276185740464,0,211.41273380386644,0
22.71690186515118,5.189671543989336,33.70806813303195,0.032500944148914454,1,52.669602417893,1
22.10991725884083,6.028971909968826,49.840180417761786,0.1753822003895863,0,271.13994070513957,0
25.777242960401992,5.5480286120879265,43.18349209430719,0.13520542714832218,1,54.06593912938818,1
26.33878363945496,5.517829054692092,58.29019563870865,0.05335940967948485,0,309.50429116965944,0
22.779090938001072,6.127936159993822,53.57307676035448,0.18350109941601123,0,256.7241966378558,0
24.401953002359402,5.685148592293303,42.78559402493552,0.1290861312023759,1,51.78010525925907,1
27.21568060005388,4.709961456110817,27.456423268955255,0.10933587803841184,1,309.03128847025397,0
23.8293603543364,7.469500394677862,42.17597240904159,0.14639740125656087,0,296.38505002185536,0
26.40364406056135,5.300946604859159,43.124775775042394,0.09272642002281409,0,346.49482223148084,0
23.87323482514745,5.881681459002978,33.31688645814659,0.0718440425732819,0,403.35348436930576,0
23.28976368626658,6.108980855313217,68.18106207891991,0.11081007042639943,0,294.9992871806547,0
25.561198650369164,3.5427428876920803,58.02029935270957,0.07240138061157612,0,334.8145274227858,0
24.704253704440475,5.216255835673597,42.319349625686925,4.563476669239214,0,289.6850685370671,3
35.17895105424667,64.84822651943242,14.50256558962022,0.07044851564564543,0,356.4790266436859,2
24.440167914798472,2.720210177036067,51.90892743509469,0.14547116482034317,0,294.13518138850503,0
25.001175974595185,5.8318463535829395,34.358085682396826,4.629325398643375,0,276.7386361839082,3
30.70281529056989,5.223371194719892,30.944264211362228,0.0,0,244.86929121060555,0
25.158166499320448,26.934089357990853,46.73916507620035,0.11418666849051519,0,395.88715379101325,1
27.10023573164274,4.23901320968932,51.21779127460538,0.14274159737443473,1,353.5175475535936,0
25.617756843097446,5.460245415280882,45.66455980256517,0.1483822422702898,0,194.54704484895603,0
26.533016001679293,4.604270226289,58.20197245376302,0.12018552867272456,0,249.87866592145153,0
27.394840678909834,4.529467460348776,53.88019223213357,0.09078863888161136,1,425.53717352738363,0
27.232407283487095,4.973043632642597,62.59507759956124,0.18564513251554018,0,230.38146088448514,0
26.581257233404987,6.1793376583769275,58.24022846036842,0.1579974664351916,0,316.97993042910747,0
24.131345958611494,5.505978015040374,59.7239590172786,0.1047380537930998,0,319.65681917611124,0
21.599534633237617,5.453166112511676,43.26212988708919,0.0,0,128.6212449122355,0
25.793066158559018,5.3758271045073025,31.334323171696045,0.05838018958333689,0,256.18554827195356,0
24.15277421846788,4.851317521595844,62.39408572285255,0.03009142493740609,1,212.95108710117256,0
23.766752721664194,5.3219620871339455,40.66109865987967,0.2014777394210566,0,305.6439381826292,0
22.624414258305837,3.992450628948572,44.86559507066934,0.12324214838777764,0,303.50988957622513,0
23.728228204233076,4.684605586524946,42.03719199614543,0.15128131389041355,0,275.44980124378367,0
25.387592718263235,4.22562692711305,38.6843054070828,0.15169052175430034,0,267.18038061987306,0
27.377237431657832,3.8290691845783504,50.840135481217295,0.04673692478696056,1,55.93639464375631,1
28.17682958091147,6.072213034433156,60.180566740590976,0.01723381398020439,0,264.78438952499306,0
28.552572138655833,3.6636435689704703,44.46338551381206,0.05435183168473087,0,351.89589342702834,0
25.44650610024626,6.623033294906293,57.94830813792281,0.10649469042256968,0,306.8865546338879,0
21.443443797489866,5.002008930145726,53.052090420845175,0.12080740902596457,1,278.8590825148164,0
23.35970378272672,6.181954097551536,47.37603311018771,0.08407257554749864,0,329.09093839566094,0
24.679092273772476,4.250870367097995,65.8700927987608,0.09601776427456425,1,317.69129676203585,0
20.848903010586106,3.649324028566663,61.625214498488575,0.10369509337995214,0,205.3248566116382,0
28.987915309912825,5.157747396685772,51.077776561576485,0.10103182701787529,0,323.26360479385755,0
26.056551049986457,4.618529486964418,41.496008945859,0.10244611159320088,0,351.00462789831454,0
29.266252153040206,4.623738591943869,35.28836617243397,0.13387064923662398,0,333.6699561835495,0
28.309056614664613,3.8815051039220267,58.45846966180098,0.09059957539661621,1,362.19226128788705,0
24.872528558866698,4.746134872048932,52.25613467458554,0.035182750793163686,0,327.6551125319605,0
25.687935737013103,4.484279241438082,45.605861902284786,0.08363984998040652,0,344.26572941858234,0
24.233906644604986,3.5689025074163,57.12310932670471,0.04232482137289371,0,266.61440629575065,0
27.05414049546025,3.2896567332407765,50.39793451640506,0.10188127721999132,0,337.26195689308344,0
24.204153978385154,4.7832121821046405,50.25881762194046,0.07642728934208992,0,267.8970418982983,0
88.20068698898663,105.6542791634044,17.66840971413399,0.0563233469501366,0,310.2260544257671,2
25.591623870816925,5.075839002847962,56.595385255914216,0.08554158773845164,1,304.6487078545502,0
28.73777064579012,6.8461370018286445,45.084518912547736,0.02652274075405285,0,251.5160169391096,0
26.347359192891883,5.269784398839091,52.62749550150877,0.13337477493566782,1,310.6996446561882,0
26.31717268931327,4.386176576279428,65.42348953362647,0.10624141716424067,0,310.7383245800396,0
28.434238307989116,6.326826734770284,60.01857194053802,0.22831827864043738,1,292.67682990011417,0
25.486162065342747,3.0399500172589633,49.12530326971954,0.029878178780038733,0,299.2322131242122,0
44.394261686112436,3.2427852413385,32.3536890622555,0.06269137966641,0,326.9525164381032,1
22.868516286644066,6.403364883305111,48.52371581951637,0.043040961773878665,1,247.4491027623585,0
27.026342595294917,5.157983777772834,66.50735309999851,0.07258924656522703,0,295.30231666911726,0
26.725108781054534,4.3744245556999335,57.78117732010627,0.05965046470401956,1,62.634175399628006,1
20.605626117983924,4.667355553554221,46.33519873572699,0.0,0,276.79821196265925,0
22.740626231913517,4.877048372034288,53.536017327061494,0.08381083348721063,0,256.03015883931505,0
28.581712026891843,4.966705991868497,62.86430463061484,0.016005037925564403,0,258.2735174954063,0
24.54428642055775,5.682708539092871,64.83637707550334,0.07694116398167417,0,312.1660345709614,0
24.008187618428167,3.886909972370195,49.47018460103298,0.03423406981772999,0,262.4207959717705,0
28.185252234383903,5.550713183120959,66.16451376007898,0.14773487475193112,1,276.8213576914438,0
23.708223891131976,2.751869133936679,50.37006680267314,0.07988797756354532,1,265.09827956590465,0
23.07222118989287,3.1803788219071025,41.09093595582509,0.0902964757756907,1,336.5301389556212,0
26.792557116746558,4.89669721636059,55.11235732261143,0.055214769970071846,0,333.31292701251533,0
24.551185727277687,4.9656237324870505,66.0014893178408,0.0,0,378.9858733724111,0
27.262574212717453,5.037780599797499,45.56280797069955,0.012988670939983848,1,256.452822466763,0
23.866780144361698,4.019886103089151,47.031230566181804,0.13492511582229585,0,322.67574245486867,0
27.192963114398573,3.2242417101937466,53.71563906356799,0.16717673268042305,1,384.00433246697327,0
26.1757606065747,3.349366783818118,49.489778382828774,0.17668611211898047,1,319.71570718853985,0
23.756781547075594,4.835399842326241,54.33716169876364,0.06516903374771163,0,288.8206813429623,0
23.89244882378115,5.063190826555007,56.86367314223895,0.12628579447319443,1,197.5280754175713,0
28.953153334647233,4.740128235577233,59.64899869027385,0.15805463499958702,0,378.22483869702734,0
23.599863659961247,2.3275168963479023,46.74103991227993,0.16143333737113563,0,221.07999866515598,0
24.54332242661332,5.672549674567937,43.455233276963114,4.1301815977675655,1,286.2617353830903,3
25.322827405508875,5.157845073303909,43.837288334754426,0.06238034304802496,0,303.49755220737507,0
25.246991862000144,5.735793053979715,34.12443252321725,0.08104085072172332,0,336.8288135231317,0
24.6603936112152,4.582433940985893,36.626771794293774,0.10509530755447327,0,272.6581355352707,0
26.02455068315546,7.001022738859336,64.92651178834005,0.0680376933274807,0,249.9986639719895,0
25.21252312134033,6.404880080678133,46.9119615172133,0.08976402468908878,0,346.7328015898811,0
25.666244113884407,5.253403665216267,49.40325175116441,0.14303712126184703,0,401.13041105530186,0
21.52286764455331,4.097347710274692,45.22443198344044,0.15282507926540861,0,311.52327435796013,0
26.831870494297497,3.2505368316688936,56.282460676542556,0.07711744072212218,0,228.32275555576902,0
25.854369951422516,4.957551653896972,43.86449134733492,0.07295084823613908,0,305.1468050387829,0
27.859922373579355,4.930815380267167,41.8133326279987,5.872507314441409,1,287.8048179705944,3
24.68119526484307,7.410253185233285,50.13882667821794,0.13507141817481533,1,38.868767486281214,1
26.34529022409405,5.667271992198835,56.62272247690808,0.12137981597202867,0,267.5938089404924,0
29.294585607975936,2.601569713558441,41.5879146110146,0.03311444869674417,0,386.1449644309306,0
21.692056842573795,4.618413302692362,40.51894655877335,0.08833295651514962,0,331.37058132070996,0
26.45603937962428,5.303545438831341,42.84063767217199,0.17630521608648075,0,339.0931651253821,0
52.94907069629442,3.7679915460268236,37.38791744386325,0.07113560746986651,0,292.6910885318174,1
26.728954474990623,4.478670832543149,48.25982044345198,0.1497477810486988,0,270.6485796853707,0
25.299337821849385,6.024162326606878,56.94135943371764,0.04103376007762573,0,281.41438689171736,0
22.290038994619263,5.805020794757864,27.17908253220194,0.06374338797394405,0,145.33871625274188,0
63.42675351439206,86.33300313353111,21.97242929278228,0.12994580022354552,0,272.81534784438077,2
44.871057462566185,4.88090374517627,43.69444733805344,0.02216934228126878,0,310.6619626460154,1
26.42764041669177,6.7391401457491025,40.61833271562814,0.07371475973490085,0,295.22335464622313,0
24.321706728138224,3.386155767890748,49.54185757089404,0.1317747830836838,0,257.19093202433055,0
25.215961778232973,5.996937720801797,38.25021707727668,0.023381449927895384,0,302.4624967959837,0
24.600623237094858,4.436688875176413,34.476138915116955,0.10652612288018204,0,298.8826024717655,0
23.68123532912314,4.4480429852157055,66.93957939617988,0.11596337603978306,1,345.23442014767954,0
25.53485405919495,4.868429657913478,64.50362028489059,0.13159558768151267,1,355.357795458234,0
25.31301090768854,7.285148572217706,59.60531572812438,0.04302296511301551,0,291.1725145508509,0
26.498094308967246,6.293626296587855,39.75113042500687,0.07640986899418845,0,270.04388036472295,0
26.617152811981168,4.732932301852214,43.36448355662293,0.07880204212782314,0,210.26541705420615,0
26.355217204341244,4.733536439743817,61.16562374310581,0.06770490821124688,0,351.69879086483104,0
23.942806570163246,5.019071400753713,49.67443905778581,0.0,0,239.13702315451278,0
25.81533487048869,4.530818134793718,52.27543820831695,0.16238553816532914,0,308.9293603226882,0
26.246746363289258,6.06686558764159,48.571170272120284,0.162279411849004,0,255.52997730534767,0
25.860465925976953,4.455711023703236,53.30754340006583,0.07188448462206688,1,399.6491059922246,0
25.786990147007952,5.21216953886412,41.307796213481524,0.015001009668782678,0,296.37266923632444,0
25.5437768540897,4.624618543899517,67.84181965313749,0.18161807720171963,0,308.50532393286716,0
21.96273390199385,4.369805355823059,47.19244191981927,0.05738341942829239,0,312.4226631476382,0
26.703811719672913,5.186237759455872,64.92755353632023,0.023456503360009054,0,324.7794855099887,0
23.48828122649115,4.791213243262062,38.65747296843941,0.0454179976098884,0,220.44729996880352,0
25.354389473625236,5.060940099996221,51.8366409312814,5.434779807315257,0,299.399588168158,3
22.055174328829846,6.320825750164865,52.002500931668344,0.15694131198856498,0,235.73574443785628,0
27.81411579509423,5.775246254789844,45.32795003730382,0.019341514626035908,0,359.8989584515017,0
66.07051668901931,43.707052189692526,23.795435831337866,0.11748963832648145,1,352.95323735179187,2
25.785179160014977,3.596402700419392,28.071617146204563,0.10406858236270944,0,266.5943800183485,0
23.873567228944832,5.815774353385358,57.15882459636068,0.09970682483393452,0,351.3148292634556,0
25.400249631337463,33.72324474558158,55.489845204324226,0.012453539451535434,1,276.69759899951424,1
25.696992504857,4.763171957197703,37.745454527810885,0.15339645509400382,0,299.87139986756034,0
26.74265378677357,5.760410501892607,48.456072259781834,0.15898816908992836,0,263.4457947746234,0
25.873649434384777,6.037890914767742,39.77701485966158,0.07731729716153467,1,217.57200582195253,0
25.74746954907146,4.531185177614755,60.12349797254572,0.1164894853597292,0,389.5450440558202,0
24.81049370736931,6.146170450925748,45.995719394913934,0.15066432491156725,0,294.26141695655804,0
18.784360253344055,6.383664517210306,49.02992370354156,0.14820202177094927,0,308.02600933067504,0
24.092116905556946,4.662721030468555,60.540356825285855,0.0,0,177.2871131940286,0
25.72011069852278,5.6039999885462075,55.00919442666039,0.08592765406883097,0,398.2070674478013,0
24.136727131828124,5.946293246829594,56.75081840812194,0.0883398984970409,1,319.9936793764629,0
26.443713983220345,5.124268737781328,49.43434365283687,0.08304469636449563,0,324.6316037775987,0
21.935239202060153,5.437633430072976,37.241938072344816,0.1929823746801807,0,316.6282678084821,0
30.13683606737927,5.918206126519947,30.43886385045078,0.07973012179606528,0,290.23532960903333,0
28.12374024131212,4.4538169872728774,45.31155345657504,0.016710134862305506,1,347.40477371759476,0
23.686341972251753,4.657170039070263,46.353168830259214,0.02242944621701136,1,287.20844425270747,0
25.245515642818717,4.433050116789584,43.445974770091055,0.10787054037764826,0,388.44621895057395,0
24.50672829394606,4.48152005348721,59.57105753855868,0.014444881467556736,0,294.4519459514478,0
24.450031227420173,4.966640500610047,56.56074965485495,0.11365727805350326,0,329.04963110480634,0
55.75770531847503,3.3564937155117733,54.29790725767202,0.05796921090942631,0,399.5745330810981,1
24.34041763750906,4.017516096663818,54.38325429476644,0.12484928598118897,1,296.3113568135154,0
21.472739406123313,35.46947298810294,53.2100659933828,0.09261659730221472,1,273.8925068943306,1
25.57098840657269,3.9350059026787294,40.35493606737231,0.19367075618060758,0,340.3480528071742,0
26.406496891617408,6.46836065314663,50.11570591472662,0.06086203661903099,0,254.91214197445748,0
38.23600739274549,4.856442491318492,45.65300140538742,0.07524211759560373,0,364.69448029219006,1
27.58140255107471,4.677100525766704,68.45556018994895,0.012706983072275704,0,349.42778662559056,0
27.607127268728867,3.4719612272133866,42.97281362913071,0.12882549763780402,0,307.4220989422055,0
25.403818587428695,6.404790293667785,55.58419353672965,0.10154575682682668,0,302.8121872811409,0
27.568106798094874,5.829116284256811,39.336194293631564,0.06936489947526775,0,249.53516034970565,0
22.347471925046783,5.310154321021277,57.45747057430913,0.06110542221096665,0,339.90538565422054,0
24.14888528270056,5.305843644414177,51.109150976333844,0.05318698137807866,0,253.6753078561989,0
23.53418964107414,6.476593164493259,58.82889129231573,0.13192747213180742,0,284.39347937372776,0
25.24372636713854,4.7134414433039264,71.08590383357175,0.10524263452205532,0,322.57525543556966,0
26.781894613386825,3.723147618562573,39.04930148361541,0.03424458880877207,1,254.98150484680286,0
25.359817052840285,4.502303193703031,47.779574313678786,0.0368220027698558,1,310.8534790324015,0
23.68588760530888,5.115290176983447,58.87528472162601,0.024045013866747095,0,344.64115582784797,0
25.057476882813603,3.6707689454696277,37.854729689118585,0.07264470356178553,0,348.2612854433332,0
22.795135818384836,5.16265028501659,39.974172343992834,0.1278252312341809,0,273.8893886743927,0
26.94347602504341,5.765504083780832,60.93099882825423,0.0988433240457894,0,344.15122789330934,0
24.651717653603477,4.579268125707379,50.74071566146328,0.05690711090352096,0,235.6754456843961,0
24.549990193753278,6.451657301518739,39.07471838188566,0.033533935904248385,1,237.5655836168886,0
25.229611906468904,6.8122749265077545,68.61810274748755,0.16148242916824218,0,311.38196996234086,0
23.71910004854124,4.482783251290897,48.4231686779797,0.06376224558825469,1,280.1532696489406,0
24.15905162697397,4.649427117751995,53.99406431859319,0.21498904114932108,0,236.4957630743674,0
20.044192981798776,4.312496714862221,56.843606496072475,0.12452349472250525,0,294.4575744825694,0
23.183776069518238,4.392812637044344,48.96828280434462,0.09852201605173679,0,280.0561121895775,0
27.661901871645643,4.2287602007506,56.10881283051988,0.13817119064921016,0,246.01993407320418,0
24.5080858972652,3.0825088652095882,50.95005765938244,0.06538436915141252,0,304.2615225867783,0
26.681461149062507,30.36039520046176,60.18231833203474,0.0,0,293.03670018125274,1
28.080261339720803,6.055528980126402,44.24185869954063,0.09636150602436985,1,299.6110414787463,0
26.423654737195335,4.473912312459934,45.93783743419135,0.11903482651148903,1,46.37543673147173,1
23.205106404928763,5.788387804822633,50.19214849454186,0.0483626267424872,0,356.6034169523921,0
26.53625142375677,5.835393865985299,54.73573537332288,0.11826346000295461,0,227.46276727657317,0
24.86385866546309,5.526725476633383,49.29806868701973,0.19088512869621557,0,207.13065470559366,0
25.47788910928399,4.699291622145999,63.55828470586606,0.11036223309004387,0,275.72350117681435,0
25.654570692327557,5.432464465844942,53.039414673797324,0.04700943286195446,0,328.3465482640738,0
30.501897067043327,4.267589963640507,42.45282163057893,3.931131549234016,1,375.75131920523575,3
19.980858288197552,4.90065705868121,49.26680074734756,0.1657110292632072,0,316.94175676335055,0
27.883111485022468,36.95645893198247,51.802363854593146,0.09433455481920985,0,362.17225343248504,1
23.746550858216903,2.7016938198461458,47.86579045651581,0.11130490633980193,0,170.717338759276,0
25.707640149204824,5.780323590302844,51.37902116109768,0.09568317827001238,0,306.66917542432924,0
22.850424323379553,2.8173832996570303,50.606374882347204,0.170726539655525,0,400.5745556294461,0
23.08438712973253,5.8858407471328125,63.35960556120605,0.08199925700872569,0,264.963771114048,0
25.243396815723663,4.611518625177764,38.07498169279571,0.10831181003894572,0,303.3320001084212,0
25.483113588410763,6.267168637088249,48.03235604572297,0.07954660831523076,0,231.44030019167047,0
26.658734525383156,5.008944142713432,47.368996151496326,0.09385010615366421,1,272.6083573342518,0
22.43743016000832,5.434235939200531,50.28188283437192,0.0,0,380.50143578700596,0
25.886794359214583,4.515997535099368,54.84501069404834,0.14333192684446136,0,400.2796531809198,0
62.14430388787645,118.30431269244062,22.73773045024848,0.06104545706311076,1,269.099246381389,2
26.647102571875863,6.8765934667887985,50.83119016328193,0.06837575626114911,0,246.4909751129749,0
24.936477353419626,6.4552403021497495,22.05149561597758,0.0855834863423244,0,288.6736103218298,0
26.052009340861538,3.8630676690280534,52.18392555092895,0.1442053846814585,1,292.80145904823837,0
22.98564377198623,4.597581792297979,38.7685210986783,0.03968496484240938,0,378.84651596476414,0
24.954849260191935,3.9613218334960507,58.40758589337154,0.12540752808382333,0,320.7856893416453,0
26.656674935563583,5.194551007368386,55.20046494193894,0.22314369825845762,0,426.1424114816522,0
21.426480766274604,7.00039848480763,57.21049130655743,0.015140961102395753,1,302.02240051721554,0
26.812905081039595,5.398643471796651,58.378567782763994,0.03154540701718915,0,359.65971122383485,0
24.108900497137967,5.6853275042016005,72.99777867630661,0.0460042472220829,0,321.1016606870099,0
23.83893711830739,3.0117390776904482,46.78513987632293,0.0,0,296.94872007137633,0
27.492929028793135,4.861371791434365,29.676631255601013,0.04648774731322537,0,365.9057835375439,0
21.488706775112224,5.535579967856002,45.66127377675255,0.08245029292002808,0,305.2955986949158,0
23.853990261440494,4.571464552261226,38.67223280400464,0.13918790307598156,1,230.64133540296194,0
26.371363692402767,7.150388392817886,49.40345989695503,0.1010730130012489,0,311.3101920997661,0
21.61930215246999,6.4727324645227835,51.42951876553646,0.11546755847296752,0,319.77118812996525,0
25.058873381484773,4.590698111766038,40.73011818025482,0.02255123942110357,0,257.6436082148522,0
27.497423437614056,5.445267448454363,43.65358955773511,0.059970066075489006,0,296.0289519417619,0
24.34370579381766,7.633383565401644,50.636972046531824,0.20285141244856286,0,315.1167341616406,0
26.95754131927942,6.123862651360541,65.75401641648423,0.035713201761377406,0,306.1106081954801,0
100.3243996003055,49.830347881106974,14.171028709916527,0.07373690502598074,0,293.9160209383238,2
23.9933833544236,4.006657287004583,38.25592886655303,0.0,0,370.63339016295834,0
47.6071084375439,3.869195795447556,55.09068389929003,0.08044715715335354,1,289.64494471683764,1
25.167787526481455,4.944431777274963,66.77285166187951,0.0597416249615804,0,252.83021813384636,0
25.30792453253127,6.505507148549197,49.10235112726152,0.10430471858979296,0,210.32454668220225,0
25.596032561167824,35.466542704653236,47.54105727009755,0.04300341875264137,1,359.7384127064836,1
25.614727639020852,5.070742221791019,16.60643337396415,0.059129519419680844,0,223.9451048881362,0
25.258498588040553,5.577141249144832,46.15559163090774,0.14972710004501652,0,264.488933456753,0
26.08027264368973,6.399441679203903,44.13991551656065,0.16612293208041384,0,302.370177530573,0
23.285609990172514,3.5711353598795412,54.44200745891862,0.09009352898563802,0,337.0160593091022,0
23.230777392728292,4.810699530430494,66.69275097223266,0.10885943271592617,0,314.33469272145743,0
24.353206870222884,5.270593735761058,41.4945719182749,0.08808727130230823,1,298.3019689049374,0
26.63368979319716,6.238902231278342,26.348567064945865,0.06316656045523134,0,250.08173468253625,0
29.26071419705551,3.978612487323815,51.21913163524466,0.11096943173202711,0,333.95430092079243,0
24.32841889777995,5.104277538756623,45.39126094680198,0.03176323430151046,1,347.68939235438575,0
23.092317177653555,4.2971692213138954,29.731450828409223,0.09091490238712707,1,197.00980136895606,0
22.25254145507064,4.299388841338904,52.10512058443886,0.13940099925252805,0,337.6884465348778,0
25.19142841418542,5.549751146177126,54.73992127598862,0.11090392864724001,0,280.04824984221983,0
24.88551279793009,2.9180459604484383,46.132523375223975,0.1879944007883387,0,307.4187638643548,0
57.43375071394088,98.56589224067487,17.44879689114336,0.12015146230264234,0,309.1806085310142,2
23.35059218173091,4.887168011688521,53.65391819129713,0.03963340015800792,0,296.42835056281746,0
23.85729604640645,3.2715469615778465,52.251596934640006,0.0665755760057796,0,276.0187857743772,0
24.272208832731486,5.620817200911994,44.63213528844725,0.18292960079068116,0,197.65244217302995,0
23.683855867958655,5.356787143072209,51.36616436763291,0.10915011537834947,0,286.1468659900539,0
26.873361888888045,4.6996594516907315,42.57555140287497,0.10393063129832722,0,307.29795955495103,0
27.927634161402324,4.795976259917823,37.633946006720805,0.1109907657470306,0,329.4801700841224,0
24.87648215260729,5.0431440196404616,31.58240294816776,0.16051133624560815,0,330.7627730034736,0
23.698895580472033,4.5093717014040475,41.14608214237001,0.17803974389435936,0,288.89502243961476,0
25.670467146746162,4.410110720633817,65.95036264375587,0.13467287533922023,0,295.3427115300233,0
27.811352927159668,4.207682046090169,52.14282130044578,0.13171959895550464,0,265.7727817275643,0
25.390456265880662,4.1816156907588224,71.9584716208858,0.1487799749096419,0,90.69262479651624,0
25.265373709808998,5.063958997896244,58.00703169460833,0.027957652292983345,1,336.2638283387275,0
25.098826971399294,4.589307004135785,64.39735746041453,0.01952929282912684,0,358.73979674987294,0
24.33249107441741,5.43836513732889,49.96802481553131,4.324536509772855,0,328.13692087973527,3
25.98840905278907,5.037124917958037,68.15063668973143,0.23064087368606528,0,276.78908018396385,0
22.8354901408034,4.281852244931028,49.28048318771467,0.12480898828706939,0,316.76041210162725,0
27.271748554029948,5.39883073120451,48.05642153324225,7.956438752510964,1,321.6388389183025,3
23.514747097656365,5.201500452147989,29.114457473364432,0.08416158852638946,0,292.5579565615578,0
24.3379145387529,3.4836442963488192,29.399805833212625,0.04512426649474158,0,260.86844579820894,0
25.12651196110349,5.620208553127391,59.78805837281964,0.1661623248101995,0,233.78074238019832,0
23.22200598323559,3.8771940668414384,43.96161373077109,0.13099580236020558,0,267.81762848802555,0
23.20625918599265,5.683412402155458,37.53313506129791,0.18923203203038605,0,310.77761966977727,0
24.37457524553408,4.525256545203203,60.713760097501535,0.057823859457005494,0,319.0494370066966,0
22.542261640276145,4.183848204299173,65.29037650242209,0.1397180080979185,0,243.624494952382,0
25.457422650548843,4.420827465892207,66.4601883936862,0.0962703207422416,0,314.8660311842243,0
21.6805495600556,2.6067887358755755,46.15297491524894,0.12092070704177907,0,379.4913760423126,0
25.948216002638297,4.282082969883971,44.85872821854054,0.09787879827083797,0,298.000056678482,0
24.12027842389221,5.170422911882309,51.928374696656476,0.16981850206554938,0,300.25385527254974,0
20.87901235985766,6.1670301754727355,40.99653032888236,0.10651364845373801,0,384.9149198029626,0
24.586597846355325,5.4308251082593895,47.81742942127895,0.0953492162961489,0,327.3175464060684,0
22.015827485818836,5.858573361524925,36.8051695985991,0.14579814043010536,0,148.56399412506968,0
29.515241275100827,5.524618515554097,53.77324741549747,0.06441245587756103,0,197.4981668079809,0
27.315959947273754,4.163697921347969,58.64622425386499,0.10230811858890104,0,273.36889475177884,0
24.084402024838763,3.526683763976485,37.71712436405016,0.0380936180552023,1,281.83005540927843,0
25.806049764365476,4.064599255554807,49.65277872295145,0.09091387527438136,1,25.969884788224597,1
27.96440841706135,6.781509447094562,60.32955715684455,0.11959401260065312,1,283.9417349254796,0
25.361929274679618,5.151915781967148,68.4420068893244,0.14149168458217065,1,259.63636269868647,0
27.29615601237274,6.469314193656623,44.74642444971312,0.04329171793313457,0,264.0340716207745,0
27.32094501069468,4.645763687093507,40.17991586580901,0.1441136521517038,1,328.842711836292,0
21.026099568826616,7.504836086743449,52.094383209183405,0.15782684315963078,0,200.78507750546953,0
22.93976515313364,2.7447081803577613,46.75285005275246,0.03943909008499683,0,259.2840800630163,0
26.620902735746576,5.179015972609027,55.1127574158076,0.1215020918279925,1,295.88053562239276,0
25.261557363959547,2.7677182895842387,41.90445484202308,0.17715004326286948,1,35.04165612891005,1
27.956335904463113,3.9458227604727982,36.44837004555794,0.12107850629617566,1,363.3614978790612,0
24.891075634539362,6.274118092607574,57.71517940987039,0.04285484014188119,0,222.75499785426933,0
24.59015871347936,3.390946248563663,53.7412865243547,0.10827612925556843,0,328.2539022766339,0
26.404874634352126,4.078634424862669,57.47630178974347,0.17996960683596247,0,217.56476396978547,0
27.44822779945288,4.965536925907035,57.27486872241873,0.08309507233858707,0,254.2510635372917,0
21.91866054861716,5.830530604418429,46.49827075316525,0.003717848772083296,0,256.26962058724536,0
24.337795290210227,5.024644922194103,32.17380056767278,0.07222481332560031,0,318.134466028327,0
24.578055010775124,5.037825227911704,32.6781384186328,0.07386755559299957,0,434.36562073302,0
26.25731112802773,6.0813079928733345,56.037526532008165,0.1696495154256985,0,328.66465280826077,0
27.23854558012423,4.554122209357538,69.2395517573329,0.12234676574533393,0,301.8150107787112,0
89.07082835438041,79.42051510899496,11.929886637187954,0.07135547387273425,0,282.1960993669645,2
60.28698422039447,91.78060710707972,13.383997713735521,0.11337960109921354,0,297.79452834355516,2
29.318316178033466,3.939795427180944,52.07102413700159,5.594507242490188,0,297.50503653074844,3
25.276811449614616,4.831233915379791,65.17772783937852,0.15542479585885582,0,283.64423284542346,0
26.123287722452197,5.132223998791266,47.43497000734734,0.023354330195214754,1,220.4849549285242,0
25.64929580983972,5.66861033539399,42.30383099716479,0.10112726335290209,0,295.8556095616987,0
23.330248787343194,7.551494214678286,54.17492117146464,0.14617279707336955,0,296.255021180913,0
29.1847805780066,4.2619815601174995,56.03908975609543,0.14197803227769618,1,285.6250580238133,0
26.12470582744566,5.255887482326222,40.24353186253823,0.10700447727130792,0,301.02800769245755,0
54.6323674668455,51.22180098502684,25.846131491411057,0.21378850241427208,0,313.75942083871496,2
24.66775545147058,5.059838137202849,50.23884446860462,0.03429778863981403,0,339.272939753586,0
25.052561685174815,5.444601941364407,35.99940736775755,6.69343177372089,1,348.26260578564495,3
25.671372264314503,3.4879180278884916,37.34671463778194,0.0651144240056996,1,225.96851687997935,0
23.407064910217564,5.781904052010635,62.56725201843361,0.04843185911793682,0,357.09317551418894,0
23.681779713685085,5.781648593680662,44.35138646621675,0.06677779861683811,0,391.146130807715,0
25.356883628426115,6.329868342010909,52.415579832881406,0.07736510372042835,0,329.2045090217568,0
45.95254491143813,5.041515710015524,56.63563661523676,0.1152433802405463,1,345.6934451723676,1
22.100963967255375,3.5281261571600835,45.480162530614535,0.11737442920704595,1,68.43844132322376,1
31.370188964319688,5.2104791238361,46.69369435884389,0.18689417591089857,1,58.850433969165465,1
26.331648748180616,4.489968844660931,36.32174702382706,0.12947538779119644,0,261.3186036079095,0
23.244326759191967,5.2170193027961576,48.76740969160983,0.07721650975243102,0,284.45109353738803,0
23.77037065335778,3.618319965889947,49.60780722953096,0.10325163052399224,0,254.8546488490711,0
27.13636488155673,4.331806656050521,68.13745825377485,0.13147833162349207,0,259.17520587076746,0
53.04201261156514,3.6413841926215564,69.44330315814773,0.0774176181822029,0,381.6606207989441,1
26.218518414512104,4.822084040548277,50.97806450850982,0.1272357750304759,0,232.21832574935587,0
24.923773716139912,3.6283739301429074,49.26092602289036,0.07630337302557601,1,311.5133865193052,0
26.13934915843716,3.9198271523278416,48.33725786811866,0.11374976660176984,1,322.5523271081075,0
24.781934649200952,4.564681298434363,54.70118682789568,0.09442760920609077,0,296.3345108942928,0
23.39020309639385,7.0971146418260345,43.69373340369259,0.1546052719879238,1,332.637157695106,0
25.67836334194168,4.950076053130505,64.48754116136872,0.0,0,362.13371902334734,0
28.227030798931864,5.5505400095123125,39.473768443243195,0.14465937643144974,0,334.13263587821126,0
27.014393712003855,4.427793505219127,54.41133855986057,0.08233960522402742,0,344.26884952584214,0
23.28655999218268,4.426532229937487,56.50125976848554,0.09932563413092994,0,343.49796346831755,0
25.4979134772764,3.567398362913602,63.52271138229763,0.17180792531871197,0,305.6283627635391,0
22.90000733460631,5.90853820732717,44.67039398264064,0.06102339932910242,1,289.82388011409574,0
25.55733691239532,4.69551471849026,41.416124660988245,5.863745551236459,1,312.86429440370506,3
27.921438395150222,5.945326391661031,73.23789084641899,0.07713480842285765,0,344.60897343038783,0
25.887833591709654,4.927816585469896,49.19456326961125,0.15329825341626896,0,353.2542798257713,0
21.568673306214123,7.097642321240189,54.09805046800963,0.04472710426241608,0,311.43186350077934,0
25.9130663464921,5.953648959827031,36.88449098717645,4.784557907486925,0,283.00579817373176,3
27.64675895780112,4.92714509359095,57.645279339278055,0.07641024376273906,0,316.8437345186387,0
23.253486646294924,5.423103051839171,40.47907097622492,0.08441233304828291,0,248.18756725908875,0
24.177666569145497,3.040284458295159,47.06676444593617,0.1168122351651131,0,206.40025574284255,0
24.555905972537758,3.6217812964800284,57.12036459360953,0.10147455972992644,0,377.9180389569068,0
27.13248456237436,6.955585496567611,45.89824431722178,0.03490067789027848,0,383.7044123277457,0
26.221966698097454,5.389865454534941,59.44322443120109,0.14535249094527639,1,379.0473215977085,0
23.225472494882748,4.092776868023493,49.587312859053355,0.046140398354918746,0,293.38836354149026,0
21.49009552532885,4.346099242905454,64.39116534198966,0.11221042974435427,0,335.76993090433564,0
24.751946869569366,35.20848278760489,45.77892731081984,0.09942434471027153,1,293.56820390852306,1
22.628632417512183,5.747038926743637,32.98168330707323,0.10100956191161654,1,294.7764365805269,0
24.59286922148724,4.950384499273178,59.76971159888921,0.18397110651118792,0,355.4023787454953,0
23.49005372832558,3.5586624061846885,39.02330225077783,0.1378993379773948,0,357.1556979442181,0
24.732290342250977,4.120354789869376,43.42267200791629,0.075051653860201,0,347.64719508813454,0
42.938709644682596,6.198259732550145,34.100693282457655,0.08147775325016629,0,317.97500035663285,1
22.429655429409664,4.689951625568132,36.29331880693946,4.439721416951773,0,326.30499727473307,3
25.880193026800754,4.209515727910981,47.05323320205344,0.06074828616437394,0,234.2959441125363,0
22.830908180197774,5.376517978100948,64.89827345173022,0.1423907959727888,0,364.2462239137651,0
25.00710759001784,95.19380055876074,25.840404911457266,0.10896407897253574,0,290.03289624050456,2
29.018867535072076,5.165046919995896,56.190245191695965,0.04293596966625031,0,310.0752873125679,0
26.581202194280632,6.2081687176903335,44.20478908800328,0.17083374203619592,0,374.37404692806564,0
89.49695995641909,69.09510861396187,22.13925835551289,0.019806529828293243,0,297.69189744652164,2
64.0443558762959,120.631897528613,23.02256198645454,0.14151046940198614,0,257.75996706076063,2
23.35938267871831,5.73210708581407,40.62220652365531,0.012296551235490366,0,277.37485761544747,0
26.290489640644232,6.638761246950033,48.103384748758046,0.10136714971354469,0,256.24862892012874,0
28.100639503863512,5.226617437459928,55.8433827783542,0.0780084152833861,0,292.3246436675445,0
22.26231981425837,6.1683652757113006,36.84673914948112,0.06991062455696927,0,290.0150459030928,0
62.98914101441258,84.32970712975691,13.982018923034339,0.06577100608637103,0,289.30171383866906,2
21.556318918068637,7.138730107268257,51.04186093361577,0.1087090440981135,0,276.489903744085,0
21.70071495120904,3.0969787161023614,48.80982582859393,0.07475177757292523,0,272.79373342771527,0
24.40404266641594,3.354523912964085,30.424037061894577,0.10490277449598193,1,372.03713472393525,0
25.532638697031864,3.266906147016476,31.28446762300141,0.04287911913704609,0,313.2319849536908,0
23.24015879498986,4.151294075935683,45.940113984351896,0.1560447712497435,0,375.50480992858905,0
28.65354000020438,6.219824766205101,47.233713296878115,0.09731695762191117,0,334.2801774109193,0
28.592811710319292,5.016615404670447,38.740850929119574,5.678419411339317,0,353.5892367556232,3
26.916135439179254,3.5871404036451535,49.064383638127566,0.0665675562990752,0,282.9375840335619,0
25.523271997134977,3.2079506140565917,44.70388609747532,0.15222493220709069,0,264.7842425628055,0
26.490302378871725,5.597957185340464,52.501043603464375,0.13955746399701802,0,322.2250846765216,0
24.862287416990757,4.901608172891978,60.282824711049415,0.11472641625046147,1,332.2806073134271,0
24.852942364274213,5.205586221568619,64.09088970561422,0.0854940309084052,1,58.87756583793514,1
24.329574413646164,4.909300838681528,67.52428788387273,0.08542399731467847,0,225.2296874981485,0
24.60271873739619,4.1259967344609425,64.82781085181419,0.22587584788676357,0,284.4388147751229,0
27.54311182694171,5.854147470746716,54.9461410193582,0.17275714676467224,0,317.96374606925036,0
24.541911925382173,4.921898323706815,52.578518231358416,0.08729975054175462,0,282.25436812131767,0
26.00559839362221,4.412939081595762,46.52935946813057,0.11002078317169282,0,304.8886337710185,0
25.085656240759516,5.505819729288492,49.70118694531844,0.13084115422862783,0,286.3453291230313,0
26.374098693447653,4.246350289093659,55.079430785450256,0.1056550039124009,1,49.56398159135568,1
22.179712581747626,5.684020630730515,55.27815075926277,0.11085119636672652,0,286.58025895624985,0
26.91884711412369,5.090178496692565,30.45077358876449,0.1419714459598847,0,294.1448386572335,0
26.50712030880003,4.510192526618743,41.75485432197021,0.06061253571057634,0,298.20795099269174,0
23.152509270396468,5.81084805696286,54.58525665996248,0.08821176314873211,0,237.72012802318196,0
23.286705939563067,3.9336628957209445,47.37855919265494,0.10236201238132477,0,351.77695088877084,0
25.46547311535064,5.535210285143669,44.74639996269981,0.03845009062473692,0,283.7262012061754,0
24.00934716215934,5.392283055383568,44.74967441991148,0.003497163507985651,0,306.82755858596664,0
27.946383025951516,5.1233307576188745,56.13765993807138,0.060976600604789065,0,302.0850502464562,0
27.56415948088742,4.649300251964144,54.231669818547054,0.10588051334133068,0,186.72261041801448,0
27.227475028277375,3.2891918836820233,53.08762821036753,0.21778144845442368,0,297.87298557871094,0
26.73724888012695,6.021991283293216,48.06968482578521,0.1495258245438253,0,244.07817481113938,0
24.76211715753537,4.580627813083263,51.36540951590717,0.06450430514290303,1,34.49958296404205,1
25.659136697980014,5.143996897966574,61.50511570555706,0.006576686916122204,0,264.33522792272015,0
26.234309096835503,5.817744161089908,36.5416870413586,0.1289736409456357,1,56.337635523231214,1
24.7495847739599,4.846298870961511,40.29031479156621,0.17892332085433224,0,366.187277446275,0
26.100534935579837,4.378228488857196,58.6440584270708,0.04761004781989351,1,305.7468027196938,0
93.44027425856403,74.05071650685481,24.601293804850528,0.10777133162592462,0,350.0000013038622,2
64.90761320172396,128.36254643846317,24.57860972082987,0.10427848703781066,0,334.12052717808456,2
23.002810442098788,2.3339546884595963,38.62051015467486,0.12807361177223173,0,352.11467368512757,0
23.586500682069396,4.412314046310939,46.13755048501501,0.13423413438031748,0,246.2543352830471,0
22.772259757082132,6.178141075959141,48.895264958369054,0.14590950560101032,0,322.04506817462493,0
25.320244135325492,3.1137844347821053,54.06252982732169,0.12954458629380367,0,207.31336275829108,0
26.984893300057916,4.843847603973346,33.61135278158163,0.07348903726656605,0,356.34009621448376,0
25.787873627990535,6.017241351189279,28.87111641835282,0.08847352941596713,0,145.97006364130362,0
25.49845343678795,3.1464589224854698,57.40510701266987,0.09341997131134476,0,252.0477661294019,0
23.550415361272396,4.963121940705247,49.786570493270766,0.04590363173518507,0,354.07796905065254,0
26.759578232913167,6.153039472409667,56.9490035673061,0.09854104079674549,0,269.55322244344353,0
47.27455702443008,92.79580714885773,16.71954009537143,0.09645358905635593,0,300.3820542968233,2
23.27873969536632,3.9868398993795573,53.538909402141925,0.07110397852873468,0,382.33555234037965,0
25.05506761935732,6.395167393492817,59.13329411946638,0.08531548869146235,0,300.6730482488238,0
27.301899161532667,5.4932752848379085,37.2331860150324,0.06265289550998515,0,277.2774229496593,0
26.611760178013753,4.1200300604697375,51.45597506825662,0.10680246170957206,0,241.44339112734824,0
26.3982823654738,5.868963097916049,52.75497722888973,0.12628448919567226,0,332.8566393288737,0
23.660817212720215,6.219128866541539,34.25967036981211,0.15497917226052743,1,307.61250642979456,0
26.8018669284284,5.128994161237473,50.88561943848667,0.12335173961587961,0,224.66985407707108,0
23.82693741913142,6.317401169657319,42.58772582575858,0.17984041397518247,0,301.79063316095915,0
23.98452545301754,4.195484064461509,53.705035360154504,0.1724899572471002,0,382.9606625893447,0
27.916384954362243,4.4517975108509695,72.07929217794185,0.0694927030185081,1,276.6482669217859,0
26.823952257527658,7.262632808471538,48.57272106832469,0.0014873100290469787,1,248.69209320684718,0
23.07513925536911,6.548317705383413,36.44537669484348,0.07023463882839258,0,288.25851032880433,0
21.953080650413067,4.471367337704493,66.62767445197852,4.4437407121312695,1,333.69592364896164,3
25.65245347144059,5.740828975829918,55.83162712482803,0.20792503029581494,0,306.37407938968425,0
23.11311965471202,7.56204454883237,66.24784344542259,0.05940109189418847,0,320.90532690984554,0
41.774441705971824,61.58112248000177,26.632443421938806,0.08067125618354767,1,378.24152025175323,2
24.562272424655426,4.771998282524551,56.69169889442427,0.1469977178305657,0,295.5456648804203,0
24.526274266361504,6.468647014539053,40.94714977923349,0.0,0,303.8542412047502,0
25.09244778863902,6.275409935278541,49.672491175233084,0.05609359515484459,0,360.145865429821,0
22.17130451971996,6.1711696626288415,42.18260856908313,0.06636770775182205,0,283.2535520284942,0
84.1273604421205,70.10387893346116,15.504595321711399,0.10862076943130185,0,231.95074359476163,2
25.02177759446625,4.983466410402346,37.240334304853526,0.0,0,273.69620462416657,0
24.169753056925952,4.711294585235723,57.1638913795157,0.10583426459116699,0,273.2707866172274,0
28.526083383956166,5.775128526270962,45.47747229291096,0.21459796634679895,0,240.15312940141777,0
25.34502395530579,4.238820914238522,41.869227334983144,0.09201577579498514,1,51.46055848297891,1
24.390697831748305,3.7914848331785196,35.63788074470893,0.20934004987216134,0,245.72476408264782,0
24.407659676668725,5.216076226224706,46.36734587854285,0.12987431495409613,0,277.52648316456435,0
26.46402854448038,3.388434377662489,43.23654007525823,0.0315976020391143,0,233.80755876662505,0
30.451513470738156,18.5979201342115,30.102549073546026,0.03200322564329418,0,237.47896908253057,1
28.300204427617093,3.537085113021921,46.35998765452105,0.0104130703769377,0,258.2166095809614,0
24.670952730921776,6.780492805415359,46.33945691411929,0.030048323825520015,0,337.19343595164804,0
24.33780402018592,5.219991473925105,52.36495497648255,3.746334178311198,1,263.20370051649724,3
23.379030811840778,4.343323466487247,52.86552251502425,0.030799190746542082,1,252.73714108445205,0
29.401847635142737,5.217897389897053,61.81996454223222,0.049269458659831705,1,427.62764515598406,0
30.85956703183085,4.736983894369696,40.825237954122514,0.11210219471595445,0,330.19983245583165,0
22.656509396707403,5.155890628381587,42.91723661663193,0.053158288057122395,0,288.77270494103385,0
26.40909271114226,3.7554390212268176,50.87771320492779,0.1209912689734916,0,382.17165170216583,0
26.202027052989255,5.227277412679598,62.49418849739865,0.11237846406942681,1,43.14237502480157,1
24.06371942898287,4.0295692364430895,57.544725177370836,0.021375463787390775,1,344.72927663343376,0
48.671538953098775,4.496986947468492,39.71968135536865,0.07973015105960335,1,215.80750985164656,1
25.179379859423975,4.929368604487819,57.84416352202628,0.02762190060892694,1,322.1097980030477,0
26.807604891901217,4.292788554302124,38.715437099489876,0.04355509355720116,0,221.76050518959605,0
25.73461001188129,4.582388053643975,44.628003736968246,0.1013698467604481,0,216.5010661380337,0
49.494172431048696,4.202655150264488,53.603842703883714,0.1698453766032843,1,470.4867018775029,1
20.93384900156997,5.222299911933685,60.90293100331398,0.027457554989262223,0,379.33259999217904,0
26.25448244218191,3.7967128703275,43.883425915256716,0.09789998960172429,0,225.54200109272523,0
19.940404571043345,5.101568984631643,59.7630932685701,0.07346256001485649,1,304.832695834372,0
26.983227321081756,5.885583234213435,52.043813420702776,0.10331909250128524,0,306.47733526100484,0
29.822398532507066,4.783470673192623,54.86809711783723,0.15064497843668817,0,270.50100658936145,0
24.784461994682754,6.0235755955682535,52.201393583895886,0.16676879209579498,1,282.3949250478605,0
24.74275047933384,4.3555986949437795,42.912200977684385,0.18718682850580642,1,52.97966138489319,1
24.199109147713784,4.9252513800974365,50.41650920160711,0.040454869593647275,0,321.5928100379181,0
23.804660814488713,5.688153393580617,47.92217209614161,0.047226806928765165,0,283.07086632325706,0
62.62302896956061,82.49346275342064,20.837379547178156,0.07981209722606278,0,300.12549049172503,2
22.292205076654728,4.791182429668329,42.01300734234382,0.1569088477476131,0,297.53901249058924,0
69.54524091259145,106.90728660309696,27.691361346573927,0.0,0,229.69124068663524,2
24.292548279347987,4.824989310893248,44.262099622388135,0.038614480345766304,0,417.92696400661924,0
22.872493942293143,3.9313272329332083,55.415941061731594,0.07525522777135396,1,29.185523479363688,1
28.175241990395815,6.677623227047277,43.80080728925841,0.054452336443915714,0,322.7700420097248,0
27.907718208892813,5.741415094662105,62.33913877590928,0.08437913312444105,0,268.8494796311528,0
23.025912735732234,4.342226399531889,53.79488393325386,0.1283189257427062,0,331.5902138598327,0
27.62565090103802,4.046420904983796,42.91765873451977,0.16015886216257982,0,297.63264601221044,0
26.940104774251193,4.989455504492409,38.62562402101713,0.08604651186846027,0,256.04353160064386,0
39.993604276100996,3.6631623453377316,44.85861144200607,0.17567167083656926,0,298.4304832086315,1
24.663319664016942,5.871614409540754,36.691432703179586,0.038930764603531766,0,288.14884064397614,0
20.204830585971386,4.43265484829271,60.84924835898279,0.07857649558266924,0,295.5506200258405,0
26.421068052678905,4.3918212979444275,46.3286672744925,0.14620829919174122,0,323.2605725127915,0
25.145259998285958,6.046909740924715,53.83670913163479,0.05220750007989916,0,296.0529030520549,0
24.26067307903577,5.281865049171158,64.48328138710838,0.11760397768534678,0,291.04860170572465,0
61.68755562023117,63.55212350401814,23.81907102869882,0.14864338209041517,0,324.403653690579,2
27.391277604199338,4.006232959833932,42.65034046455596,0.06705560020293547,0,406.6322013171818,0
22.84727206682567,5.999464084700726,65.19665439205211,0.10548788029966823,0,261.51380782095845,0
24.422657762702137,4.398495913945567,57.66224094538728,0.11754983671013497,0,208.06169837936125,0
25.724109981138607,5.5816127512590805,69.67969446799268,0.030884051236663476,0,293.25966940188806,0
27.469285624495768,4.597000017168565,43.10224607736744,0.09016027856352302,1,286.3205990543835,0
19.873420426206867,5.084699636712903,32.67438657295288,0.11412102602831885,1,309.27297190584727,0
65.60499095003092,116.62013960954263,21.966553467762214,0.1270090792067946,0,310.20987343070436,2
26.543816174621757,6.073079743972593,56.681493790420895,0.2031416459462403,0,307.82430194148077,0
24.5138022413236,5.168585967714818,35.24312130783356,0.11170274421342005,1,41.04085124430073,1
26.39788982801197,4.9146602914640525,21.2728778355355,0.05083241547083067,0,370.05661182013665,0
25.27830167810457,5.673671850878256,41.89822999950432,0.13955757630524057,0,286.99277906304707,0
27.470733200919273,5.425915242562074,50.649483838870516,0.09065957285534905,0,358.7236000617354,0
25.483101351534263,5.044052844751157,36.617985198651006,0.12645046602048637,0,255.27150762067288,0
22.09781727843012,6.235229777993125,42.79333375870655,0.12020038933758126,1,293.72212396452363,0
25.192240356859656,2.9993300096547495,70.64324191226378,0.17501216402221867,0,280.6424518197158,0
24.598144396101894,4.327487736989957,51.956125186384625,0.10912565688374107,0,267.7261411175686,0
24.901098563248222,4.4262895965097595,65.95120418600015,0.0,0,273.75455066296104,0
21.60783433692633,4.943683835053522,59.85192091781106,4.270023108072195,1,394.6028212497849,3
43.93578418437624,4.609791734591395,39.12965410457784,0.10577242430847507,0,297.2904605951135,1
24.265726006747713,7.054567306579431,36.84643057523785,0.09774527754060515,0,196.82701188516782,0
21.26139390317954,6.506140509613665,47.30328927929185,0.15588575664402946,0,251.06812556951644,0
25.478761781485677,5.421513647156462,45.01562018826726,0.14628985217164847,0,243.21285535524646,0
25.20515463125669,2.6571057858377505,59.43669218425365,0.09314274208212182,0,364.5047906341692,0
27.598667347315487,3.7001907593846655,44.55306812678442,0.13619100078702537,0,268.64469460206146,0
77.8063104243163,112.12930462961884,24.09034096479368,0.013090400851204706,1,363.59408192027786,2
26.51868166049341,4.879512101364318,80.0920657649665,0.10563491099472673,0,245.94162535940677,0
23.52113931050637,5.189861217568383,46.29140738981936,0.05991077211654609,1,223.7577914713122,0
23.224213973113677,5.146425726720804,43.58766192142945,0.13939019963919183,0,219.69418571038935,0
25.122414007934545,4.761151089052911,46.821597960021826,0.08612046318174935,1,275.0915207408332,0
27.05415787592296,4.723654354937867,69.72381716143495,0.1291137554862851,0,304.1345815200608,0
21.433799544825984,4.344353369283713,50.10105059202848,0.20821968316625705,0,263.7409558821701,0
42.07956235532548,97.00051396305561,14.847717341121074,0.09972298805639336,0,213.24918120469272,2
29.73980986475174,4.471866566861909,57.71475800819543,0.04191250367225298,0,198.4601865266971,0
25.999723220945736,3.989121857718961,46.90230821583722,0.13446645934186685,0,244.01195457924803,0
25.03750545202134,6.280237892456942,60.74382345918759,0.1850601813724159,0,269.44474589727514,0
22.396618544732956,5.113627361237546,44.17356881477825,0.17898593900435034,0,287.6570414163689,0
22.42871507832164,4.745541536424084,60.60594174543264,0.11736712542311309,0,262.51624440128177,0
46.697683617076564,4.725124560708761,35.2875630409578,0.1772643670156846,0,253.82647129628404,1
25.72531057155001,5.477050595965444,59.56775943701701,0.18459474578412483,1,251.36864583440087,0
22.334047528968743,4.021632124344566,56.57456626689164,0.0,0,276.08033863291735,0
25.739075033445573,4.715769231888551,46.54831469418872,0.016546490290324997,0,329.9389815540847,0
25.492212831564604,6.1163614518342975,53.48017523812685,0.12289165244611236,1,233.22847012015134,0
28.815933853273616,6.288958640298848,50.49708144553311,0.10774282229371682,0,314.46469004483555,0
24.275374338683186,3.0257932722673075,52.424740256344066,0.11633304020682493,0,311.3505266230359,0
22.93833454954544,5.685785731916634,50.56367964366068,0.04526278024147904,0,351.74361329930315,0
24.72791473925704,6.177718035390598,58.18957756028058,0.19646766720039813,0,292.24449235639787,0
23.882684493551146,6.408771408500257,38.77755465803846,0.11548792421190349,1,50.33128121670933,1
16.068792272942247,4.256470838101253,53.354936521493904,0.05502935067111336,0,309.25630784688576,0
27.662420466130477,5.449466446496865,49.53289639241496,0.06867655639736082,1,275.2665971049804,0
26.51550263055495,5.0253946525002275,50.5970443937237,0.022439219355948642,0,264.27348088870536,0
26.35633204725007,5.309777667266222,56.60726845228258,4.064310361936206,0,331.3863026570033,3
22.06469087267765,4.12646458761665,57.29921196904911,0.03995767031021527,0,297.3983559303092,0
25.22947479091586,4.882063698630014,49.46843152783957,6.500595369985505,0,224.44856558040777,3
23.566470694568878,3.2510618434456537,44.883561450854174,0.12552736079468338,0,208.46136175581688,0
24.57308087837313,3.705876178077757,49.71407107061331,0.07083388344666931,1,269.71631699533685,0
25.91469736952179,5.207263728622506,43.30496440073174,0.1021150711042183,0,262.3828748396205,0
24.2102316673142,4.743036328399492,52.93232706583152,0.0865911446591511,0,331.75642505757554,0
23.225561481891894,6.001281930066792,47.02392889718078,0.1464608911633608,0,293.7441695014352,0
25.630949899421196,4.707302601444106,44.38987152951954,0.1460335804452909,0,221.18011436452866,0
26.34342173020435,5.356362464993363,42.24356351811379,0.11821544545083708,0,229.60198949480497,0
30.46688826941379,6.051193725530923,42.255316638644395,0.13770354680780234,0,294.3088686255288,0
23.28047872860975,4.198558151346754,35.83243360225457,0.11248315259655525,0,281.1503247088553,0
25.587647605025687,6.176381526680464,32.75464317236647,0.10262870781913881,0,322.93682239607347,0
81.8468629760553,69.55680604780851,12.84672326299537,0.12266014586397846,0,334.87737674392827,2
29.27683050200974,4.709240326291797,60.04346160571849,0.07676650482107342,0,404.89085492042324,0
24.90399453664464,4.432811701387237,46.2320901212026,0.24617768312569815,1,335.3829023914108,0
24.303994758904985,28.87014522741312,41.880828870538785,0.1018583632814843,0,346.77123064114744,1
23.605530966298616,5.091723023626982,37.8400198938653,0.18911476319249715,1,321.562688620054,0
21.868455322856967,4.813144192001852,59.22296388650987,0.07788810706919902,0,326.5293103296385,0
22.047444167135545,4.543683169980768,19.165352068314448,0.04088254145469542,0,335.7630766850202,0
25.80324264538392,6.934699035643613,43.01190206611336,0.10995764149609422,0,227.81531956496826,0
25.21613846912212,7.074922501490265,62.90192549937319,0.10874291481294525,0,315.1688904350055,0
24.37429736910665,5.333449555869044,51.44485996874995,0.08506926184663426,0,326.02833901055413,0
23.00170764360142,4.038584678818197,41.121085297154146,0.1117760144603331,1,198.68394726219293,0
21.19161271262351,4.987212342018467,56.11295223212631,0.1319307761319123,0,315.3027683026137,0
24.507135094834517,4.410969121093859,50.76382989687274,0.08484816180065058,0,339.21897849583576,0
27.74160296317002,6.217644092485884,40.576519153211535,0.08062530035362636,0,349.1625803330321,0
25.683370199777666,7.203245761924893,47.646983227344585,0.15543519985343565,1,227.558278043362,0
26.008191349286854,6.136748872766017,54.66265717310912,0.1112775238889131,1,61.10580317508735,1
24.801903628248645,3.8288734359631413,43.97947099635962,0.011942480640094025,0,218.4270220011158,0
23.108562051067494,5.712533799410292,48.685248230455,0.049683289606595106,0,360.39015153450464,0
28.084266908178858,6.159497953573634,35.15575438271049,0.09576818063846221,0,284.5192575284176,0
21.611918109381122,5.47008902814651,53.82624124029059,0.16663275978613912,1,280.4088506839282,0
26.97413848855043,5.9353033453806,47.380152508258696,0.13314440081375234,0,299.6832388071171,0
25.6473216887802,5.601971500987855,55.503188694251406,0.14590159243637807,0,186.02373476696891,0
24.2509770004501,4.725959750503108,39.7083766686345,0.10590261622073992,0,329.38459334264127,0
23.21680124959598,5.214697249703873,60.250873085736636,0.05645261647331871,0,232.97325262481542,0
23.206387242668345,4.127566558811098,25.357279482685552,0.1064963696026907,0,232.54166549246145,0
25.1227473553589,4.877023419010529,63.71283705933922,0.086309858263326,0,285.74895703876075,0
25.122032052697143,6.89735409405882,46.15889872960837,0.005661222260375548,0,307.51014346500125,0
27.039429629936166,5.486255074385076,39.491668250544414,0.09662962771756275,0,238.0050849229488,0
27.166542398072973,3.771512682147623,34.80580853662319,0.20086852361978358,1,63.97244481558056,1
26.251769364353862,5.799801511831561,55.73283862845763,0.15931557741258084,0,365.34302579897667,0
22.432565521924545,5.200286441461794,47.68920263087056,0.17091537349629687,0,229.46939969406947,0
56.718015608033234,85.43718295585441,19.323666599125225,0.13445155881391319,0,274.85845530906863,2
23.98125160334901,4.549036051966298,55.76233453893143,0.060121823532472786,1,249.53927470591617,0
24.40857810667886,3.640198382750838,54.01857838635691,0.006991242311910506,0,288.2631091493062,0
23.88294055459773,4.304840011279803,43.54479800608212,0.12025023578485576,0,319.82132108921496,0
25.89918895109653,3.9536229407240437,55.88763368857339,0.22283612885611692,1,276.42373845474685,0
25.119938958632005,3.7165965116887776,48.04164136394659,0.04031726069371408,0,274.74774126582986,0
26.38454411984963,3.243679732864147,34.21136964350893,0.11908826181114791,0,327.1218109311543,0
25.173961540675514,4.264509909307446,33.49424940033346,0.07341872059113733,0,304.77828659268886,0
21.0582633540947,30.75073330669051,41.537329781327806,0.08220246402436387,1,294.5057124301129,1
26.12420568006598,4.751211333710828,52.012802897679116,0.055464234211487336,1,241.0890587165197,0
24.516324350085572,5.006000767384737,47.29561468758594,0.021735611984742775,0,392.1061053944196,0
68.441504313984,92.25590362509382,18.331358180518972,0.077104711750278,0,348.33666601722535,2
21.007576004902347,2.766727946235323,61.53601809806852,0.09928724948464374,0,330.3576405750258,0
21.777492744395662,5.4760824897782046,72.33722037963169,0.0680234255418169,1,337.0319794764267,0
27.581343591150787,33.33731285994515,42.58588074511065,0.09470686379624199,0,363.38093685370956,1
22.564414582409473,4.672406118500074,57.45251108644205,0.023195508369004608,0,354.47163991110125,0
20.80972469067382,4.673192061523074,41.610770953830865,0.09179582151890321,1,298.5526642330981,0
72.60696411620309,84.56500576912427,18.85942360237603,0.018768346494004454,0,284.38380130492175,2
27.495045649419005,5.485292467151448,65.13112153899134,0.15271480730368006,1,280.74004813534896,0
25.390390628221507,5.282187910500911,57.670903921065836,0.16318217951843306,1,232.82433445931798,0
24.941587825829753,5.111108561447958,50.70994437971487,0.15736930424442375,0,267.8372939405833,0
25.316367001694413,5.381618239099818,64.40505323550153,0.1178283438788099,1,249.00844295820102,0
21.912802567654342,5.255706208420556,48.134884905643986,0.12301674003990139,0,269.35397932280557,0
23.867706120282893,5.216094866352704,44.082025351841345,0.016025777082177048,1,271.09938024187977,0
25.161404722832103,4.211027711395061,49.77728516650914,0.0935127190796609,0,444.46133273753577,0
26.035368387776064,6.177705478131916,67.56854739962141,0.1325467838693255,1,53.303437898113394,1
27.220747198151045,6.627666698148571,58.74642790320008,0.11576563702076026,0,329.0534091724305,0
27.94042702110079,4.848892227840116,42.53767362299988,0.07550008151693281,0,344.83979916819334,0
29.77662502974081,4.770064566634074,22.587877680823688,0.10835560356550672,0,318.08475496848405,0
23.828488574465588,5.900100200242022,40.45940657979708,0.07403274634202081,0,335.1600527342185,0
24.299098060905475,4.585528453786175,56.25374255887157,0.0802581238675003,0,311.35742187756415,0
23.767632788893117,4.798508100086627,65.95934783421177,0.028945831145021653,0,394.29456402143194,0
26.512637881271644,5.5657160088032125,48.81812396393882,7.786588743422572,0,369.01597872898753,3
27.175945734918198,2.897714631089283,57.64167797800482,0.1822999279009342,0,374.84341489986366,0
27.474564772280534,3.6573002698172066,53.86881225295543,0.15126909943194247,1,300.7978493890768,0
83.13090510749251,93.37641949891983,22.836895486705476,0.04046382720680878,0,271.17421679554803,2
25.563830912163553,5.4359243670857005,70.08824314352343,0.16621648061970468,0,289.67089848400997,0
24.63869343203085,5.514316434532827,42.28615968585843,0.04124904315356786,0,210.7902613984661,0
23.91761123603737,5.607952332391342,54.780269366434304,0.15037561906976807,0,316.3981286862411,0
24.526201692025147,5.301896063441468,40.39515443755997,0.15302998872776558,0,364.6197319267237,0
25.652591418694886,5.454148627841828,74.95579227854844,0.11232935787187706,0,260.9740573343413,0
23.259575432025734,5.134370287582109,54.068957572963,0.09288554174702188,0,280.5157786082297,0
24.016523920264415,45.013262424558434,55.197516778394096,0.08828683712204723,0,312.35321625667507,1
23.048112512509643,4.68512593132694,74.0480477526604,0.07578596350807654,0,191.4189719899657,0
26.677170748135495,4.627147228689006,44.53316639040939,7.354048918532939,0,292.8466765114222,3
23.829191323060268,4.123754324178108,45.555661119295785,0.1464415702577053,0,305.64467685039403,0
24.94690455725831,5.8815704761380925,51.69546958678708,0.11520471635689258,1,288.261953556717,0
27.03175187676444,4.820814753486559,66.08191506290024,0.062118256395484406,0,260.9543267119604,0
26.243740144982006,24.552903670620395,31.788243077279006,0.17730898981612328,0,328.374286428449,1
24.368042956173074,6.088183568933797,67.95182763126019,0.12199576056245637,0,365.0770516695029,0
60.89430547410669,62.80888452095515,19.23177898224786,0.13806973287824184,0,244.53581778689255,2
26.983226485124728,5.309405324839672,52.823316647908165,0.11762208269998406,1,323.38290093451803,0
27.800590666313,4.603729301440154,56.9234361132678,0.0573060166090114,0,337.5514415847049,0
25.929731280460288,6.173442915342614,27.28386216021338,0.1426872978782581,0,398.7728763578938,0
23.516133481771735,3.779279827613133,57.68997266401032,0.17584190479049033,0,260.05243949234693,0
26.75004900398712,4.20919787774282,53.606333477066805,0.1142241231498253,0,383.1944036204235,0
24.86493777319856,28.321616310481243,59.88111192805751,0.16499338634088168,0,267.33045826233365,1
22.880344619872726,5.679011930786833,43.53506883562492,0.09824791558486058,1,221.4275191706777,0
22.638393836705767,30.51314814683835,56.1120889705479,0.06087620369513821,1,293.694555760185,1
24.686001918763942,4.289527169879007,50.62552462152536,0.1427991336307443,0,355.59440424735897,0
26.52914817223089,3.8888818594478307,64.98044567573533,0.13583950125007954,0,232.49518588826908,0
27.29656912623989,4.718243667794658,65.6282326564375,0.0767984391872353,0,284.5054636619831,0
23.714070756108512,4.965945000636532,51.55764074699011,0.14980253053465636,0,349.4231173676678,0
26.215155005682206,3.7460243858214772,54.80188745072042,0.050489801314814786,1,320.38263541118323,0
25.57468031499312,5.979646864295455,48.8880264610807,0.16299993039382404,0,289.1675339347818,0
25.13470259556156,3.6573589162012583,45.97048924382882,0.08424334151299676,0,285.80000283565596,0
28.787106282363688,5.521820724950225,54.95879828931335,0.005424273913803887,0,281.32201596011583,0
25.320244963326903,6.558098785333939,48.68817214134677,0.13126940027528847,0,302.9283483840958,0
23.077155596868625,4.281057229838275,51.3958147863628,0.1784999687265387,0,309.63920017942473,0
21.35168366920208,4.989512571389336,37.73123078785489,5.832252702169973,0,209.81575720516835,3
25.50754537334525,5.526953311573389,45.08640263855422,0.09289098339137651,0,325.2696367243789,0
26.11254171726778,5.890470089234937,47.256886899751635,0.028065479259390486,0,326.63883045890236,0
23.36311286760908,5.690946052941949,53.38903930776101,0.19398028970395717,0,385.07704001603827,0
26.844075802808742,4.193442816907716,59.626196204280035,0.12306162389443737,0,248.36998454521606,0
25.843918702763066,4.783422278003036,56.836317772763906,0.09527421924193152,0,322.36004457213124,0
25.42570453432537,5.277619340182529,52.43876298670324,0.1479754929880522,0,312.6939698609103,0
26.263489614172414,5.059001497102083,38.917676372393224,0.13914363623261983,0,313.4177912311454,0
26.191472517522545,5.584650600405776,63.72880195045701,0.11930464784767353,0,322.8920925359803,0
27.346032849096815,4.832150824727956,50.54530545345859,0.11215609197206193,0,277.77608950526064,0
29.603035354140836,6.076617588666432,41.50682995375488,0.11229502757341604,0,422.3489854422577,0
23.972259064328078,6.524398339507633,53.65981779705645,0.04835179439372509,0,225.90855214112952,0
24.206087735051813,6.512375137495705,40.07384959046088,0.09915940765883784,0,300.0800145049345,0
28.43502985748377,3.9474554368957917,54.70946872385936,0.04730188346009136,0,279.41800636540427,0
21.407109440180772,6.963392581342088,50.489067992753924,0.2295733435614564,0,278.5498226020979,0
23.762967923130105,5.641505231687519,40.74381006649925,0.12849008801921288,0,341.3627716739413,0
27.214710088334968,3.991510255558013,44.76181436330973,0.10607414050358188,1,300.26907889257325,0
23.330434924779716,34.773310924050364,50.48632162406153,0.19114242254603775,0,335.46697905695225,1
24.942008630917318,4.243446745952812,49.22125947320308,0.08402116957019083,0,232.14362901645515,0
21.771083099963676,3.958985285098766,43.88721901574196,0.08646341450418572,1,347.6725649112931,0
27.978330126719,3.463920322961773,65.80183666274489,0.043670291351972694,1,337.34400469861794,0
22.715403611990144,24.851382011569605,67.08074540363846,0.062096062510719946,0,397.84520877429304,1
46.44054087847695,4.250920801490381,49.82773817223656,0.0034607319485168986,0,280.9853779795909,1
24.64079248382221,4.2361094078317585,59.68018989766331,0.10746890256003179,1,260.3029478687251,0
23.9311528766418,3.9871843621590646,42.61982411520335,0.1625614555232084,0,390.43046550035695,0
26.09378633699635,4.417816121574173,39.32189367623548,0.0,1,262.76153439201323,0
21.93643992181517,5.760938482749488,53.52978574751444,0.11887220702602148,1,270.0336448670701,0
21.65497792226016,4.395566300998491,38.66949629022231,0.1396542424746276,0,310.06322062966825,0
26.768676624206456,4.721284482950581,43.37143369000286,0.08323490730973544,0,415.31566574882436,0
24.762338426244586,6.602655766424892,49.44209909358814,0.09474398995879699,0,271.60446617433945,0
23.092440240395934,23.094712689330876,48.981043738804225,0.0987349205718521,0,268.98093623077625,1
26.30531752753369,4.779247004767673,34.04311480182397,0.17623791528644223,0,278.67982967243915,0
28.551176066027942,5.661885523404034,49.33013511155285,0.07351770422990914,0,353.6591176509918,0
49.19550545466447,63.619837670818114,18.90506628233219,0.08150942618030897,0,273.2603624309729,2
23.33536906090652,4.591228015157852,68.06234538346511,0.08509534801850203,0,320.5824282581472,0
31.038482256718737,84.58242687036085,14.769446999462494,0.11128691170291127,0,324.8080815444405,2
26.588185964448083,2.8077010918190557,43.7162402409072,0.09795120809460026,0,298.4179846689398,0
22.85193206465596,5.6578916924012,45.91444894909661,0.08436783970539315,0,364.2555514359242,0
23.187737533287255,3.9921314219645168,43.867030428192784,0.05790721670038475,0,392.4610430099488,0
25.998902317813066,4.220935319062546,56.52174293188886,0.1022823870852729,0,337.0970891381749,0
28.130331696340104,3.4152656670270902,63.48230044425131,0.05019483318051604,1,332.44383027304957,0
27.473389699370852,3.3169053935784794,50.833366534395324,0.00946183394293662,1,280.2987255769286,0
26.109602416438346,5.882095241873733,49.66310328295537,0.12181552153211492,0,261.4886900778158,0
25.06397900465718,3.9640851215391937,41.23535923238459,0.14682374779620155,1,349.5135926954975,0
25.78431561116509,4.830410846330846,48.98679315458067,0.2218652312005085,0,256.6558609055111,0
26.0715072370022,5.8352394999554,59.33695208661188,0.15720919685032828,1,349.7460860464695,0
24.20510140242119,5.273458649681283,44.744286485464734,0.13517115897836302,0,214.0754032443162,0
22.89346715144569,5.8197981475395375,45.62338646213518,0.1068101761937612,0,378.16468739720597,0
24.919090468014332,5.1912993785428245,65.90487761287778,0.221219999533219,1,267.20882307228624,0
24.344995109995654,4.686442427111521,36.88344779800982,0.11222706007159437,0,408.8291857150017,0
27.402013057524147,5.219896626251031,55.022035512080116,0.13761966905634468,1,250.25547918480567,0
22.578235190734716,5.8976783818878085,51.049264046042026,0.07613575721269429,0,330.12712361858587,0
24.923656989785155,4.504719051160566,60.34011254367828,0.11222063796049989,0,290.3705437813807,0
25.999843283122843,6.500617488779737,57.4475547199691,0.03631611852828302,0,233.39004576736028,0
27.90528255322777,6.076936071359798,57.10969406610732,0.10472030034758513,0,362.27305734108234,0
28.36026599501392,4.320730907292697,54.13643407933647,0.16375672180206022,0,377.70437365971077,0
26.17071466959121,37.79578401351378,56.13681028116633,0.08339110842004283,0,272.9588907891709,1
24.190698410196152,4.398829060386766,38.301542496599936,0.16286259145305657,0,287.6627062202855,0
22.173847745794717,2.390100635816768,53.66451804775254,0.09110944456844428,0,230.14505335847556,0
23.9930728879948,4.2501598669458795,42.34535684069254,0.06824281609348355,0,262.3428561963463,0
22.965410804618394,4.620287682282171,43.600721476719826,0.04641506847421534,0,338.30073276784765,0
24.99989937066431,4.237167725592532,70.75396075643502,0.12916076994088932,0,291.81030854871693,0
23.957106943214956,5.341475265954845,51.289310440383886,0.07499222622713553,0,323.5597916516175,0
24.65723357524917,6.5837097715873,71.9937389206591,0.1477316607087217,0,412.34365591882744,0
23.87481861663875,3.9342536874044134,55.492414784287455,0.08757027961409646,0,333.2627847477216,0
23.401416825095016,4.935585751332255,49.768574493704165,0.05682116961723936,0,391.0119375174886,0
26.866523808467853,4.254410708472785,68.72420104833765,0.03142904003778697,0,350.4055481003762,0
21.764779366531428,3.9902553218960115,48.48173727892754,0.0952920573540308,0,198.17945241511057,0
45.78711608314964,76.39064174551913,23.239947057678883,0.10859589546329886,0,347.7117640992583,2
23.825521852762474,5.192896569246725,43.97976879736766,0.044726325829837835,0,324.39264063849276,0
23.06073512940849,38.90457982103086,62.7266492757816,0.09682103211649376,0,234.26128403741689,1
20.882114322625704,5.3970069566023415,58.297611215432,0.17341078362343945,0,274.6507745537073,0
29.847012246933648,5.943220381475633,44.7460354765976,0.16064268693921033,0,336.52053975415026,0
24.664058315100505,5.478565548707581,57.45925387054979,0.10267003243628045,0,365.8544702111026,0
18.127875220663956,4.5578769059740845,34.04289446805966,0.07495744293842384,0,296.29413637939473,0
29.15789204740025,4.746618833519993,61.35147459436739,0.10258188611634296,0,375.2192418778443,0
21.199924150908405,24.67575082068581,37.236143883111986,0.0596861481010918,1,385.10058505733144,1
25.70922186347716,6.591435532397484,49.245350232427555,0.1414772750215664,0,315.4324655917019,0
22.53039722726643,5.706863633149226,63.46013822926349,0.12022927371357268,0,390.1967296225506,0
22.915460890683782,5.44173389686563,42.947144599692834,0.10702590230310348,0,396.10804175162684,0
25.102043221765218,6.439028187726511,54.5872354241063,0.17240588305224802,0,404.89430143250434,0
25.95866274733038,4.129858587291851,43.73026122702564,0.05290368002623996,0,248.39208245156883,0
25.75414943385065,4.5110585778402355,26.430633041035264,0.12388579900521746,0,199.99420871798822,0
25.289374349235743,27.41084797166593,45.27553053112889,0.1682713285959686,0,334.68829338671736,1
26.09385602222075,4.990931369857839,51.8531451608882,0.14787157302272613,0,358.7743710323618,0
22.953388616714136,4.784845902370986,55.747773400710585,0.05706464319673494,0,314.2298940007078,0
26.665991836928246,3.0854180345159428,43.29086448808524,0.05180559053412798,0,362.54468943458954,0
22.996359680951556,4.446247798543384,56.953349086018875,0.14532263667963924,0,389.3145161943322,0
24.18523135387436,4.817638197840423,43.809714992691944,0.0037067362479914906,0,351.8094672548359,0
21.792578297157263,6.317463561104497,36.98264582058712,0.10540368111108629,1,277.07607695079344,0
27.029794507876037,5.127380634467271,62.7038602812898,0.11823839264307509,0,245.55413656135406,0
24.50324980348395,4.442992770299736,61.564035100611925,0.02692819234934983,0,281.6879992288731,0
27.364883262185895,4.103579617053363,25.42599732046152,0.09346474405983925,0,382.377751519691,0
23.855463546316805,4.461657646190223,45.037411171559775,0.1004150697945069,0,218.7861701896627,0
27.39580382784698,4.192563228558089,65.4179532765653,0.13270467244256418,0,261.52156427976576,0
23.41167356383179,6.418804002274336,56.68023668607131,0.06252379531831911,0,280.1986368566044,0
21.26337737772171,3.4432335388719437,39.32354428140637,0.0353001560374938,0,313.27151880322833,0
23.245534179126743,5.368327261609367,42.50367243206185,0.15786491299027566,0,275.03546603505964,0
25.77842833398617,6.571254735852009,45.325996205491464,0.17693886455340946,0,405.1955479211114,0
25.646895631556703,3.749962210191235,39.91597926730617,0.009583405037352985,0,316.4587336536118,0
26.740169014321022,21.50728278110477,37.10974772369059,0.0673978792906372,0,186.67967133863314,1
23.359962072428992,4.459108737248664,42.90258071359718,0.11250340043431187,1,343.8857085707012,0
22.933353588499635,3.313726294159122,55.83681999896066,0.18232514925072535,1,66.293245969797,1
44.26278774206404,6.1511600491189515,45.16154811481169,0.09593160745166426,0,273.9701459317638,1
22.64406743407122,5.474926669064909,40.40902458853498,0.10168724952401065,1,273.3279968544602,0
27.631267709364998,5.19495485104907,63.34705132241093,0.06972100136219998,0,287.5850339553297,0
25.596976213728283,6.013323502899135,49.74711287128399,0.019841831714129426,0,193.47591282487537,0
43.408775426215826,4.873756729379581,55.613136341635034,0.038228468292790946,0,255.4407120005157,1
25.076844357952844,6.149937155840061,56.14490551130541,0.1481405616411982,0,315.0926662016305,0
26.206133454945824,4.058400403361464,51.96506544010247,0.0852329171928886,0,265.3038890538721,0
24.211999373943033,5.0224912381868485,66.4131244658128,0.13285669539716155,0,261.35732876994456,0
21.447594834511754,5.1824351832983355,56.88569120154725,0.1068516287825391,0,254.2380285681118,0
23.01612899499376,6.440729825359968,62.562812358636556,0.06874815111071925,1,267.67098900963356,0
24.30344912451434,6.172978671867271,53.06800768428188,0.05523014295349438,0,211.983474358416,0
21.457121156214505,29.999438135091374,37.63123762165946,0.07495175209327301,0,303.1586430551308,1
26.68349691446453,4.0581691147496874,59.24719675489814,0.10316806748153286,1,280.796243045533,0
29.262419516014663,6.0583635039241885,50.43469775472613,0.13144153584537405,1,270.76073074288513,0
25.889814341464223,4.551190796068091,39.73485852847755,0.07888321044284237,0,217.89598999832026,0
23.689014574432722,4.906281323040897,49.39590705247429,0.11918629098654802,1,326.1069991372234,0
23.098954309940837,5.661590762914883,52.612202554240035,0.06475253109719548,1,283.83620792703715,0
22.707732755717622,4.278283954727669,38.262666013094574,0.09771276556201747,0,226.10184816912613,0
23.477620545116398,2.841497293223222,40.6921865598607,0.10980519165795005,1,322.68650164984984,0
26.97063214727626,4.507932509965028,38.050621740493995,5.063882190926947,0,231.166903497668,3
26.09321261709374,4.164665481365549,52.6464451328584,0.19112671363201905,0,285.97196038398243,0
22.461073526061966,3.9974449594192847,47.252605106407735,0.17593875027458256,0,290.682806892666,0
25.362267993594326,5.997825171393444,52.320101041597944,0.06101575073210481,1,318.9624003310969,0
26.50542120221215,4.433291517914254,44.44286455452512,0.11747734930822973,0,397.0555737753011,0
26.297853629667042,4.913032660338146,41.01348194442457,0.08932396772643605,1,302.56880428400905,0
59.41923974276695,77.04803682799539,14.30405576950874,0.13144585304370876,1,284.54459917734545,2
28.01635685066342,5.360498773111076,43.114917927146436,0.09102616520182821,0,380.3041540391346,0
22.839426412607445,3.7319419008045775,55.35133623511619,0.07903693596673798,0,374.75297513529193,0
23.880263250999484,4.582971382156005,52.016524181007476,0.09844207082050498,0,348.47391528809226,0
22.103165050448975,4.496106309568482,58.47059921381657,0.06136774049348459,1,279.6028126074259,0
27.323498476512484,4.163080598100749,43.996204658295134,0.10869864717650811,1,297.16754741152937,0
25.434953028232876,4.92097771879328,57.89705240818797,0.07770700825372054,0,276.3444157450918,0
27.112060066050915,5.23741640487777,60.16489488016971,0.06046839656469457,0,292.5885871211669,0
24.24471167543588,2.5495360167599306,64.34353225071817,0.16682740221071168,1,235.39713884886245,0
27.494932098697504,4.7254077539978265,29.51687551592257,0.06420615912022132,1,230.28071567833612,0
25.695391660355234,5.978833894893566,33.75899322021962,0.19227827126896382,0,330.96322655159213,0
26.593696245657718,4.476513657920066,52.871243954885806,0.11996599051004188,0,275.7452193030103,0
24.094679302765094,5.461811205195398,63.2164280125006,0.0,1,303.9144577243176,0
23.307743007141323,5.893795747228232,38.65242524270517,0.0,1,264.56233592970625,0
25.539927588043167,6.3140476234840985,40.833055056168185,0.10040246239864137,0,294.7650560582355,0
24.5852078963765,5.069319019852291,40.88512574805141,0.1399468457047539,0,314.84305067799585,0
25.86051925516493,3.174186461014817,72.96760820522208,0.026781523743067776,0,275.1735435501567,0
25.481341107109152,30.088440324591996,54.30678185137504,0.10091826560845829,0,276.98730148452904,1
23.92947459097932,4.3448517312529145,50.50610847172214,0.05346984841693784,0,333.9825523972373,0
24.54388108585701,3.048451259901335,50.90853585379156,0.10581375650286906,0,226.88341954275998,0
28.463385977307247,4.744256285712845,56.955735134157,0.1361811755526412,0,175.52314542322958,0
25.167032085973137,4.956202260251869,62.180329758869036,7.136133645170714,0,305.70169442222056,3
23.03994284557591,4.872359930521055,44.06600431417962,0.11943180320311327,0,237.92357659355866,0
26.75444331905236,4.554137243402954,41.31865675221962,0.314942878614938,0,242.34788871660197,0
19.461646869532917,26.270062159939176,46.22836238808786,0.12710189349304368,0,219.21628487754805,1
27.690957401680965,5.577190133312492,33.83550429428145,0.0,0,370.20637879273886,0
23.918808767874445,6.122979940082892,40.90000397386381,0.0,0,361.42646582203133,0
23.689612945533344,5.985350709799107,55.9081745700895,0.015078198660623598,1,294.127197133112,0
25.44185332422833,6.5085055300123,57.2368822705257,0.07626774013074211,0,229.8256069439974,0
26.518771756641495,5.415205823464963,53.5672445076826,0.13958981410231755,0,343.6202873379073,0
25.771371853360996,3.7616029390627506,67.89266060767082,0.15144341573579248,0,284.8107199468803,0
25.219739745121046,4.626444524729844,32.36532396391718,0.08847817460247484,1,280.7235812647568,0
22.864234256919545,6.588415858333078,44.30938166712893,0.13932150540583646,0,333.7693803043035,0
26.347198285539893,4.964192380453304,43.119875208454424,0.07769456845940557,0,298.81411187315484,0
26.545562932919317,6.717780066191998,39.12150884055711,0.08747706980020362,0,273.75944578873595,0
21.102720565870257,5.549368406716811,56.21799749799166,0.0933303419241591,0,228.0847729667448,0
23.679124412175828,6.670882612825888,53.47600476932633,0.10324979367999032,1,367.34430020142423,0
23.96001561267996,5.4321830728361045,57.80917253764061,0.04211551865033384,1,234.44365251342904,0
23.797820867917217,4.7194765859009475,53.4471894751692,0.09816207924776482,0,281.74652670661555,0
25.815542971134242,4.447462185384483,50.97986705975422,0.046037889387833944,0,337.3453451398119,0
26.239061718727495,4.803279574649305,59.15318315424377,0.03635205585220763,1,295.5396967396735,0
27.118801796357726,5.144381083984193,32.5969713809026,0.004335565940689068,0,387.36254043152576,0
20.138867752310077,5.814423971687501,42.99672836972858,0.112735130182305,1,370.6891201929677,0
25.492256845328644,4.6701569669754885,34.903674334453896,0.11643956474682343,0,339.3421124423863,0
24.121139079435338,5.597346381038003,61.838042165776834,0.14341684471436944,1,221.0544217276709,0
25.733914041480162,4.114789665191283,42.55651054550508,0.12407772338445432,0,276.10791065463394,0
21.946642794468367,5.116496695692691,48.0677779564145,0.05421023939756855,1,44.09089846399115,1
23.4244687008149,4.677603171470596,40.121684554579794,0.12348260395563526,0,351.17320297915325,0
25.006606713776534,5.806824615353465,44.81973820481147,0.03339194083810568,0,373.86166563296604,0
23.280390882780143,4.392816585073089,56.175642977509064,0.12537890768842688,0,294.7296555433999,0
24.435396773007703,4.906645628713955,38.68448333252721,0.026517184347569,0,312.544613968514,0
27.13973681708029,5.195062805488632,48.24384894869006,0.058827901129653165,1,262.77665052207175,0
25.260906850418433,34.525383657685545,43.84652849366928,0.14900413927289316,0,288.8875304212037,1
25.11767391624022,4.51361140350995,43.44958074746914,0.06389276616044406,0,258.0219569557779,0
24.752007104223303,2.9935273849630066,56.82357012913259,0.0980667612660386,0,276.63571993988967,0
26.617329200546777,4.231434621698113,63.49740712026161,0.0650986236420874,0,306.8485020394286,0
27.15564552232431,5.462771045298217,45.490185877962034,0.10936050092420672,0,258.3006866770532,0
28.892172782968125,5.338132398345722,36.838684034414165,0.049985648396145936,0,291.6737993648487,0
22.44140500442083,6.5619405361913765,47.692967303169446,0.0,0,309.9974259062521,0
24.963018301933246,5.372750693060878,44.8962467452297,0.04499129941224577,0,275.9147266386578,0
23.04885616028193,3.9361749299052495,51.562357489373845,0.1451510900194828,0,323.0771918998549,0
23.62731962862617,4.631822839822067,45.794060240343796,0.21392371187194584,0,328.3762125151916,0
23.944892603720778,5.551909850346628,49.75973673782092,0.05767725916722269,0,261.9378880654727,0
25.741643810355882,6.214227734428134,46.16671349036853,0.08048140133798368,0,274.0289912955238,0
23.366437043478893,4.358332453753097,75.24970396806646,0.08487100476629857,1,255.9374527913926,0
82.24411882349258,82.9417916367603,11.418484385638765,0.13031861391178243,0,359.57416788432533,2
24.960159995044343,6.729930714165379,52.20382819742041,0.08117667364590686,0,297.46939025646157,0
23.144074707197767,5.199426443721329,43.44624570796628,0.03424702482839684,1,337.96386784990557,0
23.49132817935187,31.95484921365921,57.6114131265275,0.13166692688058312,0,343.8132527071614,1
23.87208602593557,4.762648566002522,43.54695598433831,0.08338364641698173,0,341.1947176850383,0
46.94302189876819,5.244380144863147,53.28071564650731,0.07589526610512616,0,288.01766851727035,1
24.759735185522267,4.539919290292641,64.16515057007427,4.269395882033159,0,277.29602383200137,3
26.036524819969898,2.9223552183193378,68.55584036399337,0.1522628957015467,0,223.08322098813397,0
27.499544656703343,3.906500156076103,58.755982437030454,0.03272280638166651,1,271.48718074881987,0
28.200015279578707,5.7534521007216854,56.031658090206456,0.16000279823137212,0,249.05695682535654,0
55.502190999811376,70.94350739143758,10.231922269953605,0.13393990763962405,0,208.7758338546272,2
22.798754754392583,5.244820090784032,46.53348808464463,0.08679235631374246,0,287.73602104119567,0
24.18487902424814,3.7511422194118054,48.18505698637031,0.0006932372788490682,1,266.0534727666225,0
30.04304886146157,5.966902536521452,48.69730824712831,1.7380605226540866,0,341.23984075235427,3
23.746662887771578,5.730458975652823,56.20117283909687,0.051503357931981575,0,298.65420596053536,0
24.996030751723943,3.3743172925185565,73.32049604264108,0.1115990164534005,0,321.8783672818566,0
26.15817035780603,4.804824601734759,56.533454324527426,0.1780805390258985,0,373.8511201995108,0
21.466942153160083,4.539581859190207,53.358171199543676,0.07998571737937832,0,297.8086591627132,0
22.217858225213764,4.3433149017203165,49.60124690080144,0.11347115081783253,0,249.2664607854177,0
24.8049320924624,3.377274644821141,39.3960776593517,0.15744725211547725,0,294.3819823487288,0
24.11319294349569,5.103321430194212,47.05823113926687,0.0014434561858242823,0,205.3937353588541,0
25.87721748867226,4.600507282446857,47.42780608176522,0.14258829010583918,0,321.60167387290045,0
21.602618732293834,3.859508945640626,39.072435073005465,0.12488371805219949,1,331.46834513005757,0
21.80521211158727,5.917873303145125,60.10600852883569,0.004369457840576602,1,322.46675263439676,0
22.977116212351106,5.722575140173243,63.29850060055253,0.13693476395889898,0,244.60932620252134,0
25.645715916702343,6.15125387395505,40.09247191139355,0.02916066764420934,0,236.69488331744378,0
27.521531895448767,5.386226378278728,39.84148252768732,0.0959632652227818,1,297.43459377956844,0
23.444374423678394,5.125409672713386,49.313271459316745,0.12263288194016211,0,380.9572276909426,0
56.61864331814967,5.10871652166746,49.346360786903674,0.19328023900475605,0,247.25538840544976,1
23.533766227639042,4.2276105679641045,44.48529491955591,0.10823132066611026,0,203.1976847192376,0
25.46627813795102,5.409210749750429,56.704301768092236,0.1391614052708335,0,295.04142344815705,0
24.902879770360872,5.763642583882335,66.18010572954879,0.0,0,313.3873179029454,0
26.30425436188735,5.674668278189803,51.860213595550164,0.1246103963151693,0,376.65146169247623,0
23.19003262675427,6.517641571056252,53.905113244757715,0.20229154030074106,0,227.73565105786133,0
48.89065224677229,6.810960150825954,50.03455961204646,0.1007208855173364,0,279.97248938645015,1
26.557540566052108,4.306410319376673,48.679695074829446,0.10551823156798859,0,397.1944231709728,0
24.09723310434998,4.685269767353244,46.290642470168095,0.008469903871569776,0,208.65777671643832,0
27.198059865162982,4.99178109902078,58.355389162540696,0.0708743202045819,0,295.0832169870453,0
27.90181665458394,6.791980537119062,52.871074494776146,0.12116424686522935,1,291.6536603172941,0
24.191260381119204,6.122367945301126,37.04372451103865,0.1743679138624321,0,286.22785966260926,0
23.554891775140696,4.037767912799779,44.996334156286125,0.07370445298269071,0,284.60214659300823,0
24.870453335877855,5.7638596351809674,47.550473680129,0.11630104033137972,0,300.37656560242687,0
27.03535517219665,3.9309470674248668,41.622726325883136,0.10542252182403987,0,287.19146623642155,0
23.877210978195023,4.333019480888086,35.56405418499749,0.08777958568690558,0,311.78885769216936,0
23.22923273828534,3.9625007825223566,37.0889196248538,0.06481063328668452,1,252.22039481803665,0
24.60428714234808,3.6579421939551615,48.62457532535164,0.06482666037697926,0,253.55089705898524,0
26.779193828242153,5.673776658060327,65.96703091012651,0.05534331872307632,0,282.61044354736697,0
48.09559525154009,4.446051658937983,50.68774906622371,0.16272519299203564,1,339.941240428164,1
25.980281060778182,7.8022086605181755,67.84297664003417,0.14126982200965785,1,275.73868884455555,0
21.779697668022582,3.983087598321527,48.335255778422734,0.1557395752480739,0,358.63284728274306,0
27.720702329983048,5.017306343669133,53.23851980802849,0.18911712184897775,0,400.7048078565353,0
26.37359924093783,4.208986786408307,69.3430216633771,0.05650040943005799,1,312.8843739186408,0
24.67863621102702,5.457143852662667,46.51659813785171,0.23845572483238797,0,414.1298026445388,0
24.419593245838964,4.247503967469384,42.44863582066666,0.0,0,245.2887866393508,0
21.534130570331413,5.2228446573140275,53.583080857775506,0.12057519822197056,0,353.51210573712467,0
27.619696823320837,6.034194670797665,40.3127444501363,0.05675606595686565,0,231.3176670218978,0
26.873858980166233,5.91938288977664,51.281915165929476,0.0528617919323132,0,296.85203013434125,0
22.54758984869251,4.179998035504345,54.81818378498869,0.13484440710261877,1,227.92673994486273,0
85.52223442524954,88.58283039323214,12.412798176963856,0.028155683328575487,1,379.2080016023792,2
26.99152489411226,4.133956585677767,57.59688250018178,0.01920136056278507,0,379.9509666050104,0
21.598989838923686,4.222351427771594,28.27601635372606,0.09899792457232502,0,238.51307439155443,0
30.5150695848322,5.135388795662926,59.50790114010485,0.08458269302530808,0,249.76943428965689,0
49.660012519224736,4.895567507505322,46.49500695044833,0.12099888232013001,0,340.44013798511594,1
25.05995424307697,4.397856377459273,30.993411858269837,0.16103607612220552,0,231.92021812527224,0
28.2279457922331,3.9308157383382225,55.873623377346846,0.12435575792685354,1,226.714213934258,0
25.400136326925633,4.119392874458834,64.84896830410395,0.07729774463893817,0,410.4029961514603,0
25.319217848764083,5.373590626302406,42.12208147738398,0.1666793343029529,0,297.6089154015016,0
25.453736639022654,4.899601230052158,57.55473767866845,0.10466982002275224,0,289.2168324770744,0
42.39465561379495,5.474120413135277,62.14834172197896,0.14031308995320851,0,307.7311583245747,1
25.26974831655928,4.806594190448194,38.92692362601124,0.1282277569402211,1,338.8918582002928,0
24.750580298463355,4.521593606178026,41.13311670692825,0.059122716530894195,0,298.1811334917439,0
84.98866304477119,96.42461987514243,22.07922926503464,0.1196511391652363,0,322.066108886494,2
24.32046738204607,4.657995159929218,49.701211925650924,0.16889617225457976,1,49.08671550227309,1
22.03592085602683,5.3406614199791465,49.28325842085921,0.12672437432572853,0,333.1303593337602,0
22.8238451031802,3.471657227478137,45.011423011189855,2.021227199685327,0,343.08375222463405,3
25.012690619601276,30.38010650633013,56.75401327951019,0.14903359978439315,1,334.34998144942267,1
91.03359033420023,67.93553794742613,18.668214707022607,0.04511670926650757,0,278.18120285918485,2
24.841542445446382,4.40967997606962,57.19791421832159,0.0003803993071559847,0,299.76256578267646,0
77.58873082000841,68.90134567993651,22.919229150412576,0.008614895667142436,0,446.9714002047194,2
53.99763880733636,5.665999547021368,51.03268504380081,0.10478014248270283,0,269.2602456805808,1
24.660468146991708,5.499919775179463,43.43080759038759,0.14428757434953013,1,267.1110796654238,0
24.569400829102776,4.851064569278362,54.15947889879907,0.14844785581919454,0,352.55571747445487,0
25.32584100562292,5.868709831519304,37.08353078682823,0.12240993640220163,0,277.1916661197916,0
23.01817409183582,5.157450937079173,49.93724767155873,0.1153701546670943,0,185.45614195532735,0
22.537935040151677,4.524728053488754,58.59940446133542,0.14039092199610753,0,338.9445541417052,0
22.152172318705915,5.660631123026494,45.10365420753037,0.12050003077602113,1,49.32303219523515,1
25.691016489683886,4.1606593203457924,56.6157417820879,0.03434368990762661,0,296.4309109072436,0
28.901714189993967,4.1811125125893405,45.573493039512044,0.16053596018660848,0,228.6901989112442,0
25.92412802260166,4.044606374342083,44.70001933020655,0.06944768876853134,0,348.3884393991733,0
22.475133813610864,5.771279096972937,51.28475398244281,0.0772493767647129,0,244.7298737519558,0
27.768813003274037,6.162554907802259,55.16990789614756,0.2007437623373428,0,279.7845097250812,0
24.406194838658685,4.629912417197746,52.480055383291074,0.12183036277943013,0,361.57821830084487,0
28.29721255920744,5.028514200200045,43.596722424961925,0.09523049576571162,0,222.1710714763993,0
26.478299920802762,4.60942688641656,41.165356896004795,0.11978055245560626,0,378.04765128113826,0
24.861411224742227,6.051072428444039,47.30781228933235,0.038023224224773215,1,26.39458509289525,1
27.776644409175773,3.7614785268795616,48.14040798829305,0.12669166229062584,0,310.9002351091547,0
28.39650063270126,6.29491043100216,47.06360269423518,0.11057747502010742,0,345.6598874067961,0
25.843179400271293,1.7479705673284132,33.851632284555606,0.07695943966414323,0,228.64892125897546,0
24.474849612638927,4.45356030365816,64.32204147097524,0.17094437129488677,0,257.50585179697913,0
23.065183902275574,5.258905594096957,58.070828933138955,0.11187778085946425,0,305.9558587790541,0
20.74953600745086,4.412184433250269,52.66443916649552,0.11927531884853879,1,277.7625077371532,0
91.71836362135116,94.20971053694706,18.66150956606844,0.08299262044155577,0,370.3830388219445,2
23.352826131791787,5.845808152448668,51.84578102050599,0.049904315607488994,0,326.2008105957847,0
26.41613757062366,5.387325620397744,34.840430463097356,0.1114499482339576,0,269.54332488275253,0
25.68326727078177,3.827364753320368,45.02596110320298,0.22080727900556346,1,289.22288395405434,0
23.190992827113547,4.730266816293323,59.08523959588145,0.19115695660124685,0,259.17593465179806,0
24.92367141174143,4.589005595181173,61.34247059636962,0.026058837413838784,0,365.5020603328402,0
27.570570424756756,4.1504396463252595,41.78610626450992,0.033809518136689615,0,266.7260131937285,0
22.32726339768334,5.48469862727413,48.96407111621375,0.15057596819874272,0,310.15631638252773,0
22.07385585445361,5.921472928506788,45.76086003691341,0.14307079205506004,0,299.4540018974508,0
26.51983259663671,31.928375084192005,42.6925991976869,0.0792329331400245,0,305.578702752614,1
27.74577705134406,6.152553268659472,49.35364453646132,0.07263324176678773,0,347.49422697662266,0
23.912230213187673,4.633062495125402,38.314347958839235,0.07183004592206152,0,330.6798910898517,0
21.13592609982768,3.797187641453082,49.65446994061316,0.11896358702219847,1,250.24817402053247,0
26.926645840387735,4.030468242455,36.98589382762577,0.04800069213918563,0,269.4617667601206,0
21.19905944208668,3.5065228403802453,47.57285411551233,0.13152654081627377,0,328.20771839379347,0
23.361954294991968,5.560385861285075,51.12711878591251,0.052115531034055404,0,330.45026429750453,0
29.161090663190425,5.261351437255032,53.482742690941215,0.04274428485415169,1,344.46860441302067,0
27.46534040356293,4.774813978074487,51.64562929365582,0.13346506511513054,0,242.63665786846983,0
26.505821907451562,7.0292099804702985,23.437616247231745,0.07699707128369847,1,196.13785329312094,0
24.816467807710353,5.421967123136408,53.07618839647493,0.034467632277005694,0,266.9304464182959,0
25.440490157063373,6.3575998152160915,34.799329546547675,0.09205820098137353,0,376.02195699256816,0
26.84348115580422,5.423062177411027,36.318436889523554,0.14188465401432393,0,278.0657845587638,0
24.061420694480592,30.2810577415237,38.277124298492126,0.07927475287668403,0,240.40639765055624,1
28.31737140146067,29.887199418620373,59.13469764216526,0.10396638554714377,0,237.16671806913206,1
21.764077883909703,4.167045981909583,57.01949171739446,0.0784685699104933,0,400.7541683119662,0
24.451629332503217,4.752924763757483,58.315870471515595,0.1285293796859543,0,287.0874889509946,0
19.46194223689727,3.6343731937162405,46.86623738979626,0.047207217982615374,0,228.24940159036888,0
22.992583200618792,5.531615342062464,54.28788467685548,0.16353669632730472,1,353.07828439030556,0
27.19664615543681,5.769517979957413,37.86905736442589,0.09055338730305168,0,244.9786205864172,0
23.999438669713903,5.184638580351451,41.83945941092539,0.09235672773644192,0,354.3836224989419,0
23.962328141068,6.121967737427825,37.20899628738978,0.16598461789629437,0,300.501822123986,0
23.37424430831724,5.738887980104267,34.34089625298061,0.011756697840331926,0,267.27727487180925,0
26.070851912605747,4.399042371103262,56.999533570192014,0.06445549106671063,0,311.54363100304266,0
26.764532400821412,5.579826536258957,41.017491926256724,0.07395978015294953,0,349.7074895204537,0
24.076704508281885,4.772934834356287,64.54452671795599,0.07093463058300199,0,213.81130128056793,0
22.56263314235303,3.061977088725908,45.61975683869855,0.06876934973804744,1,308.02775492248713,0
25.892043096464178,3.907603274303465,65.06984367305077,0.08619231511109224,1,331.32539329708453,0
67.13662473119997,86.78970094245213,8.456293006411189,0.07640051260507974,0,282.6444043831356,2
27.1826150590752,5.815978130127899,31.454228254336286,0.0,1,342.0953312800597,0
25.85301204391087,6.262182575830498,68.54411741840636,0.042499668636860236,0,312.58895109194185,0
28.185862305594714,5.125167299943744,54.15841355674531,0.09614370612729586,0,240.1700305644151,0
25.025179202344482,6.687045525869512,53.206625943954926,0.09553971360884811,1,229.38184547426107,0
25.700354430627744,5.148750087184156,51.2443369604736,0.04735376902687673,0,351.8272038180683,0
24.35516602463468,26.208240078690856,42.520121573984525,0.11625641477396914,0,233.28567496705963,1
21.982218276866785,6.359426917686903,60.804483268291875,0.13697397873681855,0,337.62593023580087,0
25.466608854983704,4.467198362719336,34.065574696659354,0.09550386043436641,0,257.49801577334347,0
50.812377838757776,5.164987139774183,49.22483934058626,0.07738018371272348,0,337.89811512931834,1
24.381310475885375,4.881379286508121,55.64780799582971,4.101276353596062,1,352.1324262968599,3
24.862610860626607,5.8459896873570445,50.44034326730748,0.1265103803435674,0,256.198596528219,0
28.45178843713941,6.754487486113939,38.55180904427162,0.05724842883027545,0,184.6073299306085,0
25.612995278843577,6.849971594300957,49.54845154949485,0.018730697421076678,1,248.65311128713404,0
24.703635299470463,5.513294664492688,47.98170824569819,0.04507187427455033,0,400.98976858994075,0
26.79300836601648,33.07970502140769,40.50819466646369,0.09496826815384467,0,366.4442516217006,1
24.808819919592537,5.727668175302219,48.62670118232411,0.0,1,299.0993330061384,0
21.8633470884147,4.254523157700972,36.41794252966086,0.017334126095925245,0,237.11310083012364,0
26.50859183671882,4.182881237829899,60.42148245867983,0.04816841641684055,0,275.801206120552,0
25.878397319501836,5.471143081398868,41.021565792072025,0.08359547174961499,1,274.85280815298233,0
23.861212255541027,6.096904056423523,50.85960936923622,0.12870865710565066,0,316.98080415649804,0
28.700089357085176,5.068126456095901,50.10008346808539,0.1214199305230002,0,252.52988186685707,0
26.85474365857012,3.9070235978579486,58.819975854650835,0.12080860108007341,1,206.0307647134261,0
26.332158960986934,2.8152019981723404,54.59180554832586,0.1199679656448328,0,213.80099852422285,0
26.082227838664895,5.1078505251975805,40.784456036540185,0.027318572906371005,0,244.94612711885537,0
23.321232992161598,5.037082104310993,50.3441584426248,0.07233548623598732,0,284.9759794271231,0
23.92298698791906,4.336658504485056,48.79671008991985,0.020814059016791425,0,202.22103388913655,0
26.501118237414843,4.4400821558548405,48.80590421283673,0.08133951836240218,0,287.79431123258865,0
25.57286910117608,7.198325080436355,57.8780238261815,0.06210359359655757,0,335.82886198706575,0
22.78731348686963,5.603388843264813,39.78056513080494,0.10372875954690622,0,238.15431382030974,0
23.81599024740473,27.283031350876637,36.62324722364142,0.05400731714386941,1,350.60154811161726,1
27.60435947123842,4.0516104450121695,64.72746557511208,0.10871859315290311,0,362.440706446631,0
26.26068962544566,4.829711945186879,45.12404620891152,0.0028168917959646017,0,288.02229783542293,0
25.898705635082695,4.534967660479857,45.54390283727749,0.07168438650692914,0,250.35903518373868,0
84.22589219482305,118.14588515363953,20.005505557625796,0.029916012199752415,0,326.3162981565502,2
27.62323024428578,5.751448948985419,35.67217960964207,0.10554638887592538,0,325.0599352844611,0
25.05240640717344,5.745779757972251,35.336046704612656,0.10945928455381423,0,275.1186158623012,0
23.818388897798222,4.345337026329459,39.47991842210952,0.11346386368984436,0,284.0964847144069,0
75.60268869577668,74.09692049760322,22.79491415112263,0.1143930882651798,0,358.04031549301703,2
23.665292823646617,4.70074774411662,42.574775574029104,0.1454183213582045,0,303.5456265508114,0
25.241176023168688,5.263433567956944,64.42143878407722,0.06201464107118604,1,324.3876902330177,0
25.712455092672624,5.249120246540088,37.377131822667565,0.055286008429631474,0,290.7396667803645,0
24.54116507584033,5.3736107550026215,52.60291456258006,0.11344194239946383,1,366.0875460251219,0
22.192319962896008,2.73878153634222,40.5823636419274,0.07344384886005478,0,302.2513270867434,0
25.231598533041314,5.597344338595198,54.821248501549555,0.03612608964275589,0,359.7971195236227,0
26.229693726116444,4.5254699908280065,45.8017350984887,0.1931209560954634,0,345.556792943128,0
23.13873381631142,2.2014089941053245,55.37740749336062,0.14575042169618563,1,220.28336240942656,0
20.888907473605826,4.770420819427782,74.73017596618703,0.11234563859150487,0,293.3389971746458,0
28.009031725568757,5.588549465416512,40.36988846453537,0.1359701314381815,1,385.4214966487077,0
21.64178492820792,3.2860445629045065,50.819109133975175,0.1437317055730828,0,339.9878555971974,0
27.92631915665263,3.899759448278413,39.45938307596938,0.06554609333617796,1,291.604305798225,0
24.012643683761798,4.488901033275755,63.20171076307347,0.14328169573407679,0,346.36864319566155,0
24.37935682553329,2.7649848796080345,66.01280713483948,0.07035560654247465,1,335.88076428364025,0
26.860204523838537,5.090275143803723,59.603222190656965,0.17623783319092315,0,296.4661557684091,0
26.15016793353266,6.5158543253421035,49.921538661638934,0.05019830215998677,0,248.6092497342757,0
78.67228563141815,31.662808522198212,18.14009164481677,0.21043073816729493,0,330.7836854733512,2
26.62744697524593,4.187543519050899,38.13708984189273,0.128194966084128,0,326.82676506631964,0
25.82858553347316,5.35082176702292,49.02926323037659,0.10264971540928136,0,254.6250069730621,0
21.75956041539015,6.020231801370717,48.28778381253739,0.11585778562148184,0,212.71972322429178,0
24.93905698515168,31.010339300778742,62.08320834539794,0.059577678513477984,0,325.80437049865463,1
24.564046188838894,4.0174390607239365,65.58671083954863,0.05101720908743175,1,280.3030192870139,0
24.848858884190083,3.9675766643354473,38.90277930015077,0.1135928689611467,0,209.0483106340671,0
24.249950054095404,4.843303448920077,47.64813307325627,0.17926136344510757,1,316.74663355703814,0
70.32438797986221,80.90535286690795,16.21501374662279,0.171759535615015,0,292.68987454738874,2
25.356917265696143,3.721031076495896,57.15912464250295,0.08719106019006359,1,305.6540381536429,0
25.734573198522753,4.696428064880053,52.55015765968402,0.12361197888219343,0,310.00117028332954,0
25.233115286947207,3.642413160502347,59.85447071609785,0.1377943087407738,0,262.7192221117564,0
26.779355280173544,4.469842646947826,60.865833433451364,0.1399024077233782,1,279.386056833639,0
24.78222798160495,5.9306181449635655,39.1270141689551,0.04601222242741265,1,306.74316901034626,0
20.91769810867919,4.145521904330454,56.79452672151809,0.06244963114677934,1,51.93840685715194,1
27.63533239314475,4.8416867204382426,39.18931801545594,0.1264608589874051,1,305.1978819689826,0
26.484665867050477,5.8973517023216555,52.63565524899857,0.12069910757702007,0,260.8285813460292,0
24.46867890573509,5.793754238517915,49.27186722157417,0.03681558095055819,0,316.6425088891454,0
26.515275779034997,4.93934091820081,55.012041823841216,0.05992242497093501,0,302.08427272213953,0
25.6210442175508,4.65761602048964,41.61920339111743,0.054412313346372185,0,406.83012595410287,0
27.935250039945565,6.962810897673726,41.11573700925201,0.10265235158057365,1,223.21730856708734,0
26.20056996873234,3.877327591351548,61.5551051492462,0.0,1,303.9430820587162,0
22.589235841395876,5.332546809956812,46.30130756994503,0.1630730515388112,0,345.42483857601803,0
24.80005823828467,6.293638196738841,63.16628053187041,0.08741910121032416,0,297.7657745284848,0
22.574905109183465,4.790188303546425,63.0465662740676,4.374130385258502,0,258.68959696671675,3
23.73875774769892,6.053886863126375,50.54707777031193,0.08169824765987847,0,291.8286098516787,0
25.312618697494468,3.4147986398294083,45.813429416436534,0.12401523107707557,0,393.8232305652366,0
24.686568315855624,4.986901907184621,67.09951900852418,0.032692073762445734,1,249.38291081669428,0
23.059042912938086,5.617540870706599,44.73504425894787,0.06923186406169501,0,290.9694830482853,0
26.619092488261007,4.858819865897397,54.00515831305355,0.11881652783477609,0,321.98525670272016,0
21.652008025275897,5.294507662983307,23.322415657228976,0.05523883691740067,0,323.15384232811243,0
23.304808090152214,4.079078300925683,21.031864942765814,5.868595023977825,0,232.8718371477858,3
23.885134122849706,5.169945541726558,50.13644381539496,0.10162915352497928,0,295.712644762091,0
25.59775800894154,35.11566211556526,40.25197216420615,0.0736961676894663,1,323.1180396290795,1
24.59417871565795,5.910668373059906,25.226566070624976,0.15557129784220236,0,235.49609539451114,0
24.70128011490472,4.659496144525816,41.737822599624415,0.13318474708249264,0,312.7697400429719,0
55.71299538088873,76.33845789648656,18.069574796476964,0.13250903765939848,0,318.2827093434684,2
25.600793283823826,5.216940141929961,67.58565350134721,0.17495935868601992,0,224.2593187649398,0
24.98584173999669,5.01327175239136,51.722797477162864,0.10708271105442921,0,304.2025673856639,0
23.96802741764414,25.93221272902874,53.30159164632864,0.04782905768072018,0,348.80111346063495,1
26.533445846987384,5.717870974407025,37.26757127477629,0.11954189064101615,1,368.6116933933937,0
23.63689719709295,4.2056635454310065,60.73148687769115,0.12231144755824643,0,270.33955916179264,0
26.664932284517658,5.027161607139119,43.25495357866326,4.187656042360817,0,273.69360379568843,3
22.320542686452296,5.953799539871879,55.7311990114901,0.08672639112654633,0,283.9094676964645,0
24.495208261238783,3.026459090006151,48.378166409657965,0.10752645230358107,0,304.27993371389124,0
23.623996885499214,4.3154638573545085,47.1140294551988,0.07878561932597435,0,293.5866842285735,0
25.838162025128096,5.048955024457234,54.47494336257248,0.12211923616372806,1,42.20245471392002,1
29.210402178627692,7.696345373658685,49.84493894370296,4.8201403834217595,0,266.2969548172813,3
25.310620667895716,4.510608887576039,32.16241323812618,0.17127678385764034,0,304.0441934711582,0
26.726535176250387,6.151675787164106,58.37606892609635,0.08164002003314727,0,392.95761084281474,0
82.19239408527703,74.43759491634404,15.99360085600517,0.19051888075691378,0,336.7300093484004,2
25.549413725466817,3.3043379766804364,46.91665270472777,0.07346405001971075,0,307.43005464685257,0
24.168062020364125,5.190162493657182,56.861725982118195,0.14606178954211063,0,333.51520596465195,0
21.545470505551528,5.732396125555085,42.5383306398946,0.06961109343380806,0,316.8761164083929,0
25.5289385142653,3.0643108944803155,39.12397178232448,0.1521937787428375,0,334.87045741974566,0
25.613186060215156,3.138873175223213,67.8268451975863,0.07591139863133048,0,290.41644565138716,0
25.56517859777917,5.891298471428596,66.38842686180911,0.1250510829242212,0,300.12036089691463,0
30.646124061259048,5.447969255142495,49.379204116136464,0.08315858435334555,0,353.13273227368927,0
24.836323977472283,6.243558559582438,56.767224939729516,0.13045976814256763,0,348.9413329997764,0
25.95335153564302,6.844884781369075,36.80704432610439,0.1141522636879401,1,318.3208894845412,0
21.147608548682953,5.828986612501025,39.3996680542639,0.15612406379872532,0,399.01445168453586,0
23.827251672123666,3.8617857158539772,56.05792097053445,0.09362239376134333,0,337.7200214659522,0
25.307851625130688,3.335767943386437,51.233787624533036,0.025372599187723152,0,228.65058709710684,0
27.08767537916741,4.075868774125448,46.81104267008091,0.13786070897065908,0,231.4938746921469,0
27.728602653784193,7.197258007570292,55.56598414073126,0.13658771055051805,1,56.88942637099463,1
24.31181454392536,5.11730933492102,38.273084098404055,0.10649428123321798,0,275.4757060307003,0
22.269251970007495,5.887309544022551,47.38145289838113,0.12313990476309243,0,293.3990279733635,0
26.184804022935396,5.235283074055923,54.95754237079931,0.058540020087833634,1,282.6727606346282,0
20.012853148164638,4.749875112235362,40.78681244814381,0.10910827081795961,0,261.3334228826112,0
25.533283625973525,5.032566850751788,38.78055618464162,0.04145251294202915,0,323.093111172148,0
25.763447980190936,3.5602456646525873,49.53432811666524,0.14858374107589462,0,411.64572486937385,0
24.6325643427394,6.197802253639709,41.60088160794781,0.06749171305359924,0,384.5875112737391,0
27.46360037200229,3.7713446752403597,61.298824075532664,0.07067402036880537,1,297.12304823600584,0
27.501570678124633,4.780765545596446,42.89009838610325,0.12602179140148,0,295.7289012131435,0
27.43058034527511,5.606974713171486,69.65397184832706,0.16805374878682416,0,305.1034000896329,0
24.59323870093755,4.719041691840217,61.13250758371778,5.994646448579149,0,323.62505679918945,3
23.514472245178204,8.019653142338043,44.820742018292194,0.10531815824412616,0,279.8866732906167,0
22.337943663774197,3.2218450159581993,34.91074593397124,0.08580905830945129,1,396.68141130213235,0
22.511719631865507,6.476314520154945,65.72259335351521,0.1638521583250241,1,311.73986552327585,0
28.654057991611257,3.885655708105451,59.39829584787043,0.09764180828444578,0,253.4585895280512,0
25.9202403742317,2.7709718126001865,39.508446589397664,0.07713271385610221,0,317.8668618483058,0
24.278793699635965,6.016311560548089,53.85164865275901,0.06243571585383814,0,360.340929065466,0
22.7417678877652,3.8744182607740894,44.643686512317366,0.10494606689387972,0,302.412812848716,0
27.6950543824193,5.05217119000171,38.08119345116111,0.1337401166586985,1,269.3873069146339,0
22.77879256306855,5.193486847595253,56.23120098319687,0.13674225965647285,0,357.5880184877449,0
27.122181248822677,5.416593842814549,26.82588026226121,0.05779595951341875,0,190.37155702835307,0
25.04014457022047,4.762136333114241,68.57697272813469,0.12448469770968752,0,284.7368626584384,0
25.280764678023253,3.7587850661280227,41.29093161154947,0.20580717870387988,0,298.81837759997455,0
22.784863593071464,3.21704454275291,55.955633817868446,0.05976835021310481,0,362.4385809279991,0
31.295732222649043,5.712645697258235,40.4894473551027,0.09128976145114323,0,255.48543062098986,0
28.19818241806251,3.935780299327144,46.31352541697348,0.12848725510285317,0,372.53833200116867,0
26.58152308543413,4.761070218772119,30.569460919133224,0.07357131588160394,0,305.74700601885047,0
22.131469182077204,5.884217170977273,54.22383900583153,4.920593358772026,0,376.7072785025582,3
26.896927874246263,4.058302373915723,34.90965755618621,0.07674682856432881,0,362.8196204502918,0
27.849028961709617,6.131165893697313,46.05151630432513,0.16133927127793388,0,248.79265376424786,0
25.286771468169952,5.636336626331899,25.41973613833697,0.04899129548573039,0,383.92978712716433,0
23.475111636122158,4.383236621076751,42.849522022031806,0.09603281262506715,0,236.24701825040952,0
23.93641231320266,5.217655561822395,46.81410572936422,0.16327254535263466,0,294.08251502081697,0
23.50324461212508,5.349944831425263,55.462331917883375,0.15421296434013695,0,368.10919938248753,0
23.809482158860906,5.422777258701191,47.84904345034803,0.10535806237704412,0,341.99306132896254,0
22.475721140423296,5.800652881112837,40.562089089784585,0.08254286914343803,1,199.4300775679996,0
26.266044792990616,4.473705657720532,60.62319585108739,0.048266816497576116,0,322.3100349647076,0
23.331834736014727,4.486987791066582,65.20605454730975,0.16540123330511636,1,309.6120938061435,0
29.13868789070833,5.688018607990061,79.55160534015513,0.1076607159318602,0,328.9070761795379,0
25.484839731678036,4.541023219751518,44.50757746706987,0.08319123223998602,1,259.7214370618253,0
28.332436812413622,3.653843176936967,46.951824232285816,0.08755505529503464,1,244.10010563345506,0
25.509546697943783,5.417904511987671,39.7642913982898,0.17299444159391353,0,321.0502324549282,0
24.828018701184924,4.786668846876218,50.91478963898836,0.13541188393362202,0,205.63415542379602,0
29.50876478807188,5.413588290402003,52.70436871948905,0.06666981871054209,0,270.90897978891405,0
19.30260673661106,5.070205058186359,31.818654588108192,0.12206532376763718,0,255.04258252170655,0
23.55160124873329,4.344160149438796,36.66558717214299,0.15578324856234105,0,319.8502811822604,0
22.35634057477043,5.545940439200643,67.77243080363604,0.18355216612771424,0,220.17645261850953,0
26.336378486022262,3.898290240068988,49.50774492651808,0.027577734880848012,0,347.2056084926661,0
21.89600532773009,4.883087198770906,48.696463657738256,0.13032129027491002,0,266.5577131188052,0
29.327511004701606,4.5493038201808105,53.36074202496957,0.05793610187216769,0,298.78074359050544,0
24.897702084038766,5.425213480261605,59.65867643563044,0.0,0,211.0048317829735,0
26.469660492298,4.632371589046858,43.54003420746078,0.23658295002203222,0,306.5331736235087,0
25.50922032205105,4.8003326733136245,38.74835482281754,0.06501669411666404,0,293.150814359661,0
26.841324291323076,3.3483464358008774,47.22076127984906,6.129071518734355,0,274.12594290342344,3
24.95402927355352,6.102153106272343,59.488623129728694,0.06250559726984947,0,212.86320891126238,0
25.702570436908463,4.269678466022831,61.86669576849397,0.09096159500610192,0,261.49718488978823,0
24.483870267028564,5.627200668600134,46.16521567383077,0.11077447482944548,0,344.734753067382,0
25.935057348036267,4.634568377400395,36.640221944863576,0.16208312709086714,0,325.023202867968,0
25.19117493183575,4.096851526485745,49.475706130084724,0.051638713264918035,0,233.12785673357953,0
22.39484737284791,4.309007187160109,40.65108473581016,0.01587655519496578,0,392.3912501565774,0
23.965085609839182,5.769428104520271,26.0522800692624,0.09587566943858453,0,325.50138908221317,0
21.3231556905034,4.58599190488074,62.42688872270892,0.018302395417911538,0,292.56455498906803,0
28.74223165023082,5.72165059772221,71.31089329210982,0.04733115668915369,0,309.4747268391758,0
26.2342184627287,5.794546017583739,55.55628603463243,0.059448911972051446,1,285.68651552556094,0
24.81605231016603,5.693559258130128,52.956569434737496,0.08934372108395361,0,319.57171724971306,0
21.48982051713973,4.437826067579271,43.377505106324726,0.03449160333783209,1,258.20332994481197,0
21.3895129145832,5.002238195184536,48.47984211942453,0.09691260703228052,0,270.0263778177723,0
25.674932774172223,6.223707890358543,49.13491092310031,0.027706062702399434,1,238.3458585859975,0
26.170342672289074,5.093039112377368,46.702610852232795,0.16233278706399623,0,306.98871906421596,0
22.940309925509602,4.101373324415373,40.166882677251586,0.0832869417612733,0,255.88604570137647,0
21.77180756617161,5.830119268665087,51.045932560655665,0.17291805916400807,0,341.8465864764011,0
42.54322922291466,5.9764406051023755,53.34889025817918,0.08105112270623978,0,246.00542817851846,1
22.349008438216813,5.136164280713029,59.41923762694393,0.1589958408831787,0,259.46939270749584,0
27.58633316387658,3.3339325149715595,68.04730613396055,0.16983259015766755,0,326.55607505854914,0
24.59899123337997,3.737078508222322,57.05429302609883,0.16081217957080307,0,272.6510113254174,0
25.749833668702653,6.018074498722824,46.48197524465316,0.10486514146809228,0,298.8221777275744,0
25.834722721744814,4.297581395882777,33.76473886160019,0.11253646365163604,0,226.6855239424782,0
27.832284763083486,6.7950589674972575,64.19302649277867,0.09888113329449136,1,268.48325983054815,0
72.0646246068454,60.10454229847711,19.594805648146497,0.0844985205133772,0,322.828092843493,2
25.38240688507827,4.647146528597181,33.59489137129345,0.040599058327524154,1,322.9121810840025,0
22.965320953473025,24.33032191431958,41.31094493871378,0.12590002674595124,1,426.8142779519718,1
24.285502739871912,4.683093003047445,36.4813443893913,0.13629062945492632,0,221.99780958626113,0
24.762838719476942,5.806843063703343,48.68394821237893,0.09550918848931565,0,235.08368631438393,0
22.42806902674111,3.9079390650745554,67.8902274090901,0.06776933469789756,0,320.128842144633,0
25.39778240478453,4.304468603853195,55.944321497319024,0.09897833853099089,1,256.18789050287904,0
79.50080487028222,127.428791082851,21.43917674198697,0.0632466311271869,1,308.16111260151246,2
25.314848278707338,5.544604939878663,57.5031557336052,0.03320575480701515,1,305.70470595468987,0
30.665079362347868,5.855427749124407,62.400282618429635,0.10334410772109107,0,293.42027909809724,0
25.96173805633729,4.947418545901358,61.135756262028096,6.45053845618105,0,304.00420732630255,3
23.777371323695853,3.0000680947225398,46.89365079857325,0.11986430113623736,0,238.27622812157725,0
26.330344233639636,5.81795878407742,59.180920315144306,0.10036349166721603,0,242.19641846750005,0
24.669344561340854,3.630382534887084,46.357131201757994,0.06423809230411061,0,242.40489938165678,0
25.032562378753898,3.536926252675677,42.39631422168177,4.319426633744113,0,352.4410609241062,3
29.718905244972646,5.930515157279422,50.17206578314218,0.11840506927235026,0,182.2288406182207,0
24.061755221111397,4.61744860443871,32.885695989564624,0.07704165260780224,1,319.00810205808756,0
27.0974490829734,5.454897743202215,47.47394012762661,0.11483253808289336,0,369.1119531811317,0
27.275385002969116,5.72896388562124,45.16981489646798,0.13819227727107164,0,358.2056761855785,0
25.065639025859603,4.630659708601314,36.31835185543058,0.06527027965043564,0,360.3972784876147,0
25.34422693389111,5.482870601255923,60.84579831830821,0.13903914318378843,0,217.07094846604315,0
25.919089883800847,5.341308397393867,61.497819126384556,0.11905058381227535,0,287.7719900598495,0
23.931137281517426,4.994294771049113,31.991811546655146,0.19804780396003716,0,325.9384022315562,0
21.77095495295722,5.549398833667251,42.74874645582265,0.048307434502226215,0,263.55818731858864,0
26.55974943825534,5.911913680225786,42.71474796323925,0.04278233090588804,1,347.9586812547662,0
27.013499271196473,5.8513319673467326,43.262479667609426,0.04104740536120891,1,47.915927872161014,1
23.017622536147744,4.968346890709811,46.53199143275051,0.08951627206702445,0,279.80101792085406,0
29.45594292907608,3.684092599304889,42.93145295510644,0.13478610234350827,0,184.55080959962106,0
28.48796003239822,5.168657495171807,53.63639643974662,0.11602977706949744,0,319.9522846771921,0
24.55547767460318,4.896522092414497,51.429332830289056,0.08096095638296236,0,239.33472697956336,0
21.942445651202362,4.357491718120794,47.27735880348148,0.09751623733475598,1,275.6863782918497,0
26.983025304045565,5.3579322781234575,36.66295340956348,0.10314172096387932,0,257.6634365253954,0
23.20550417517298,22.68630217576132,47.21130524595401,0.12973605006580344,1,292.15635088750247,1
25.780041912188736,4.128541634471096,55.75598427452059,0.0702466256274235,0,234.34257066425258,0
26.35351229878652,4.953380690186308,36.39955565675473,0.08512390418737839,0,372.4481623011585,0
24.50435638035213,3.6894874352813054,44.877664915566655,0.08968779525129009,0,337.4739761750613,0
25.05866017087274,5.185400072160228,69.00261566721392,0.09043572746741126,0,201.30136292941938,0
24.7526026674814,5.367234279322115,38.8041674617738,0.1749522740520835,1,321.7238325592086,0
26.369712158559153,4.315336467209054,63.89932648427381,0.028448106227914827,1,330.5846023748962,0
49.05023703812541,6.466945106744465,49.00642178734699,0.15125228247130507,0,337.49211117623486,1
28.12909443671446,2.8078404264542725,42.19412841896135,0.11681802824593729,0,318.31370668895033,0
26.804166875201002,4.981832367091201,47.31510140311603,0.09888689051924268,0,347.1096911458474,0
24.691909696924977,3.749899941003369,64.03448299518418,0.1673536820970044,0,298.0168633430998,0
22.12350297492638,5.69588402210372,45.54583871630227,0.09906124246625296,1,356.2317712174941,0
22.00804141905087,4.588659140609428,52.15728708557316,4.004148881029377,0,326.36239890056345,3
27.75537377455809,6.28843105953733,53.804819675179395,0.08560027260574757,0,238.823539067513,0
28.930270804127012,5.353056158966501,42.88370522898022,0.04227370761686688,0,332.33910427805733,0
26.54225513751354,5.235858081076605,44.991871352401475,0.04482213988838806,1,42.535780014997805,1
28.33448794614611,4.484502328869074,55.84759696182558,0.1096099797838929,0,321.0297159276493,0
26.144152648455126,6.164250993564979,43.79372660731276,0.06398221798258284,0,267.4556633473991,0
22.672768616318265,5.581549531814565,54.640157248082794,0.1180672237383297,1,298.8505737472203,0
25.43108716679735,4.989183029695417,52.38497621466931,0.043622374924456864,0,343.71810506648455,0
24.4981859102975,6.471808959101252,54.999520596557815,0.11689597720753168,0,400.875229027615,0
24.8707845644529,6.47596469484246,42.98984803322913,0.041073368980837605,0,296.6363195985548,0
24.911077787580854,3.9266058780796063,50.68011666709412,0.058755106591999846,0,359.83240507801247,0
24.721054367895796,4.665085708422488,52.30889922670468,0.14633522414133535,0,326.4843338157257,0
65.62588774338438,74.2370622072362,21.87450771399967,0.15744371041878227,0,314.07806649672216,2
25.79528994803086,5.467059354570886,42.07776538279694,0.029109831972290903,0,340.2193391176255,0
26.688393854182774,4.087048088378404,38.41523932381826,0.05286521043851056,0,310.6013406043232,0
25.68504679676907,5.689551183227469,49.57629469584453,0.15063442313328543,0,240.15984220102212,0
26.74303967510296,4.5311879543871365,43.12812449786705,0.1478982591947014,0,363.4035300397616,0
23.611127608093813,5.295432791253286,43.142841289801304,0.15479871624700847,0,331.4213092136334,0
25.084335643219777,4.632442068224617,43.25969208057023,0.0,0,228.64506545314762,0
25.334640167139707,4.981541189710547,45.89154828194879,0.013118999137443313,0,316.17234149875645,0
20.655533085961995,5.232080803888409,53.59028001044212,0.10594965231030092,0,265.5869276238352,0
26.56002400308578,5.703377789936934,62.37359715735833,0.140112137663376,0,314.25718250538796,0
23.602407149746455,4.779516880012129,57.37308297057481,0.12424193026346221,0,368.44620069029304,0
22.529266767493393,4.789569394084812,45.66794829703433,0.11574543210013359,0,186.6861155511919,0
25.40396205096653,3.557389209633969,60.330287484626055,0.17467858458995272,1,363.81447868720574,0
27.97177509766436,4.2395371128345065,58.836453397875516,0.12540597742335274,0,425.2334072541736,0
47.59876863724533,4.545170285199211,59.73200356128557,0.052258425781663786,1,327.07255469540894,1
24.52872249435118,4.7574609313018374,40.29201267528085,0.06494228478577027,1,364.31280408853826,0
23.650707984261977,4.541382305879271,62.26571841503084,0.06550809198789952,0,316.05743601496386,0
27.554574138724142,4.497526111803577,61.550274524446365,0.17263930668630295,1,201.20731660589854,0
26.538881152818345,4.891599101138772,44.07943918571857,0.13287752184261986,0,311.301193458581,0
24.431248317315287,5.416082371241579,34.9539818731656,0.16625215731575899,0,321.06701441570726,0
26.290151624039158,4.230688460845661,39.06458791760648,0.14765995592535958,0,264.29027648111287,0
47.381592263896,4.353004830010715,33.17902058484498,0.1020760206815907,0,299.1909512541018,1
24.62469411947193,6.798394684607592,62.12843771048857,0.07372293523442727,1,291.1660856882485,0
24.315563627854356,3.0003771152017658,50.85770756221534,0.08306886119605188,0,312.46249410217297,0
22.02129999701044,5.83355758389126,39.41373814410253,0.07403596639575637,0,258.72952126418613,0
27.889812881736503,5.148415871538295,69.72393462628082,0.09984647884876187,0,241.40617754670194,0
26.962750807400184,3.6591433608653157,46.33565172965222,0.08486349139362008,0,369.3259866074112,0
23.822867927359958,4.172428975399633,49.21106920447177,0.07458811535790676,0,410.7492950299934,0
24.120515496679154,5.384526998913728,47.46276187155554,0.13159056075314696,0,306.87018255457224,0
23.505881314122384,5.088011382159934,30.337259050957698,0.09866218320055292,0,384.9335653116747,0
24.13010982300661,5.027402169043836,46.87994828626421,0.0,0,239.83533483885714,0
25.042916348454877,31.80451831492557,55.622959663541565,0.13778809251156932,0,397.7763042754898,1
21.983405788361427,5.9263581182867515,45.05568972128169,0.12463684160980118,0,335.16057640986696,0
24.01673017282831,6.7259579717603675,35.66493111019932,0.15114627516763474,1,302.5994496626232,0
24.750496002583073,5.466981662240875,60.480553049986696,0.06938854771555206,0,256.1500648410363,0
28.116545979469326,4.654388584083009,64.81217696024386,0.09661692749490082,0,341.1951141678875,0
26.477744759251447,4.831183913916104,27.566941519869456,0.016805445791161847,0,286.85377271883556,0
22.623732720342762,3.5651371916352934,52.08888116310556,0.0553296707453371,0,317.3162898674666,0
25.442241478041122,4.24381259832865,57.61189770650915,0.11063551832731705,0,293.226858293129,0
26.422053093164028,5.913392023637042,57.02262371913546,0.07647086717883007,0,234.21822137503486,0
22.429453481208114,3.5451759865546544,73.93057807432366,0.2134157865427065,0,214.91160493896675,0
26.573610727140547,3.801403398316946,48.94067093312554,0.17328951869241824,0,265.13330219311644,0
25.111835909596135,4.826189591647157,49.72725176872084,0.10534427909599749,0,406.0014990686114,0
26.872128783173935,5.09912503326929,46.41805000356986,0.16282602176586064,0,293.4323501841942,0
25.892149201011005,4.168944111058016,64.94229159879433,0.12703951203760527,0,274.0918346552992,0
22.67992526027496,5.226748096932849,47.22428526692769,0.08860296070386363,0,336.8586375776037,0
52.10594905469433,88.21039449414141,19.83515540629189,0.07757027845653713,0,330.6549195579987,2
24.058834590582144,6.0562985079883696,44.077193039642424,7.776514428320636,0,358.7322183975394,3
24.297628469829284,4.796514132476247,44.76787467026645,0.08234184440984788,0,360.5764183329838,0
25.328287329094643,4.760836966290795,63.47090893139979,0.026317640960902902,1,289.227201705714,0
26.573525809989224,4.250780898074989,54.2951656695195,0.07427672458246559,0,310.74949051439967,0
24.22954048948515,24.045174448784547,54.14584064358097,0.0458880431524075,0,377.7090988415958,1
25.648541548865133,4.7041671965768685,55.1206899623413,0.17881843854945764,0,269.2308233497939,0
26.909459376676633,5.4260139548443025,43.43481673286388,0.15202877676591187,0,325.3672170320662,0
28.366527275605343,3.673510808778624,45.1273532489342,0.0945927357133329,0,249.2268686981785,0
48.88637547292561,3.9326814169456075,38.26134944722656,0.14399762405316313,1,346.2761655451218,1
26.580080618146972,4.573368568775924,47.341750056495975,0.08272905011092806,1,311.2628630368057,0
25.189239795569534,6.060645818149278,53.91850602957817,0.0,0,293.88300079357225,0
25.147111914177486,5.53068679069377,61.43359561200688,0.09660661044828914,0,291.6559494787613,0
24.19665938181178,4.6370229220530925,48.41273131146704,0.07370761180661778,0,343.8759073989322,0
27.041762397096438,5.463251944635141,62.1445245175451,0.017499260888095475,0,381.402860489827,0
25.688371671190257,4.282213743686591,82.80299589689118,0.1307035679492395,0,294.022614472835,0
28.065712582488327,3.302952332052212,44.194335634017804,0.08845648443360557,0,286.13392501508594,0
25.71913660050686,5.501332724414365,23.726635602834097,0.08815402179119686,0,351.382245685349,0
24.451878996956854,4.747570393172218,42.39444301324378,0.02723444612350996,0,266.92935553970955,0
26.322704089663613,4.604461079407228,41.92621227238243,0.16571159199181285,0,360.89018261760594,0
26.780041218605604,5.1363165328949965,39.652425203674106,0.1293392319619366,0,285.5883543945145,0
23.503372043667483,4.803853569247265,49.5868893689216,0.09200144871325598,0,385.8037493635886,0
24.820652544711994,5.782740910858059,68.3127045020387,0.0918554046296079,0,313.09675057967786,0
26.449494189232855,5.167058668777302,31.929129623508608,0.10428608433155466,0,266.076136170288,0
23.637505758679936,5.975123005874712,49.265285744825775,0.06945730958027152,1,255.63503602648325,0
25.54895000863898,4.904587250886189,45.81729263798356,0.01647113524298152,0,280.88973823084626,0
25.70842719147594,6.840919380203226,43.4802011835378,0.1158692967995153,0,299.23370012068614,0
24.982687905872922,4.507694175026524,38.6552608244249,0.08574639512976921,0,306.0723171072549,0
25.891648641183284,4.151878577968964,65.97878886223795,0.17806204447296672,0,412.38401082707236,0
25.8178509248436,5.896027345661181,50.213173084136265,0.04648097262483411,1,292.4588104585899,0
26.11785073327825,4.373660772255287,65.80326107001085,0.10042053133906294,0,338.23779172112813,0
24.80358344072228,6.347129767569241,54.59322599052211,0.05711015104335358,0,324.22452285879524,0
22.162459101101852,4.787507225387773,47.82475835468478,0.11994513551876863,1,292.7432585011816,0
25.97095039018538,5.8478219987732905,47.543629021997724,0.1890743182259258,0,368.36845266610084,0
26.589771103255508,4.824871951661122,47.433652881809095,0.09558664606724507,0,312.39330480723817,0
21.6346217231982,4.371535017498535,37.67479749808775,0.13120283659578436,0,319.86204497970544,0
26.10473078471561,4.869629975492724,50.46141542716034,0.13487302015837738,0,270.89625840586547,0
25.68500300112701,6.2720913815221815,57.83558079083946,0.16516724943933553,0,350.0878441408157,0
22.5871115207718,3.473749858633393,37.720992706158874,0.05089506248689732,1,307.5641062775039,0
26.58438237062547,5.090688266040815,45.11160482407735,0.12512204509515729,0,305.62555903966273,0
27.2517695545799,3.1074370879598776,47.43572276430067,0.1659348695714088,0,303.3890249153302,0
22.215812394993552,3.9158337968010732,54.565446667785814,0.12784262107613772,0,247.65607716193375,0
28.26275504868136,5.169069321971239,50.24545209449339,0.11427019474073571,0,301.03905204493185,0
25.48318051313886,31.277822357096017,51.17895591860449,0.03823902146823506,0,290.5660967096435,1
24.360317926377487,4.8161711755085035,48.88276495128742,0.12376400357491174,0,227.79649126030546,0
25.532410624777846,4.667799913645683,51.24105771672494,0.09881053427003304,0,331.10046839268466,0
69.44719139873524,81.21509311429003,18.210982000644258,0.1449943858600497,0,237.2514765564301,2
25.418444267583588,3.38572141913769,40.468156614367615,0.04286505568481977,0,185.2380754684194,0
26.70199639412132,5.449412886141301,39.01446174419232,0.1122179208986008,0,272.92807178940575,0
26.330053233443174,3.7761750621092425,52.715143155249685,0.010297198839047672,0,332.60285746617546,0
23.339847271217167,4.7251259445040885,44.91237135318238,0.18622469336771189,0,345.74496685018937,0
22.423171369909497,5.1642691559499205,45.318580674755076,0.14627990264475,1,228.00861707242697,0
23.600942483056198,5.159260632571549,59.3138638859614,0.06730542703062109,1,379.1835050673426,0
24.754288676828125,5.811624859564005,57.11182268259586,0.037566573383368655,1,323.8362642142555,0
25.25702527358288,5.6482279713073185,47.56075280295259,0.08497047154143365,0,258.75100875037833,0
22.378217120055666,5.974984434192819,47.556197495776686,0.10948454976212159,0,379.59432840663953,0
24.97757993973009,5.327487757124843,41.276312064366174,0.18802323142335348,0,310.8497182756094,0
23.279170234198926,5.488600193745358,51.77872619531835,0.09370672244124072,0,197.58473049082494,0
24.90346318959577,4.2193293619823224,41.11948881726979,0.12341241268559659,0,315.00080207935775,0
27.768406186775437,5.971769468897977,55.724294463977245,0.06811340184250034,1,287.2083243560492,0
25.79843261511614,4.995487653331013,29.564004829459066,0.12417503466330149,0,268.70621742708147,0
23.842076816879143,5.094255837371683,47.35356231559828,0.029807128130792462,0,323.5596993536369,0
23.574844147429932,4.423339059083009,56.85297358132487,0.08989908459004181,0,293.37148824411287,0
25.90397528238623,6.542919565984201,53.85978897843199,0.14892333384254863,1,242.0017942709734,0
23.811020726451368,5.226323233356688,53.98414679312567,0.03375554667222709,0,250.38089299641854,0
27.65059566844436,7.376409192759194,46.446673169687095,0.09365992141683889,1,302.39406951935104,0
27.02281601672803,5.496369756179575,58.29099337483541,0.0,0,299.6432282084747,0
79.46416069709397,71.9385374663169,26.920705604963516,0.08089171849623868,0,316.67167229030895,2
23.13590088271468,3.567424827646631,52.18796096137399,0.0657748499962977,0,265.2906465348128,0
26.177243872007445,4.997145756168304,40.26924860989611,0.16941386513727485,0,370.88633171415216,0
25.775810364321558,5.714632754028828,39.56643368262796,0.05865994499074339,0,265.6593633159592,0
25.913840928351426,3.824556252648833,43.743135762506085,0.04797171675136842,1,249.5832995182824,0
26.59584479761384,5.712900547593826,50.813048599500185,0.06610930094528243,0,312.89736664050986,0
26.936687528169863,5.257048987130499,46.21160675333867,0.059234513728006755,0,349.52058369547257,0
23.89361568399657,26.727231083744428,36.658058583020946,0.09985195595732765,0,285.0705655966924,1
25.527423923324033,29.005443909191357,38.95839072908325,0.12032156944123727,0,365.25796976079073,1
26.68490003335194,4.649880063174543,55.65733030546671,0.15054079715721985,0,302.43235659571997,0
25.940279377368782,4.909285677154882,51.30043062916625,0.05564142028841158,0,292.3554461584638,0
22.52440917272682,6.116424835492639,41.76225554742044,0.14021109314724964,1,359.1501494883968,0
22.5898528771947,4.681403830182107,53.38174608622872,0.02086320487586671,0,369.1292241663035,0
28.305636979041743,6.374767841907272,50.37183357984222,0.1647187134094547,0,310.5943456764299,0
22.82626648885719,3.2103265432471826,54.616693028013536,0.037540483139103215,1,403.0708604483393,0
26.44514978533521,5.0991132086593245,60.065449123907804,6.332221765834132,0,198.08340492323265,3
26.337528321868433,4.845848341916979,45.90836115335207,0.08504488747451149,1,216.70452283943476,0
26.18992187119103,5.962370624495984,23.878558586352025,6.400540852722657,0,317.5216076587103,3
25.9845647473398,4.522948308005505,56.67322518984337,0.1544779411846355,1,213.99636338545773,0
25.787886430157332,6.3627359615792995,49.60284251219465,0.11574411649315755,1,299.8607275355515,0
25.63133063615691,4.8219304726951835,36.139987432488454,0.11070650218444665,0,311.2728188685729,0
25.02737809376405,4.370364077646888,41.38614262779078,0.0973072005931462,0,345.05150879303,0
22.324337639034965,4.324532754972438,64.48521361041591,0.0422574661339524,1,323.9229344618067,0
26.215802532008464,5.622982113071423,39.13610161926857,0.1130306206952322,0,210.7883563522263,0
23.14455546249253,3.952141375119054,33.95880842079128,0.11847000331738526,0,291.36166546947464,0
26.62474127814285,6.049830400146583,54.00646771143602,0.13983217538562168,0,311.0902369603853,0
84.87690082226288,86.82368203441428,24.37094972105953,0.0952587195592849,0,302.4447925348274,2
27.51297537526642,4.604225450208196,45.55289851180544,0.15783849437216924,0,261.5219507387857,0
28.433794892306807,4.033672435701315,34.764045518407606,0.060815330578944275,0,292.61231189322837,0
26.780648375132433,5.915037273320773,54.27526006120888,0.055996117116592026,0,308.0272194195428,0
23.681968303013303,5.703724208068971,31.678288991410255,0.18793772697053693,0,334.6552757770553,0
26.720453951398166,3.720797809740872,64.67877277230997,0.10449930052621784,1,54.36166165699483,1
58.82195705428114,103.40687068386256,25.834011838504743,0.10531086319610014,0,194.91536760913402,2
22.483237641468047,4.898250894322844,57.208224778835934,0.13880817090125022,0,285.5402907598334,0
23.831361560348395,4.852543511501637,41.20647894305378,0.16619618370807654,0,221.2679691057211,0
26.997986681367678,4.72912852593259,28.992895639277037,0.05075792152498182,0,347.8782690013103,0
23.739580427726356,4.892989506921423,50.34928403604969,0.1007501766071094,0,259.182373204204,0
23.847867098227216,4.265587376234039,42.95064044153189,0.06860108398834958,1,285.48249825069104,0
25.535595330574626,5.89498197234,42.770107813661866,0.007843710730911418,1,59.57594064515166,1
24.860083466478997,3.486675420127148,50.97975217064091,0.07737370720213999,0,383.0469409349895,0
37.69531434689847,4.415955852701742,56.686551611583596,0.12751269029510057,0,297.8237418535384,1
26.37075427756258,5.803191914702906,60.41591918427906,0.18336351091656142,0,337.4575211929021,0
19.83296128630993,5.595709062628094,52.64251269908206,0.1513542348611783,0,289.8273959039665,0
23.75968021577021,4.400599073478335,42.050130382904165,0.09155328456387948,1,227.90847989272527,0
24.608138666267973,5.57269864209689,38.844992126206336,0.06099416091849371,0,197.55663186619734,0
23.96968459510005,4.158741897921524,57.82764689920736,0.055000737031014,0,350.19875002253957,0
27.817230802089018,6.135133005106634,44.47416491877448,0.058717968396143315,0,262.08110571447776,0
25.272282294316348,4.126066802858169,50.38675499498871,0.1631234492630641,0,244.91027159531245,0
26.561086966673944,3.520137017827854,41.24186595232592,0.14287245146674563,0,316.1830744413299,0
25.195208373786286,5.6227744629692795,38.447570086304026,0.09580945230569188,0,344.7985590235898,0
24.727673367298994,5.048491805367348,36.79417212679977,0.06184922479076466,0,328.3510369895457,0
23.46806200629674,4.876762545734871,54.867278860430275,0.1876221082779423,0,314.9681419708293,0
24.038488629952635,3.9960768497570704,58.01425275547332,0.09918945300576198,1,283.6486232136117,0
25.87657100920782,4.263031674543402,64.52808762698568,0.10625976708188767,0,293.4411831416866,0
24.267171684558285,5.344309828423329,53.40816394333178,0.13691684300158133,0,373.26529810050005,0
25.913713625377614,3.963043019253746,47.61667724319077,0.1819498981172596,0,312.96947366986916,0
26.447521423850947,3.9837321432721704,42.36115743381771,0.07334416715705436,1,277.41536698382293,0
23.03439612143807,4.13011882864674,23.907332991087316,0.1353059509529448,0,288.1305988076891,0
22.27533185205111,3.6546608826073017,44.72071396895644,0.1001671226444286,1,336.09051878283105,0
22.978485057708582,5.595437458675103,55.0511638973924,0.10686824963340255,0,237.4145554469821,0
24.875153413932914,6.404302289827988,54.93555083825458,0.06146074769986487,0,294.9265679055246,0
22.990273055729094,5.9985571543162335,30.892649069121266,0.09340830107473067,0,327.8085595446734,0
23.78979015280116,5.652291448634889,56.18523971074658,0.08752808634526163,0,400.18720081620006,0
26.52391082291489,4.730658407324354,61.14650497586462,4.6667948198771025,0,273.1855084442629,3
25.255744990821814,4.875543477157407,52.72276781210998,0.0,0,325.28321514096666,0
25.94267224839576,5.1657040639817575,57.149919620324695,0.11960606184196636,0,257.34943456951794,0
20.993312043835683,3.846959889654602,49.35279412756109,0.08754901281685634,0,299.08669754166453,0
23.24771193545864,4.699462988948024,44.78928998415064,0.12738043443139666,0,198.95740045773405,0
19.791080043099765,39.13902370007036,51.27909162117796,0.08838437390190851,0,271.74247738393757,1
55.506151001349835,80.90208699019482,21.423079767325277,0.0836667347338177,0,276.1527866020051,2
24.671519735849675,6.37924942616239,44.245061041437,0.16434359607549015,1,310.8433380646,0
21.37558805957744,5.406530984643099,53.18304839297659,0.06296860110508515,0,316.7752720617565,0
27.195586703809237,5.204863403146709,61.03042215191317,0.06263554378601091,0,349.3619828485242,0
25.107351977670355,4.7607723165068645,66.1516257149389,0.11067338522454233,0,272.7311022732527,0
25.313995981919177,4.904132732665134,64.07666134553625,0.09270329023977066,0,366.427092617468,0
27.660974898224943,4.253428791931945,58.60029822965251,0.051809864892711936,0,251.87064197413522,0
42.57979750966872,5.845245465937128,43.99312575734502,0.12890422544947558,1,347.3716324161229,1
23.557160323049267,3.9649482094472264,39.050275896067475,0.16065150475720927,0,247.05770005216033,0
26.11569964252799,3.3039978128083876,44.898330145937486,0.04210817056383581,0,294.17333294404915,0
25.577329421167725,5.10127221812304,61.837982983878774,0.06660451569482598,0,270.3936627499517,0
24.470168166637162,4.097604515359755,62.44047392118782,0.07843209315640341,0,374.237763887736,0
22.765584631667352,4.569496824333981,51.625221354311236,0.11519585446350292,0,251.31980095770172,0
23.24818769061293,5.592245216643344,54.23205572771827,0.146319377222235,0,283.7824149247363,0
26.51340513846931,5.984979076140645,56.80742043004692,0.055841405822911715,0,232.7204766890971,0
21.6674351157084,5.662573141298978,58.39110922571653,0.0325256147859868,0,279.6141228407998,0
26.717772244234993,4.955110361869214,34.758811494864034,0.05080277389442722,0,261.6219816468224,0
72.01929057249558,53.32082289677686,16.853371785449088,0.0,0,259.9725629380496,2
20.9071536643247,3.753789164387923,64.0143185525117,0.17139181664904324,0,316.1350818037832,0
22.4914869530788,4.871212324096154,47.64270530714201,0.015617458121268454,1,262.08687029908856,0
21.709067290018027,4.954809017967486,46.5642677527391,0.07456815258032316,0,259.24166645199,0
27.19178156241647,5.902321751500951,57.893347729815176,0.10559194325347909,0,220.07132190481616,0
26.46379413502158,4.649445714987514,44.65960027184534,0.08064584767892899,0,283.9601069256978,0
21.191814415168675,25.708994361196435,63.3012776730114,0.010219243126576252,0,306.4314034905738,1
63.11845773211327,60.48657564175727,19.791636322929808,0.04202286530424263,0,214.46410915108635,2
27.82905187885751,3.796181553191756,48.536338235022335,0.09958745152997618,0,283.27068757160197,0
27.640070115076774,4.533840944309445,43.25200116528334,0.06139217008114985,0,280.64318209916104,0
23.99948958363249,6.954695283717246,52.923131803016226,0.04612807904847325,1,261.16010386991746,0
25.97265457081796,4.080334650302379,40.67886152211953,0.05237853808642162,0,296.935418917816,0
23.845491888411257,3.3471697792152693,74.17882578036485,0.11556518029935596,1,300.65516291391486,0
25.998169026183188,3.1428074345555985,55.11169674206725,0.05935446069638911,0,258.6629427073673,0
27.202655623267393,4.9007246123962105,57.744900968270564,0.11999294421854374,1,352.962241699776,0
26.746010238628187,5.9305889865580275,50.35891390036794,0.013171613293403536,1,35.95458616004963,1
23.212955750013318,4.359344273720667,48.03448317896134,0.07375751740754037,0,280.95435315461054,0
25.063941935075622,3.925361177609976,41.24596051017375,0.1885204914021867,1,369.8228624668602,0
25.8605060332112,5.311866915845475,46.85357824136454,0.14502915013089396,1,255.60715498987744,0
27.861216870372164,6.849339318945622,44.27299202823501,0.15388200914681427,0,277.0813257623879,0
82.23652292438608,64.6060691060693,19.50504906284791,0.09657039953838738,0,275.80036654042914,2
22.65598700916608,3.6565967191926623,53.273319312514744,0.10342650495579865,0,344.4629945722231,0
21.511484638622036,5.537215637609962,41.62269765787572,0.12831611320841704,0,293.93204959919177,0
27.755031466649175,4.14063064494981,54.17836428513927,0.1235530008929597,0,235.83741892008788,0
20.54470775498534,3.4376741308077987,40.780119636735854,0.06225815579547336,0,278.25782155769554,0
26.8616201542851,4.208061520129001,50.15578296930405,0.12501217635095385,0,286.76626232743325,0
23.607312830905233,6.398021291372694,47.57834635444635,0.10292658662280878,0,339.7925075891566,0
24.506662866690835,3.5499098919805503,48.20066454193006,0.13558705818883615,0,309.4493322871824,0
20.786244219701736,3.6473390048987557,69.73536895935109,0.12422951138424562,0,374.17352803581406,0
26.022349645420935,3.771256237144656,42.642844602328154,0.1225028063179488,1,324.9161793735432,0
66.77491356459457,61.963577672675015,16.79131272204181,0.08230395562572881,0,248.61472668917497,2
25.560115280185805,5.707843227611056,52.50716759908143,0.12533799537069124,0,304.2902594308362,0
21.297792652152598,3.602298511677798,40.45326808762017,0.0348381562975732,1,327.3535371926076,0
29.044913610039963,4.71845564716653,40.357576502919606,7.0900862730186756,0,242.53547581157085,3
22.194350433787417,4.324290897726858,55.65235832798015,4.239616878671201,0,332.52202134532865,3
23.400154276684102,4.810060458627875,55.77038396498483,0.08962496913678591,0,291.100715885464,0
26.96901814507347,4.560385177440961,49.274237736892054,0.15175263518619936,1,403.4968432178272,0
23.555371287203855,4.510481873877445,43.29473008287911,0.06507658069060493,0,326.8462071360498,0
25.419278434299414,5.474801617339768,40.88793801377689,0.09699725708493412,1,312.35894083925183,0
23.256042470784294,4.0073872995192925,66.66691615277885,0.11103597165555991,0,365.26198394669507,0
25.074837735858864,5.220410715590702,45.41150345260959,0.11966858455791529,1,343.5709826809908,0
43.58132825105768,4.4449303775297935,71.52486577594362,0.08501956508113051,0,260.48184502971145,1
27.9742782958767,5.15771535411377,44.739881717597605,0.09964842034447964,1,341.29585661391405,0
26.636159306227608,4.691077112252091,43.54058263510708,0.1526502628239553,1,252.77446235638564,0
25.94879121089421,4.8675958872232306,45.51888774086616,0.12631926446540237,0,363.8673540596848,0
24.679735428700837,3.793607836549271,58.22041820914539,0.016760826019701497,0,310.3859632428052,0
19.506994294619112,3.887968391264856,55.32119279269703,0.0678345100029435,0,270.93848660852274,0
26.12011106886498,32.189780544956236,54.66764342940953,0.140034064368513,0,240.43154550975387,1
25.674093549273397,4.065641814965512,39.46684473916043,0.1191145220302441,0,307.92639704178276,0
24.362577666123215,4.916440490151307,62.156013494830276,0.11344375061173842,0,276.0074569076712,0
28.073033728563402,4.154904684806607,49.688328960336364,0.14587305056655547,1,247.18884942128963,0
25.11138090847843,6.139489550050182,50.58245831893833,0.18213436996002202,0,312.6124948105921,0
21.456992281957145,5.379047449640207,43.51992014816822,0.056218441943711395,0,323.19822485216304,0
25.873207918479903,5.192109764105633,37.76492037084847,0.17942448503860536,0,205.97890130610455,0
25.823979481142796,35.3938487856321,39.24787681217818,0.1597031907866382,0,314.5947698490103,1
23.00388897095624,4.948439527157347,49.4103767934485,0.01932125397407994,1,299.050274237358,0
27.829138744159607,5.678615245550376,57.29418546774293,0.029114475290364095,0,320.0270089304523,0
25.244145587440865,4.802768195018496,49.0919395235965,0.07885002744122999,1,332.7109153014386,0
26.54139930368322,5.845633839282622,36.557990568598385,0.2181329131018439,0,298.7710565612064,0
25.58500572760912,5.018543913838364,38.99332441058343,0.06687151457453572,0,256.9317315020491,0
25.101111503167633,4.66525056147914,63.140170071310834,0.18844959984866758,0,251.6582893633984,0
22.97395167983693,4.528382058431468,51.29832403942643,0.15098373013694902,1,301.6165584981174,0
25.62493282145467,4.688829108950687,41.43529974163471,0.10255273768953985,0,286.6495817481282,0
23.435106289801503,5.095482304546184,65.62497743551054,0.15218609793244622,1,307.56524687067775,0
26.810179218741503,4.443752248884797,61.967205157701805,0.012961870749519933,0,377.1914415260693,0
23.12798960170852,6.047913798629823,34.91272529302681,0.03216283854965524,1,279.81150499705967,0
78.54939951328652,72.59224885072176,24.30338252705712,0.10120830693626183,0,310.79848548628473,2
23.28647915595174,6.562354420416929,46.85264326689628,0.07804904140718343,0,226.95762875802697,0
23.367415667841573,3.8960864668363397,52.83472507255605,0.0944906403203927,0,313.9785996836653,0
18.606194431184903,3.9585106445850866,61.370922384900155,0.03281608413183747,0,293.9474561020637,0
27.47852891717885,4.223836337402307,45.48133104810026,0.03284094526803304,0,323.5484581304204,0
21.1616680942089,4.086742850036285,68.65885825501036,0.25648669053221235,0,301.0057829230492,0
24.624099488955913,4.189487476867818,51.63324654741101,0.028429563367389374,0,228.87991544183762,0
25.812870796305848,3.288356802456768,31.231375418916784,0.138287815128095,0,261.8128547676551,0
27.310749437573357,6.397312975246931,58.01725001696708,0.11028914557405378,0,307.78070443693343,0
24.394802525910528,4.399547593085469,44.62126015729859,0.019903455062346503,0,332.0356897766088,0
20.895942078766822,5.38852218494913,37.62124628167453,0.06220273595846248,0,357.77491828984597,0
26.336934578780934,6.540339829252742,56.901563718592236,0.020751593152043363,0,225.77229297540407,0
25.915687815177073,4.373867035649367,43.34752223531481,0.04604819844270193,0,217.85457456840766,0
49.91088086419266,5.23142628983469,44.646648476538076,0.17907859249039448,1,362.2597660071152,1
22.63612826022551,4.286229725414239,55.24398505700865,0.09409195664757838,0,316.8753189743173,0
25.05222250095528,6.645476537652676,46.10195815566264,0.06774328263320764,0,214.456549745669,0
25.267200884709098,3.215225430867968,53.94133238852177,0.16792238054913855,0,326.51680594902564,0
26.698458289798793,4.270292121324807,39.42277023584414,0.10131207105167479,0,306.2553225865577,0
28.9193830011883,3.907361165357682,36.19876120265272,0.13074543236707697,0,288.79734160184563,0
22.799396211162748,3.027478268726002,49.88954950759706,0.011641599898593341,0,201.8817758973281,0
27.368171876637525,6.234833967013975,62.29233955682836,0.0788734345258,1,286.5594694128714,0
22.38423276025831,5.120416902158542,58.65092532004866,0.06137169256732126,0,297.3604652891721,0
26.340879815603877,5.112446764074034,47.48755393895479,0.05853609007570743,0,242.30700492765254,0
26.80514612048997,4.47660097063089,40.64139875677973,0.10918429202389116,0,342.768854051298,0
25.593762992199416,5.4948260207117805,44.80632288917638,0.15666882861592463,1,356.41328490894773,0
26.828034641131822,5.347078717702448,49.46746819251034,0.10931705174081845,1,295.93806761825977,0
25.159582714404813,3.9021798417542026,54.41662511554407,0.15112614077997036,0,292.8056991891076,0
27.636216261213516,5.30033125324701,46.29704453636529,0.07893074590182707,0,317.09466307363937,0
25.482739134626573,5.555069839527698,50.761587496244495,0.12325714086495773,0,383.27594860356845,0
23.949188952554003,4.253651252643103,56.301915470526794,0.08930770799577356,0,363.3536501723013,0
58.61091300378159,123.95054539895948,21.774783895489474,0.06737527834643742,0,309.75808515493395,2
21.844053006482245,5.101704607938448,35.61235560320161,0.05771729864404038,0,305.3402966138823,0
19.746820550972096,5.674675929880138,60.08448757990754,0.1372730222199979,0,385.5743902426241,0
23.760905775325856,6.063200153458073,51.58723583551441,0.23272534931256628,0,266.3329930588379,0
24.450679738086993,6.187589473830907,44.60163669063617,0.183850634193247,0,246.319037414432,0
57.69283936523542,97.79616103068813,3.9439069478076725,0.08399357743680143,0,287.3450312600721,2
24.1402367271287,3.6657618522648567,41.31445561656179,0.11218749617945431,1,289.73836774824775,0
28.244035246128824,4.392695781852838,41.345696694801575,0.09982592761462666,1,335.60958890003826,0
23.06658055693538,6.934091970284854,52.781053444910114,0.19358739296199398,0,286.69522284836205,0
26.39580147915284,5.530529284833033,30.116323994348424,0.0,0,340.74091874957554,0
23.21099238029763,2.407191546130226,55.17018256464193,0.12596367487499394,1,334.0063587530942,0
26.61265034969771,5.327590696675622,52.640793335067414,0.06978039391036196,0,334.9083134214285,0
27.705912245118753,5.043845472752134,47.8620443470249,0.09723805527411673,0,240.32034472769556,0
24.267411448619747,4.4376449822763755,64.05327431020922,0.18191432722111892,1,222.45137172913869,0
22.01210779653641,4.1463085270202376,46.5605802250473,0.1740239640825707,1,294.46324168356006,0
24.905143078719377,7.367205448350442,53.6801500252083,0.12880166492479156,0,265.721409073159,0
28.629609305044962,5.8677984994352395,52.08696304083672,0.12563358830309423,1,308.9143244756799,0
26.96728995420925,4.68877962139399,57.43476594911443,5.763196137894862,0,265.3648299865753,3
23.434547013931645,4.206835866466621,32.13910135817505,0.12057375523865498,1,365.2222637553492,0
22.51511184705216,5.132046782862508,55.538830154001744,0.13311084293708547,0,274.1644974306268,0
23.6757076961611,3.5671613038486223,54.305134795288176,0.03708536897379447,0,218.85575331185515,0
23.524025853769597,3.2675826474734677,44.51621283480941,0.06810449770600993,0,240.22317086215807,0
49.62750883524491,74.55560834470742,13.527487496438058,0.11139763690056739,0,417.17477875383764,2
26.504213144705396,5.7498341402913145,43.02303300148044,0.037888249910255634,0,350.20324051381886,0
71.74800108547466,94.51223543046827,25.493171166328626,0.12543806480641334,0,374.4140595269756,2
24.897756192527837,5.20746202938212,44.301589999250474,0.10090007952951931,0,373.1723154878687,0
24.809868128272733,6.552278057607541,48.641158539333084,0.1438012169009551,1,218.32932944338447,0
28.664892084421737,4.795725260432937,60.54285418689905,0.08186289292126793,0,165.49335790894602,0
20.294748859891396,4.840009679625618,51.33767347070992,0.1428113222298626,1,248.49530785631134,0
26.33959536506369,3.440401865463793,46.929041096610916,0.006803279796970457,0,317.504550405253,0
25.30769064335597,5.321478335307588,61.62722919654378,0.015941832094833824,1,270.95779007741373,0
24.300265362612816,4.984653404498402,38.99062152944718,0.14265602643330086,0,362.9667599159695,0
26.605121343709573,6.373633271845181,37.904592723003745,0.12605645520598055,0,354.3298095533098,0
23.902965575576562,4.266090259322701,58.16352727550927,0.030704065825435237,0,277.70885802432815,0
24.927922450011277,4.757057223347695,62.77262127350615,0.047914833225797294,1,267.12714670596574,0
23.499572361242414,4.5699141512498525,29.45713426562904,0.04967146369323999,0,367.2432810682327,0
26.698112202484815,5.663765471982918,44.24821045002354,0.08002069133044867,0,273.32161497860073,0
22.526409502843688,4.307428413301162,56.85083186450444,0.12923868153137036,0,351.4574050616242,0
54.498891078965556,5.543423609287624,45.86143813140057,0.08253170200584399,0,282.88251716407484,1
60.87649761537476,99.60018687289029,18.982641007013562,0.18351973653715575,1,319.7992871384381,2
43.24623987156931,6.713253570356002,55.52806470526886,0.11153515830128413,0,305.44318553635145,1
25.467506562783953,3.6359795113331357,60.461104775328344,0.0,1,273.34915528930856,0
24.967480155299448,3.2259699732596108,58.238006032644506,0.09180877303697872,0,375.7615587482512,0
71.99423400416,73.94871466560181,17.117437640218043,0.10479930284090297,0,277.45030664766404,2
24.43520735940416,5.044129915392869,73.18742267071903,0.08373043224950633,0,308.36878519190265,0
43.23279613455383,5.141976997604639,74.86810491672364,0.05023106569317436,0,332.89767797157305,1
22.769830445339156,5.473258757120292,50.38412762868915,0.11130948299728143,0,257.6894590772848,0
21.16354582273333,5.327653785272601,50.603729013390236,0.09343336701715406,1,198.9198748270864,0
25.768256796735017,4.826735875895652,55.61116895811993,0.19999142977673112,0,316.2311937125138,0
22.949948873409795,5.426300914447563,54.61485852663511,0.18838060968646395,0,279.98710887487,0
27.567202135174647,4.524876839021219,49.85692938898729,0.04204946516617504,0,282.8083664179083,0
28.07417297286882,2.31222599855886,37.31123955137425,0.219334461957729,1,305.2876089341225,0
24.140814108686993,7.624380900465347,48.91136181399197,0.06981245003825734,0,262.2997889675677,0
67.82496238513367,104.13246816729898,12.669559471853262,0.1415959608289106,0,405.0690686800521,2
23.312950998054376,3.99040175740842,54.122137951478706,0.09105119889806873,1,391.29394287208686,0
28.72572604420759,5.163240719790474,45.15377568030374,0.15160235006852113,1,221.01986045387002,0
25.23987220435742,4.490852065436815,36.044508052998566,0.11527709706305875,0,376.22998868597176,0
25.625480670941656,4.8596616228874225,40.30987871417056,0.043009592000317,0,357.6692162638068,0
23.949698694480738,4.098155431464713,64.71669413023247,0.1031356904491458,1,298.8979034805932,0
24.987023114674255,6.495152426224971,58.276188943075454,0.03928757640033684,0,280.32878646668166,0
24.838888698159938,7.157515217436302,41.784266956549246,0.13548076093643116,1,277.21836798935954,0
23.15632820476866,6.536810642341479,55.91771373366888,0.051678445504446634,0,335.2771406128124,0
27.110145075654643,5.8197837246405495,52.383172072583704,0.12340658664337432,0,333.3350909796566,0
26.977808564680085,3.1171363965926773,59.56575808725981,0.10125355941577947,0,341.38148215428504,0
27.797183199359495,4.578468586319268,60.678024979057035,7.775442563764447,0,289.76491746248274,3
85.55975210934969,105.18360058563596,11.760213255767688,0.04435729441958075,1,259.33398857365626,2
23.245946092278732,4.8405723533674685,44.69074302840909,0.12629772915739698,0,319.4910952374252,0
25.365526499051192,4.846210006973866,43.70135882820134,0.16570386200271914,1,326.9693782048189,0
25.911629625036493,4.405288513245605,54.77389930654264,0.012159507727148675,0,266.97205572167724,0
23.075520513275826,5.098853451322803,33.90581747359985,0.14574763794541257,0,333.2864919256057,0
26.803033028563267,4.240727850395508,36.58796307097674,0.09596323394790618,0,260.9111697785049,0
26.978792730279903,4.039227505341597,61.98585180175399,0.0899235324998426,0,210.32244618098656,0
26.47351191523446,6.491276863606487,51.9048186908317,0.16866144317713452,0,288.3613806942228,0
23.270996110985788,3.582757108664899,48.712407368357304,0.09550753046267746,1,379.5492163948579,0
27.776593049601033,4.050366881144325,74.28820210072347,0.087560637266686,0,275.04973910419574,0
26.783128713803755,6.571768120749972,46.48788928424265,0.04518703628688229,0,240.34462009081162,0
22.889000504463393,4.911353712160864,42.40778832768254,0.08600814606454017,0,255.65674321840493,0
23.858102205361625,5.283710687381996,58.252551697416045,0.02523287052126999,0,307.8688183035199,0
27.3670040470839,5.391008385196253,40.58493319797567,0.1278210659411811,0,407.77594500974885,0
26.60095961670132,5.179778977378684,43.25744118336511,0.06136237344475252,0,328.65540697176885,0
26.595466487819458,2.5736736038340933,41.924186764669244,0.1704654001187565,0,365.2062193163999,0
27.40630244611693,6.247074751608626,60.1367670519534,0.19570509037568662,0,310.37111815208146,0
26.118302867356473,5.38211992577865,44.134873371554136,0.13825949643823238,1,221.74117102114002,0
23.838442122221768,6.061812031451639,47.87764695136018,0.12347035371684244,0,270.07192853960436,0
24.85853901181189,4.215697616085281,51.272914825483795,0.10754043843125109,0,378.82613318479474,0
27.694632147622833,4.672095137729659,44.05194232710117,3.8751683810871818,0,225.55685255076753,3
22.433475652651993,4.749716263654366,26.34018852267994,0.12458828906558472,1,272.160301074131,0
23.956683040237415,4.651255169531071,53.672740929322735,0.10962290747651471,0,322.5895377829079,0
28.097789216544165,3.9878164188734413,57.53774711356429,0.0443447131152778,0,358.77130311734044,0
26.473952266936475,3.8428717862060546,54.46504341992381,0.17293054203600455,0,264.5024049756718,0
21.814524483051855,5.189285118127486,46.43577832193188,0.05270832218725818,0,365.2357539806182,0
24.625157473406944,4.117767863853239,54.04309344233158,0.14500204075074072,0,322.78498617911873,0
26.75312139338262,6.87120945149351,45.42708985042559,0.10979270027589134,0,236.5379841843352,0
73.54499514719062,60.67659224420677,18.464402109123515,0.07239584567729151,0,282.5786457326057,2
25.033356086930535,3.4603798737876628,39.487026548267366,0.06699977319902913,0,265.7739089785133,0
25.72324255324848,3.226052317685232,48.39318450203004,0.15727885121184734,1,278.37865044396057,0
26.340604709347357,3.6744537425649577,59.070110131446675,0.12339485980274888,1,318.20159184382277,0
24.951709105697606,5.006730350341931,54.89928607066819,0.19994854599744438,0,325.04353718067523,0
25.372222913051267,7.111123401140718,44.939497780566064,0.1640972011345278,0,450.88769738743684,0
24.999405627135868,6.177998446812504,49.83953252048863,0.059216187167285134,0,385.66697771372674,0
26.93819369205351,4.707246659129198,51.51118879320931,0.10415306287052942,0,316.7418837391937,0
25.832566507911594,5.380708666305921,62.33135096814813,0.10283013807090875,0,267.5916442520468,0
28.387883407362235,5.19062804868205,33.93977786527245,0.13714738181135677,0,372.12167312882127,0
23.895437005626984,5.199354984424882,62.90522236871201,0.06910689105548468,0,306.9474300842136,0
25.904036849645774,26.42127734880766,49.191098528118054,0.031111160380133618,0,271.64551938052387,1
27.201873169946463,3.9259295674433314,44.571922160899014,0.10960032290438124,0,340.17924026274017,0
25.256825790219796,5.123517462365831,24.561986993850002,0.13782573015757396,1,331.19874912312827,0
22.198828723891793,4.987142647410119,45.183839586453644,0.11700602202638796,0,373.1119493287579,0
26.954360957162187,4.186082661151289,56.18875516494891,0.11392961674185079,1,265.70235372503663,0
29.149172093566968,6.290254383246863,44.160800776321295,0.1024572905711738,0,328.1070131938919,0
24.63407492186464,4.4150955597171215,40.74216764133548,0.0,0,336.7419715103753,0
23.31515656386411,4.5568474147213545,47.9305985533661,0.1648168485566836,0,411.93605479500104,0
27.76116921810116,5.909096385098303,64.39312176477542,0.12023059993580203,0,214.83735013925678,0
22.02358586295986,6.94235377765877,53.841827792785125,0.08969889994464403,0,299.5293418819818,0
25.252358319346943,4.1131327155731485,38.259585547982624,0.09231156648205567,0,251.6942861525893,0
22.675393405035283,5.520984432489541,50.3347390034278,0.14333031308070032,0,303.46634524502736,0
23.91946750156015,25.597329872933212,47.95724989278976,0.1150237097233975,0,342.0911583519894,1
44.420796915345264,5.1754882871995775,30.397163671517404,0.16205947939248708,0,246.6287316273408,1
25.74898460622849,5.7771764057656725,55.13408120987509,0.14219718959086475,0,259.08953459370707,0
23.485530354361146,5.588297127659802,49.95912901498057,0.06713770404239322,0,267.02084537958945,0
25.64442666725547,4.734931210996762,39.84567187365364,0.16554284315045326,0,304.1259552103991,0
24.702392900387515,5.212264712005025,67.05963405769536,0.15286931676039583,0,299.05798496637635,0
25.576004187746523,6.0026058602262555,46.279997958895386,0.020845979266774076,0,282.336801280834,0
22.982167723768768,5.840631605899393,39.517725036567334,0.05988677398804489,0,337.18781990166553,0
23.13423095738107,4.226897640245483,67.70225259991233,0.16162898643478396,0,305.9606658878451,0
26.991441458410197,4.832318735167873,44.65408231160417,0.04238553040069401,0,267.99813340841956,0
24.863850519932566,5.130719711711448,36.96393157930335,0.1163168830657137,0,301.68702019692745,0
22.781643137746986,5.645595983083851,52.29025082496864,0.05586815227715676,1,231.44332946568852,0
29.187581670580556,4.0101313070846984,74.78969543399414,0.12139774610398217,0,268.22793551636977,0
27.456810155210864,2.9263011978106936,45.771849924436715,0.024063258180491306,0,336.9027706036503,0
23.376800770284223,6.133149536768903,50.658226799548046,0.09904683010732225,0,360.36441557376105,0
23.91839879020812,6.573697583272285,41.020989920071514,0.11081724006689588,0,225.63876462210675,0
22.731637980400556,4.950760480159369,53.49726764148568,0.15294659155997092,0,373.80182546968376,0
23.36441884464989,6.146527315495463,54.562434684535766,0.1633538764163427,0,366.19559259067466,0
40.579141829921035,6.960823163499,55.83052318835872,0.12169809889824465,0,274.1656950599532,1
43.6084999553824,6.12064383772712,36.556865368630525,0.1301130316356753,0,282.1216938620614,1
26.970159103946166,5.077141756315196,45.27853666027552,0.06805556172178139,0,200.8548116687565,0
24.92431582466533,6.5724180882648415,32.055874032702164,0.1251826892132583,0,347.9983171899536,0
26.45965286909132,6.551779919298436,40.83357980578094,0.13581827822325876,0,273.897971182734,0
24.745007129218262,6.535787833561313,46.150433134934126,0.026322712606095144,0,244.86012572531658,0
23.71811710147145,4.737314215995356,51.645830950760775,0.10572728503971626,1,298.80700852999115,0
23.450554710032574,5.156317416622961,59.409583731916754,0.10178758066417377,0,291.7098586568041,0
25.989345531132933,5.401624711693345,58.62268430602583,0.11435694498686903,1,342.2682614349666,0
23.71598211150132,5.48785987965098,40.43718152523613,0.12019480288920129,1,241.46178266536978,0
24.293545082991475,6.55164052817635,48.283469560726815,0.11547797423793318,0,201.63468387387024,0
25.06355697818649,3.7720723535617298,32.40694135282609,0.01960689132369356,0,349.72360066374716,0
39.696799268994965,4.5515499090302365,44.65924800652796,0.07910038831834153,0,308.04444772453996,1
22.231084092394966,3.276841303807852,39.179524015967715,0.21119653620950704,0,365.20282894085324,0
26.296429963177072,6.643234885874976,44.88941107501208,0.07685263998205832,0,175.9760145044655,0
23.83011214005156,6.45197253273099,33.71707000811526,0.0380809097792222,0,268.172223387655,0
24.753933217301547,4.972324406661031,27.907803807964196,0.10941385639728574,0,287.93473511803035,0
51.47285116394926,4.870741149939094,53.09830204356033,0.11867013250570337,0,225.14964466357583,1
26.949120162026453,5.50716488371715,49.186644235582534,0.024994788145657684,0,278.04520798502625,0
25.68510810675755,3.6154547831565216,57.45000740264612,0.03844163289740036,0,307.40105926593475,0
26.958525256028906,5.958593140345342,70.77931641604832,0.10909405026195265,0,280.4969375095029,0
21.12642504740894,4.129128513805402,40.697023162939836,0.06111197045040011,1,36.61306762520579,1
66.09458740876558,66.65231306890847,14.38705208468547,0.14393300603164566,0,274.8140602332847,2
25.7803208561011,4.296792124548343,58.06811794219528,0.03887871104548216,1,46.60781406686881,1
42.73743150186189,5.490648043740319,52.00863554560914,0.09128959268290607,1,327.5848342814815,1
27.776474248095457,4.6338351499938595,42.9770374408122,0.09243073806271003,0,260.73653773454544,0
24.6909505401345,5.503365670551561,46.22987041606005,0.14251677764902204,0,278.6520581785816,0
27.092190830062297,4.912105641950067,49.00173887351545,0.08848346076348466,1,378.9435253667945,0
26.409620034536566,5.084499773727646,62.251760210269076,0.12025544247110535,0,350.4130060427386,0
23.69260515558479,5.787414255266505,31.434663421219724,0.16011004104735205,0,235.05188177004487,0
19.30262893837249,5.473855939826798,33.5693457308532,0.07415402568215121,0,341.8934193736608,0
27.659883410319395,5.698840176137316,49.58377184774443,0.146725327151355,1,57.008364467526924,1
28.57356167181504,4.346541426669694,36.82966306285775,0.1154975489422211,0,298.9549467066462,0
26.57472922360727,4.99116869126535,50.60601450198293,0.20175169019143743,0,288.1433746384023,0
48.66601262380871,5.9652640005860595,53.45181909032462,0.1368008621291651,0,294.8820566249413,1
22.425879422606666,5.002219471810057,49.03717890488035,0.09639569762714909,0,346.8782006879114,0
23.23698007065096,6.102432641617219,40.38844964737381,0.06981101020134244,1,266.00938234617274,0
23.299200564300055,4.71763354287501,46.01903416013449,0.050834147345656715,0,310.82242547467206,0
24.56967825360995,4.849708321479313,60.16030393604511,0.11368247262705071,0,242.45575896307275,0
28.769209437329113,3.484670778605501,48.93892051898182,0.1139752794605651,0,290.3789918860095,0
22.871771691712695,4.958197066746812,34.63418983313207,0.11607422829250298,1,297.2270207334573,0
22.535421884913735,5.3131514454163815,64.14075795442187,0.1137874682800196,0,272.20636122298527,0
24.839636857139514,28.925950059618184,47.94041960645133,0.18107262540760174,0,305.017772304338,1
25.02862764264043,6.286030938116497,28.714336293044866,0.0,0,319.47391609426745,0
29.56211484727843,5.027496366595539,53.065462765213994,0.08662818921060919,0,190.73280392395685,0
24.470793845022193,5.728145978036128,42.05580996519831,0.09727097591827091,0,302.49048731823234,0
27.406121018891167,5.404813353695017,48.46502863155244,0.09382524480586636,0,337.21033622911546,0
25.344939864377334,4.656789841004588,50.938871530077904,0.1421344834735466,0,310.07862968560937,0
22.799647590832684,4.183542856153709,33.930989862192426,0.10169993496699017,0,242.19054874555687,0
28.37586748011822,4.488731633717183,52.833980424874234,0.12993557200075345,0,372.5867989384505,0
25.336142877954522,29.44539538867699,15.519570857619087,0.028320009124169543,0,299.1286177000805,1
22.110582130032448,3.1456315630309226,34.590889654239,0.143122978534163,0,429.92723644881676,0
24.87509554441771,5.994204266104261,51.753954115225255,0.0007795491199996257,0,376.63197338247693,0
24.891400472274206,5.575491029145169,47.68007826348753,0.09525429658698403,0,353.8145642656503,0
26.62764586404707,5.278618861861901,39.4823245248752,0.08148832027620699,0,247.3957866382633,0
23.565047745865613,5.194533832396063,52.358304122725784,0.05746653931404481,0,254.0735554682487,0
24.16703147272028,4.2875695955657465,54.3023379769842,0.17062241133436623,1,359.28096581695786,0
93.12571126970158,101.16723760492712,26.12391992254618,0.16666158124723052,1,299.52707610385414,2
45.41953260645501,5.547267016312372,53.25664720910789,0.167896873066283,0,287.9771637545718,1
27.06362937236658,4.7939776329066195,52.12683263053716,0.10322420345355425,0,252.55613576827147,0
27.267591040443342,4.546673087429162,44.652092461689406,0.15649691266118843,0,268.7429720881563,0
23.51494098946091,4.473327513549016,50.04835749315257,6.797088249765535,1,293.4148851553426,3
26.66598134152694,3.251701639218366,63.155344233889195,0.19498749764234774,0,273.4028812291862,0
25.512803335374045,5.598409770438122,46.707910564941926,0.013775809065995778,1,345.27299038495636,0
23.92168180300878,3.509846553616293,56.46919925355492,0.08051093629789965,0,337.4280348661448,0
24.862255554743214,5.192840822240435,53.896881822345335,0.11598407134343208,0,328.5590275552007,0
21.76503847966987,4.434371563051556,47.6786520142331,0.05108290338482301,0,204.59460716170372,0
76.75395581586952,74.49816559641376,22.03431963607347,0.09703804203252604,0,314.2993049916213,2
22.64109358452331,5.413674070339806,62.98511859724213,0.10948831298995847,0,264.1379586684025,0
26.193530316933224,4.213796020731667,46.37603610170363,0.09656785847339637,0,337.87384550767905,0
25.620233682282212,6.290541661922269,61.16865380184032,0.11387402661720222,0,329.76903165981565,0
24.46374020690328,4.581715687207572,59.291577239022565,0.10641905500986513,0,321.4711030159569,0
23.081546050834127,4.150416109471501,44.70514442834709,0.09847466668796713,0,233.59857214842697,0
25.13468075365375,5.913199614909081,40.679209420984435,0.12791641976720497,0,240.90948544433587,0
26.238312244834333,3.9067100344932464,56.41849485552315,0.185326223610575,0,347.2884343121865,0
25.449437489111844,5.1840465787187,49.924167537777215,0.09867290568941194,0,271.72856631359554,0
22.369191564732386,5.0354273425816,61.07889061555301,0.03556007429644577,0,369.9248216401663,0
23.845511943159,5.916395784827443,53.226965628614856,0.10142176253101681,0,394.06220001757026,0
26.131232088757397,4.790596931505922,49.01093313229647,0.06433708658415428,1,272.57854379406666,0
24.11530180989731,5.85482532977108,45.45953992395022,0.1264687511021892,0,263.54104739116707,0
27.254370150687038,5.142703075861985,47.17685375498492,0.10146408199283528,0,310.8645254862338,0
27.94553885776383,3.7407927026676355,56.58183840778505,0.1171542520580943,1,318.8901296931818,0
26.838387873324205,6.914364048430928,44.64596296843822,0.0439982971265469,0,333.0758310638824,0
25.34247994925713,4.874812529844766,60.21854882906065,0.07043228243007818,0,262.6558247234385,0
26.411601322744072,4.333586289338582,55.484544952248726,0.049267710665281475,0,298.7943078414291,0
26.109920252507845,5.696481309841434,49.88621922266968,0.06732474384566342,1,274.7475369844928,0
25.3439649891249,31.186562382944306,30.944601123318428,0.12611425221793396,0,253.00824135860003,1
22.197756493331106,4.529969137725861,61.70515927551672,0.14110560822130755,0,248.3140787033265,0
24.85624030332741,5.495229803443506,59.99972830642933,0.11723722890954774,0,296.0279332047059,0
24.34993144993123,5.013530658450043,60.254109266309136,0.1961522908910435,0,315.17501301126833,0
25.176357605717552,4.354491688599714,63.06434045918939,0.16825714833006306,0,347.0329616849129,0
25.09367719292536,6.440807477890045,21.685782395173433,0.12845179152041852,0,323.9326646988764,0
24.26763018357557,4.185848284481508,63.32981810177546,0.11533829173310464,0,384.1455761697523,0
26.25685084960013,4.918502967729242,59.772721016330735,0.05816357342143381,0,339.814085485884,0
27.754234867016518,4.955354458668188,51.39174088659389,0.11404756244289978,0,361.28115718098763,0
25.75888698041279,5.297471746845783,67.16960861779424,0.20839265086283368,1,283.6328953220072,0
27.470409401992068,4.749038807370793,49.51447781308971,0.04995644237956094,0,263.8656864389171,0
25.6957958581325,3.935530646570405,37.92962403827207,0.07829290068409953,1,370.6286639171704,0
68.78228130870919,97.17148544804462,23.740964328174332,0.10213549099572315,0,313.8934732996656,2
25.583597461288075,3.142148683841956,38.85780059527692,0.056741059207550015,0,260.1552427989284,0
23.402430288627265,5.052691471105741,64.66335782737708,0.15374809636489128,0,281.9845775783979,0
23.610891946648437,4.8244275278492115,53.36610366846325,0.0,0,276.22070337680475,0
24.09071163901949,4.306205178964772,44.875205034564004,0.17179576753527068,1,62.34455538264485,1
27.028557117494245,6.4350801634176,62.70890587031114,0.07641903341363523,1,286.9399012993022,0
26.764514523459557,4.888945022395432,36.40120248934181,0.0,1,55.76687071934537,1
27.538232083509822,3.5500964122932475,52.559560608252426,0.029902508688821647,0,277.6275857741624,0
24.975926214348156,4.603616126978413,49.82049705313871,0.164913578345493,0,230.0343762865062,0
25.408730104900194,5.619774246735811,37.29530328729463,0.17408733732834092,0,344.63813717165687,0
80.54205052738412,85.50402473076483,19.348117357771677,0.18232409461037935,0,312.7804683056913,2
25.059020184753393,6.4605972976854105,65.32026252098102,0.09389100357592833,0,263.62138922718947,0
26.2337458491694,5.32095507744911,64.74827768995569,0.18314466551080916,0,274.4897896021381,0
23.927286240803454,5.471467580909342,45.036114727851924,0.07727525958629791,0,266.08699244914806,0
23.418819378973225,5.4926244926995285,49.36231658328667,0.0879349272411418,0,372.00816421726466,0
23.8391426899008,5.4919282624544685,46.91154443170974,0.0901407687075722,0,368.71082708460386,0
30.420984888566068,5.772791390900984,68.29252833017573,0.14967436397570555,0,374.14479144362156,0
26.592585232885487,6.164025512126854,62.499909607026694,0.16517525706232467,0,250.9477513525517,0
26.434781213275436,4.941036593151059,31.82152141670141,0.1520293752276774,0,391.5937742760965,0
27.48461992195991,5.344042616507938,21.435656165881326,0.05903305101202941,0,325.089022939018,0
24.611164715387233,5.974422739165711,49.84322040619001,0.1305142042946524,1,296.46611891110484,0
24.002425354647958,5.75584084787484,54.16338981395252,0.04216819040293497,1,319.4047496360803,0
23.134192733066808,5.1780528280658045,68.72324524626362,0.08298748097700923,1,60.333021644758375,1
22.259235581543297,5.3959500525689075,34.66641169101533,0.10350951469598914,0,286.6521846433073,0
22.62341729860936,4.928260442440488,54.60466504481178,0.023404843368921707,0,268.2533754985264,0
21.956747809532434,6.786662516218561,65.71232888356568,0.05837591373176044,1,270.627859914956,0
81.13620182881095,90.64694403988908,19.0042982763644,0.14364784329633695,0,346.1583085660501,2
24.02860659256866,4.965407492335701,64.6568383769653,0.10115326105410262,1,397.05481562112755,0
24.72062765540248,5.2784044599378594,38.14114426206483,0.0014423490413175422,0,369.4395257846025,0
24.030592249806322,3.5419364882174924,50.13038795664283,0.16108992985322027,0,299.77730092716513,0
21.231490654078915,4.905963672950024,55.75462034558955,0.23261211672638918,0,276.4650581082479,0
26.765909619707653,6.91120126656619,55.33740864681604,0.08274478249190574,1,368.68604811420664,0
25.205861296957593,3.9439648157351948,47.71073027655068,0.037794768428557925,1,331.27512125231624,0
26.30501831073304,5.560058647324185,48.11521843347547,0.07985414261171805,0,294.2307755473575,0
22.982862586783153,4.599944347590642,51.83178445980525,0.129007672206213,1,266.1294818734823,0
25.25776627192723,5.10875051384922,45.64460805865986,0.15250462273782345,0,243.47591815172007,0
26.004811686825686,3.129810437855034,57.3696282418493,0.14975486699164559,0,310.5763636466723,0
25.246297563298405,6.544775885488835,58.34796261090131,0.08158649699086871,1,221.4766463974459,0
23.432890391917876,4.272096660801856,63.64817715332212,0.14753391924592132,0,267.53222887374494,0
19.090673265783526,5.346399960916922,32.85908326802203,0.07708016322101695,0,255.11743027171795,0
25.477173520776066,41.54266624520227,52.20295395272251,0.07380085190748716,1,131.22205784286422,1
26.075475788777965,6.123349184394479,42.77483258752859,0.053306457770447895,0,186.5630252066689,0
22.916134662443298,4.897500312316385,60.09788345047935,0.055452398290843564,0,327.7560133327234,0
28.890087716453273,4.240749015981866,48.27592950851551,0.0,0,205.08893241877945,0
23.9005845336751,3.29884503439604,73.00788740090827,0.0822226065969506,0,289.44852533449915,0
27.423127507769696,4.952090411305787,52.979112774785094,0.06643061768171582,0,345.89691813358905,0
22.56407623592742,6.135315215244051,60.198412793263074,0.08838034825045914,0,344.7510537771782,0
23.572472072927596,5.071539079452961,57.784077882486564,0.08313298993393063,1,45.564220919595634,1
23.35632513407732,4.221108694689294,41.768909511664326,0.10340851777402185,0,306.21122142320144,0
29.64974027361002,6.295513986896206,59.604201587468346,0.12402474073739919,0,384.5738214606014,0
23.311367638052133,28.833700768442142,52.511387434175475,0.1407591304393888,0,331.12157133282886,1
29.053369556729397,5.029615397056041,39.672151516562266,0.12236980180760473,1,397.932739703571,0
20.96524523034209,5.540002948924055,50.43967796000747,0.09114467163976979,0,181.83608884362332,0
25.06309727250745,5.661373484112749,47.91314579051499,0.0806320319568715,0,304.4092359579063,0
26.16014705940003,4.450766585319274,52.61712832685124,0.1054055987280082,1,352.27461112853877,0
28.76041428420214,4.440065067125759,38.50877497204807,0.09531252321306752,0,294.97539402780313,0
23.543962188978853,3.7513435661061654,57.27602354257875,0.0,0,264.1233322000303,0
25.289019312525195,3.658767573748503,36.079583943544485,0.05582511957407294,0,309.5301351416459,0
26.032118567640392,5.9403003744161875,35.31070663383538,0.019520267874837766,0,375.1324610835046,0
24.036899706171038,4.435076431802069,58.01846745791007,0.11589898274317223,0,228.94488913287393,0
23.999991341208982,3.8732763800109047,42.26064581108265,0.1592824290065336,1,370.25318169830337,0
23.2881030569029,5.510272963174094,42.83879976005531,0.12826382839769263,0,252.07152550426906,0
24.826396907178456,3.939029006352639,37.27272916830802,0.06440510862715257,0,357.31668625959475,0
23.625502783058085,5.634812694843837,54.7492222977623,0.12182110007457596,1,196.71766033902247,0
23.212955038729888,4.691655967325799,51.40969281999465,0.09495119475409074,0,285.9177192741267,0
25.605384366869213,4.143497296906793,58.47673392862007,0.035591008590665496,0,284.2342230120142,0
24.03964855325324,4.437313810891095,45.29797390777869,0.13036140292123663,0,297.8861899304764,0
48.28347981525498,5.244184565626881,52.03141764229493,0.12183750640768642,1,359.81734440818605,1
25.561113986881093,5.422742555008592,38.4731516434818,0.22858480931274816,1,268.8045984768535,0
27.540917564740745,7.288340511174255,49.71723791900659,0.12498479922557293,0,283.7152159466533,0
27.511508550081636,5.170962954939692,44.32621274099062,0.0818807729927111,1,256.2512467811607,0
26.109116293060357,5.5201133096455335,55.79139051436833,0.07463235666636936,0,338.26230287289377,0
23.23012663693612,6.567595326127402,33.064284069515104,0.1658761120986611,0,277.280105295519,0
27.911490603666078,6.135965250216016,40.09214904270074,0.1932953489210511,0,278.5037491743118,0
25.05226191540036,4.785994839238303,40.64653966772994,0.12609804733779584,0,247.18115331377126,0
72.75028056631125,98.13389704916445,20.983326630450517,0.08063124954247594,1,287.30891017445674,2
20.618704611014635,5.759753186266954,36.510091321128904,0.06423798047730198,1,309.92156825252107,0
22.233154535276476,4.820859835526078,57.70059895107949,0.07974915975915031,0,331.4836435541077,0
25.174296015844835,6.3259631880028575,61.448562428051574,0.13942411180713832,0,241.10080883257078,0
24.354272998348986,32.76635768994034,39.66375101036747,0.08249556632543707,1,311.0269246322531,1
24.411269656956367,36.027536861898554,29.93597368936178,0.13853268582837514,1,248.34699108445471,1
23.508533757070982,5.297241141244083,26.969235584410825,0.12128595572413449,0,340.20078313679323,0
84.62226008879814,105.77892724218034,25.336454255119296,0.05492383299901374,0,321.37982303060346,2
23.5431176433163,5.072206474904536,57.008773684448066,0.04162290457997704,1,345.4509340202056,0
26.136882976984243,4.667959420841152,51.80028005880193,0.11753606426197846,1,341.0744429331158,0
24.834963995723918,4.164345598002827,61.703398028775865,0.10228847555328478,1,273.90430552393246,0
25.33859010502388,5.182202077892744,46.35487363085827,0.029602999217305623,0,239.0319775571023,0
27.470269441983376,5.788355372824208,66.7079879957686,0.19451372543845658,0,338.71317379260364,0
26.595697216519543,4.153392396620052,55.076318704322084,0.048982865011238344,1,321.89857831506083,0
26.500701030995703,4.263960493554337,53.25354984665204,0.0969823755332282,1,55.48998497665538,1
26.496747345118486,5.813772980583268,52.51258261056624,0.08103879250112722,1,325.0735442588019,0
22.87005218738612,3.0338149043523117,61.187367310317995,0.03249652906941182,0,326.31096319964723,0
26.21983378156684,3.5347311846030003,53.10484379528061,0.08417358733377703,0,341.32161442045555,0
24.466005342079065,3.4838599455930597,64.41101052718247,0.14433805247568987,0,398.96473939410987,0
26.410769140063206,5.60141039474374,58.51453231028983,0.14606330544835003,0,372.7185076130418,0
24.607104747307794,6.0659383421653255,57.33390082402468,0.1050823399734841,0,291.1544060131084,0
89.56480031231919,72.84408383120595,21.937063679319227,0.06827953445013925,0,314.0912789246544,2
26.00835832752874,5.069284557299423,30.574055409263046,0.0664061386860734,0,323.3309532260548,0
26.474379050747515,5.4641742169274625,46.73895520521009,6.385649961699784,0,352.84570092996086,3
30.8085536802716,43.85920777764632,26.896093622683136,0.16140016304547353,1,348.92786477688503,2
24.742155767106,4.573227719121334,36.62243011667326,0.10969246745746522,0,231.01306801720145,0
25.57826111271462,5.337602101284867,54.35329149655128,0.12250854993242405,0,321.1430183577423,0
26.782439361038104,5.621434791321745,52.745818493125526,0.07093363939247743,1,343.28953926877557,0
24.140571425262166,5.648633357130165,61.62533902449679,0.08949344511354976,1,368.7474821917648,0
26.54168492687264,3.9985294880696474,49.39814148124075,0.008425719788072578,1,233.44791885469078,0
25.07348217592883,4.115122087082815,50.9203959737303,0.14178281910912643,0,323.6174850936666,0
26.433348111615746,4.382404199546619,36.12528454101485,0.11034232917822367,1,292.6148138536232,0
44.51511096366411,5.176082990177098,44.130094314875784,0.07731114133289739,1,290.4370642274503,1
25.10931994226951,4.167069784604832,47.22615294140382,0.10612298881636341,1,269.3371386761494,0
27.741306099036557,2.334001643771166,59.27769407352821,0.055008223064704875,0,290.96363495813614,0
22.905690851216924,4.784389962314336,53.49634257735314,0.23878112287884787,1,194.50949843351975,0
25.38444710916604,4.5026389619922655,50.25398092089795,0.0,0,275.83175604808747,0
23.71915190645032,4.827807384391512,46.673172788407776,0.15285308071099585,0,366.4147353721516,0
24.024104583698485,5.732941194415903,64.33072859227867,0.17030513399744568,1,376.3830776021342,0
23.76697589215031,6.139956295784755,57.04359862760637,0.06949998116323143,0,311.6342941338987,0
20.63991829268886,4.577321566551215,46.898987145103696,0.009825424097566954,1,408.3370860268216,0
25.445494998132524,6.040155192684697,47.918779550317325,0.06691626170390136,0,313.1424602567897,0
26.08510083893347,5.7598415910251015,48.284011807071344,0.1127695006976196,1,295.0999538870094,0
24.90635106917753,4.001525371279758,49.889114664967536,0.13266469816971654,1,314.78560590718496,0
26.52781223023151,7.318636145585691,60.99402136397429,0.09074655377630358,1,244.81876380325076,0
25.666460934600245,6.84651284908517,40.203888081914954,0.07487121381807561,0,439.00131116194734,0
27.48070098538313,3.5127115215988427,54.84222314179405,0.0,0,279.8319075317718,0
21.273852210112008,6.120889027689222,28.924972333382023,0.20742231151963555,0,330.8476592577104,0
22.48464534159741,4.3132356039399715,54.69839922351605,0.07675054921679267,0,209.95148436153715,0
23.272074200213854,4.253831228101539,58.18146085625209,0.15835969330646288,0,237.9605610677878,0
29.25038026237901,5.430180107606084,24.33033543874164,0.12841268232766967,0,336.3637607286811,0
26.69038894994032,4.058883254925995,64.73581735358096,0.059221078376366344,0,383.6733803801499,0
26.88372875326918,5.272581384182735,59.59979267471163,0.13790952315723085,0,298.35860999212844,0
23.200192329829104,4.921060872997003,43.325121687590666,0.06989639460812178,0,382.7388619900204,0
23.777974693592128,4.815222389889617,56.75301989502272,0.13338964783057689,1,353.63217712105626,0
26.235020985530788,6.867077494833775,29.05355671687216,0.05012036941016112,1,55.8850235027833,1
23.04883162615616,3.818714509427772,50.50698146483262,0.0794449606455787,1,54.94359480497414,1
21.346039759142712,5.142255226496069,50.88787314611972,0.05489513013175161,0,289.94013156355226,0
26.86659802404444,4.30596570688576,39.773465745782175,0.13279637798018915,1,266.87232017006573,0
24.186000034627135,4.779992105811307,41.279097418082095,0.15269119935880107,0,289.8863134304791,0
27.48919634989352,5.547962398976723,40.77414579372075,0.05426955999061881,0,315.15344379987226,0
25.658628557103622,4.291786621296884,53.5699799302955,0.020977415015439968,0,253.65540735146828,0
26.765147321120846,5.585863057220157,53.25880005503548,0.1704593175205557,1,280.5794079784735,0
59.22124086458631,71.94324388742692,18.513819943638428,0.06968078384785847,0,380.0789377128916,2
24.262738437642476,4.736873924500867,46.37696458828872,0.02220951559676744,0,325.23196013636823,0
24.239483394312913,4.09080485822015,63.17143177305793,0.07083282629996192,0,376.030832370315,0
23.18272990867734,4.2599611154934625,51.70183867012786,0.0,0,270.6958944716314,0
24.90093087262958,5.045803255892728,48.554570153012676,0.05321089972520732,0,228.44430946354075,0
24.845055067661505,4.16406307929793,65.5716945263293,0.03317532429779936,0,361.39854715276823,0
20.483386555875953,4.445232905658576,27.402994271926197,0.1364861575290381,1,346.39568631604476,0
24.97807592558009,4.6448881762021355,47.46219252756147,0.041432657157912195,0,277.9622690806512,0
25.774837180612412,4.692152583397325,48.997524101013646,0.24118651371394448,0,243.70404623590431,0
24.89658967280861,4.838179426915668,63.177214471096164,0.14377208336416186,1,48.06160826755571,1
26.832964866853,4.181866013753158,57.65612091935401,0.07602642589153676,0,350.1618130572524,0
25.20180022451178,5.129166832901144,48.630050060419016,0.1227031155724472,0,299.2591853769752,0
97.33834049307005,85.29918998698507,15.313361861358047,0.11746644547392478,1,342.3109507518921,2
27.523587330628683,5.64143835687025,54.752961531392415,0.022854704178477153,0,374.4411703276255,0
61.641031625777096,72.02911892548298,25.646118330920103,0.0,0,239.50078703555656,2
21.982073434380812,6.057103171391611,57.89696719845486,0.21211337249090786,0,257.5845474884786,0
25.54467013352358,6.802044908284986,48.44986109236365,0.18138936601969907,0,316.21458771603807,0
23.76175061052914,3.44922285427681,65.98676027639351,0.11163517260264942,1,281.99653740071227,0
28.791061812430513,4.506791615680199,33.9112577814467,0.13909785218733706,1,228.81618437825068,0
23.7657983433263,5.024714364423055,48.54554806528115,0.11554554043822399,1,282.4436877507552,0
43.72860795827209,3.7800850231089735,57.750550727479954,0.2096804386298851,0,327.17183774603586,1
24.11106614175143,4.748691568837756,47.47351629124048,0.011625183763679811,0,386.4648835029567,0
20.12190682049678,6.630079432093516,50.571367605834276,0.10547543814274275,0,302.8017637713548,0
26.189847260393307,3.9154120259902303,56.49088441988127,0.028743030626295712,0,280.1337768625464,0
28.378974740942756,5.12395840615458,38.294993997713576,0.1202601032115374,0,244.78650420205594,0
26.522774858869095,3.998248365716972,34.56114720517668,0.05120052447061484,0,313.4092424089635,0
27.62728609173994,3.945265772202239,42.03531060228842,0.13085142484347526,0,363.03267733802375,0
26.256176055664568,4.605043278791324,57.72659461735479,0.033376228071115094,0,342.755510179529,0
19.628623583909235,5.842157737551249,64.29685115397497,5.348930137477332,0,169.28790556359135,3
26.772463208154385,6.116100819131859,62.16819252410845,0.14629646070357147,1,317.66364767441183,0
22.03597127686182,3.429316654359363,57.8329138781036,0.04498103582858524,0,230.535731682066,0
24.957901080523985,4.714046270430925,59.24490787550113,0.07951394845783435,0,342.5297553779551,0
24.217002653613413,5.10727911291846,58.45818055223318,0.1231989014913128,0,270.75654469958636,0
42.85583624181056,5.036709806759104,26.08914779965052,0.10009028577295571,0,305.83392927059214,1
23.883549841024475,5.377331875521489,45.81796673695117,0.1925995252325966,0,240.1801593351522,0
23.470950506369054,5.190134478364372,50.43488893685336,0.062277559843530075,1,308.8081719688919,0
25.092804060903358,3.9658902997068806,49.108560882588705,0.15764629772446462,0,259.11569603442854,0
22.20414690835472,5.038697818211872,40.95380749600041,0.0834597503522328,0,321.1137444496176,0
43.97775347984727,4.466510739569084,66.66307413047005,0.1843926892715541,0,213.96531890768563,1
27.023834885512436,3.320512671007331,48.29324121377964,0.11003489178724855,0,293.3773006921867,0
24.310331654379226,5.304200985551475,37.542799850063034,0.09503327769879291,0,237.21107825791088,0
23.560450871362136,5.907610200573554,34.3807796631514,0.1648259566935924,0,271.4104200913752,0
25.537495097134418,4.662998545639792,53.61825819714996,0.12736962830034274,0,261.84121684152586,0
24.296721861216827,4.192420222183015,46.45872636186555,0.11855671540812324,0,254.52430037237684,0
22.298788513291093,4.296936197487011,65.93565011358714,0.13454536712521784,0,363.86731711226093,0
28.490566456872642,4.419224769981075,60.92724332030757,0.10515530067403761,1,275.7332137332285,0
25.203632710564666,3.4304648437767584,50.28206423740152,0.09375061073430714,0,195.34778217949594,0
23.31425198575366,3.362329327924633,41.77784850639936,0.07343743836602822,0,357.42446350241715,0
24.274480673895177,5.326218168295908,54.97479682042904,3.499130395888569,0,264.19450274598296,3
55.108300489564066,126.56728903477759,10.543144381690613,0.19887794857847013,0,343.5034569574505,2
21.965381312858177,3.878478450050662,39.1068035125796,0.1260434983039982,0,389.9840136421461,0
25.184340163168027,4.406545076873898,61.88405553435486,0.10121958098174638,0,319.5536495267719,0
96.0554256389407,80.38224518603376,22.732428245320463,0.03990856988644012,0,301.2734671898428,2
23.156153584169374,2.9110146059567192,56.81615366902594,0.04713837163288166,0,328.2188586805019,0
21.321528261860948,7.195489087643388,64.80296503778487,0.06850980422852596,0,340.43425926936396,0
25.57570564938644,5.016845547790497,51.23701311649204,0.15919862635436466,1,80.09862195787916,1
28.170724810842863,4.8717878709903335,64.21673503995574,0.003894443068083897,1,325.1786415538326,0
26.648832172645673,5.748849342112624,47.1061144330432,0.04842308890218951,1,40.96687732650478,1
26.324279100987305,6.377838319504804,43.88147304183955,0.04556532324381021,0,365.7927755980471,0
25.296573099258026,5.755553854605681,40.44733345633612,0.11384613957556641,1,52.69729527087462,1
24.16432444777563,4.704809588563561,42.356952495742235,0.04906818556679665,0,230.5328789757424,0
23.748791609643476,5.512982440269478,50.92101807851459,0.10444551784316419,0,308.83282141810247,0
23.154650500242337,4.435887461213009,58.59946027953388,0.12415892687174857,1,45.2066285071055,1
26.042857362197253,4.061685303273811,48.79315858988452,0.10934720736690806,1,280.47903100137773,0
25.55801777432093,3.6182563586912075,43.597835337657415,0.05308158745293753,1,436.8783979982514,0
23.48298266051086,4.2583190393038155,57.69714448456392,0.13104744236125798,0,333.4951505133298,0
23.250515485996726,5.697063353998194,67.19471166538943,0.13267409390517654,0,352.1721053270906,0
24.894578902448895,6.027153226500257,51.67865871551516,0.16915775595633226,1,284.5595901886426,0
24.36642347643196,3.5439561693834936,45.74889162339056,0.07834728379305834,0,304.94133584059455,0
74.1207924244016,63.54752470861226,14.792011305221065,0.15066171172063542,1,196.17295620166834,2
24.67552802035608,2.971784580541298,57.79813309964342,0.0647988313060909,1,286.61476280021446,0
23.10565965126022,5.974309560908786,55.479038937499666,0.15337080940282102,0,223.37089957319859,0
20.52690978523087,5.8746003361213885,35.40568809452485,0.16263914372670785,0,318.84441021891604,0
22.93774694474542,6.2292618669057696,53.89647191480248,0.06886767893433715,0,262.86256192423394,0
73.69527223565775,60.82879030707678,21.037373658170015,0.11882957092082504,0,255.3060092446409,2
23.948194862273887,4.043694601562169,38.86108417518807,0.044865532459974225,1,269.6697387070862,0
24.495406928770148,4.627497645983014,53.555572062560536,0.10424162128284606,0,350.0253908831328,0
23.909994968659962,5.162677446891509,38.44694538036597,0.03489418366443768,0,318.12212273133144,0
22.287330059791792,6.162044337507819,45.981842526798076,0.0915792571068965,1,330.7961953437862,0
26.441548930359204,5.0547563113233815,47.89350728355804,0.1261127391696432,0,248.4306761023294,0
24.10370036153887,5.6448784658791356,49.049131812135705,0.14401392839230415,0,473.51834152039646,0
24.41298501029792,5.563021644905318,58.34349144265548,0.10961552855750759,0,279.90168075679367,0
24.60740051440686,4.205205093401289,73.7689933295646,0.049635383612907494,0,282.4539059255886,0
27.099132422915137,5.279203752807413,39.21380987870465,0.025796334161874532,0,283.8644951964576,0
40.56809510281987,39.37457832273356,21.70521121884368,0.12962632394614532,0,321.28699037787936,2
24.691447499280265,4.068029805508061,54.36677535176043,0.20943007787233983,0,226.842317001885,0
25.86389644627812,3.7119953750068664,39.1275778834608,0.04323729075215045,0,217.97094803333067,0
26.371290604958983,5.870257927822584,42.619359835858454,0.13030614669605978,1,291.59449029141683,0
24.940958278719002,6.013712573983532,66.38429109442677,0.037095467958910874,0,425.99817756399875,0
41.62292447747109,6.751343267567138,60.47702012269493,0.12018954972000939,0,317.2876134972788,1
25.971276935019656,5.067553259018963,41.5714420219492,0.1631395119925813,0,400.5248781634818,0
24.60274351410413,5.4905204970869415,39.40722392128571,0.08288203535750346,0,316.25255419172237,0
25.185769099989958,4.669889690369058,48.050338203972515,0.09441038716389041,0,259.73069550475316,0
22.939195712579497,6.204890012338101,42.867157582669996,0.05450264569446474,0,250.54902207303942,0
26.194547374602394,4.951491920477862,45.82617329872003,0.08790099885089737,0,282.797786884093,0
22.486741176308644,5.184417121241914,48.48581065135407,0.15567998918764903,1,265.046422657864,0
25.07948849837366,5.705991040842704,38.042574029202804,0.09460999257047942,0,344.44790708523374,0
25.578817048289753,4.479746924515383,59.46639177470256,0.14336953143301065,0,254.80225484420313,0
25.571759632452753,3.8900392821937846,39.095558295300734,0.1067422610192133,0,313.8483041422139,0
26.143148717070225,5.72343906437379,46.297664698743,0.12676176736186834,0,224.98185288477316,0
23.6303796902072,6.344684375447178,56.12737523877673,0.02856300187366055,0,389.521281168202,0
25.60203426070492,6.357013521575828,46.4181267701899,0.03463854416464039,1,318.2957582175816,0
28.674325666584178,5.721401909225129,47.6467796707075,0.12119434591483061,0,324.08125324943336,0
22.073295377127565,4.297993945017651,70.9886018064988,0.07614540453847365,0,333.87818901554317,0
25.147236180469154,4.19244688844716,35.67258945741479,0.0400705886158359,0,229.78441026415413,0
25.218291369624247,4.312685505616992,41.87396990637096,0.07838873427989124,1,143.3234765030599,0
25.40417216992408,5.9143383840645924,58.37742547228285,0.07124595372337683,0,330.39394813673886,0
25.875021185030604,6.438401618545637,56.01325521964173,0.10183565073959931,1,377.0045271642101,0
43.89615855329036,5.819203518220633,48.215461749399694,0.1240803836073584,0,214.08978255229798,1
27.736834799165948,5.434699554222888,58.67378603795382,0.05670295751920737,0,199.0139021291825,0
96.95213059638508,81.2938724897421,12.57710133812628,0.17381799607803045,1,234.55425185488684,2
89.03454228888106,52.06467301452893,11.908486565256283,0.09984048670436059,0,318.64523877604074,2
27.232446695175526,6.2517028558791825,36.44312478321598,0.18663730125323785,1,321.62258824230304,0
23.582568097764305,6.012760809318411,46.97226664983642,0.17849386834683936,0,284.3982538723946,0
25.964755838612525,4.607974873097184,34.79293758314316,0.10658837461294275,0,284.0878482607345,0
24.060297314489446,2.90795192138552,42.75116137478557,0.1076803120326137,0,414.419968800049,0
25.983469570770925,5.92695571243999,61.81832557152932,0.10650769274183453,0,290.6808329650102,0
23.02184556180343,5.89113326149048,55.95643757282337,0.07455779404986157,1,71.51728299090418,1
23.582593414675507,5.1402065242062065,45.99798216790436,0.09088271618055195,0,288.68632037604385,0
26.64196317484393,4.291774418173363,59.40233691479957,0.08764956308089966,0,354.66096742932893,0
25.248259460693042,6.921497821301494,45.4041245406374,0.09154057855502595,0,312.8243686505801,0
22.55364907082013,6.6679091138359246,46.37876029378705,0.13198003808011943,0,263.3596465571892,0
27.51107202396851,4.099812375668898,42.54583550889105,0.06493594534188712,0,258.6232069912053,0
24.560109712101696,25.012140416884908,49.73877151381045,0.06787500976457836,0,335.9879081318181,1
26.040458238382236,5.72229997062405,47.748776181455064,0.1434494077626515,0,339.8393803199179,0
25.221551438217364,7.098511191533376,58.795609130472485,0.1455211870566387,0,369.98130880543033,0
27.84153276301178,4.857386260189863,43.114596187217415,0.07436620859073274,0,320.7562082047995,0
26.024071871386205,3.9315878727545313,53.97969247045249,0.11416268915486769,1,182.36804949032168,0
22.334705871027264,7.1588863797073685,61.79567407931724,0.07085363926378033,0,225.57839150857816,0
72.05425460453836,53.3787837551881,17.270908114109183,0.20342819421412764,0,257.14761421143794,2
23.26547776419394,5.523604585920179,44.85141128637056,0.08144111526209523,0,267.08057500806393,0
25.211267410929658,5.030561664340392,45.55791453069642,0.15261537051033214,0,324.6934695157807,0
27.33432909402312,5.881810932508877,34.20659568785878,0.16040877015850047,0,361.31278688397373,0
26.346650216903566,4.977134733760766,36.183913125459725,0.03510309321235899,0,277.3410588731634,0
70.876877378051,80.29971145814841,11.49707920915214,0.0,0,282.79874399947903,2
27.12745290473605,5.733041983604494,50.42732974600435,0.07352828208502873,0,245.3711644477777,0
26.969778122173004,5.617722665533359,64.7259549738602,0.10935158751936304,1,340.9574396423302,0
25.893925669761593,5.031218960504344,39.83472260702801,0.15470736596554824,0,298.18463896637655,0
23.862868855641935,5.842094066957921,40.53319355005679,0.07955837036875052,1,43.410191867624135,1
23.73148559112199,6.785708990067629,39.352806827567136,0.07928142707516767,0,371.1739791217275,0
29.635643286979352,6.178274680554766,46.74206999125791,0.11956163934255892,0,294.9839613104133,0
23.069215925824174,6.42997246774125,35.31369124700184,0.08770918400611177,0,247.50711597524798,0
25.108464791698758,4.596850094694795,27.009046507845103,0.09228411463147192,0,279.74954143299544,0
24.99146064209569,5.537157012043213,47.11767857010164,0.17184504118489435,0,302.77514886720905,0
50.0150923960924,107.49614332017208,26.8713061325037,0.13468030627505795,0,292.1936680604179,2
27.451770584470406,5.961673961545163,77.45835945406745,0.11057653974108839,0,299.7258180975371,0
22.453628617788798,5.761514034261712,56.053981418256086,0.09476603400960719,0,388.1267273733677,0
24.556339218685935,4.97500813477807,42.82117146306946,0.10826492045155241,0,395.110298570077,0
84.17064789128042,75.18774439955854,27.90219968831135,0.11710458005351673,0,236.98108531773778,2
26.806132331368516,4.165593483460651,52.61433032225268,0.031167683722353387,0,251.68636474246074,0
22.092135989329307,4.49723367882924,33.8747651222712,0.17751862825269782,1,315.5107860207534,0
18.55623740274816,37.164834313006146,57.871545392251065,0.0,0,301.64855682045,1
21.502935117089777,6.396746418015134,24.4387821858234,0.0840521731931443,0,360.45621174311617,0
26.37239785213091,5.110292177843939,39.01507446003669,0.15537611117101488,1,310.2392723392436,0
24.185439888077376,5.855081449418037,61.44911587325964,0.09229049659937454,0,375.98274169873855,0
27.699136132590876,3.6510747855067445,38.71980189106176,0.1270613891923768,0,388.21924500713146,0
24.79467607715037,5.003285734416084,47.477525626520645,0.16608054186220095,0,407.2085748761227,0
21.236110323178757,5.03058748340806,49.357664551528025,0.095547409650414,0,333.01061597246473,0
23.963010640060478,3.455874419998112,32.574969782095025,0.08381048378093307,0,320.8805847915597,0
25.053904610395303,5.322201746989505,45.518867044973774,5.3603553862254705,1,253.68765090954983,3
40.42563879023596,5.981743341231498,37.07193479934995,0.1056982466656682,0,272.7388870771399,1
23.143102914420975,4.014929261359613,73.25338853079447,0.09717669094553781,1,57.849554608949546,1
25.260527808928643,6.304796026936452,47.05957215826681,0.20596859682389684,0,247.68573078277817,0
22.199994317793635,5.4316495031629275,29.25693136924163,0.10543225388651292,1,217.62293061996257,0
22.229418182443737,4.530320517281237,58.414859502841104,0.08290356108181712,1,282.971492315183,0
26.238584861215323,5.303420365551716,49.28348006643782,0.058167625320202865,0,279.65241677000023,0
24.82725369031117,5.47637940267984,47.17528687653994,0.10924035981928336,0,243.49250384495707,0
89.49204323791541,85.80916538794555,29.260535091063723,0.09178039141621559,0,371.0844276654809,2
21.439801399439375,5.482169182343971,23.27105187155269,0.09709652650379721,0,351.04962351907346,0
25.969235716360487,6.23441461637181,54.83896553746847,0.11389804261852786,0,425.81879281588107,0
25.150757381185468,5.961036435624094,45.70647710484965,0.15352139018529484,1,345.30279791725945,0
26.73764328481847,4.144356914170407,55.663209036543634,0.12264397248771441,0,253.25373468916732,0
25.019496093762807,5.111402508616728,61.71372942426202,0.051676238657399835,0,312.0547571454218,0
64.88231195749857,109.88392946322354,22.07925468136577,0.17628400022495402,1,257.0701990334506,2
23.070240512965952,4.2164949061689105,56.24791982464614,0.1372397720565639,0,284.9469592247476,0
23.419767702978014,5.341935063228713,56.76263469889511,0.0448766255177348,0,283.06788435872835,0
25.268510473356347,5.027294443000279,46.5008250665298,0.11167749387144903,0,258.5109721045059,0
24.996051008298117,4.961728631872888,28.41638027795357,0.015183907830588844,1,185.80642316856975,0
26.41628811024796,5.0084950173766725,45.436292092079626,0.06341992604116073,0,254.15854048318306,0
22.396091799446374,5.088958277484413,59.251955701286676,0.156876270581232,0,266.0156150438183,0
23.190445840250234,5.143882373495314,34.58753077904208,0.104599949248188,0,149.68940635570965,0
24.23624722115233,5.3387661912708095,52.04046988694261,0.025163027132724808,1,30.906828139056323,1
24.524705661621425,6.445067886459999,34.94013479006207,0.0824625857220187,1,193.80342968020403,0
26.777188201583815,5.017479453791503,46.21537072569235,0.18289984589638383,0,362.8237764669459,0
26.757958176208405,4.908660552189665,51.62293214624565,0.048619061734380326,0,364.5316451955344,0
24.73036027747509,3.863571553514145,44.65025031743162,0.048258552475272866,0,337.4678710351836,0
22.83846765562967,4.098088968732325,49.91024725776996,0.1485820056156967,1,285.0907178834407,0
23.95146998919442,4.845616309738954,53.11932394833359,0.07998316013261256,0,261.4425708045618,0
21.949668808679853,4.644484508614901,62.7308850073114,0.0593671443612586,0,350.7474869320373,0
29.74685381594641,3.24155052642166,38.99725814609814,0.20989663459105373,0,303.0588614829541,0
59.88348972119671,85.9972564323474,20.81026331145432,0.025700715396508422,0,346.4895480715823,2
26.76403846506764,6.863281605031542,52.116552298565594,0.07967043920630493,1,263.6527218041316,0
27.678465972478236,4.595992574185752,49.6895096489911,0.02787777895503797,1,44.323716439342775,1
27.955932844696516,5.260544294160087,48.666672645350104,0.11352004830110765,0,389.2064350097556,0
27.741514786770985,5.535645468822833,34.62010168727234,0.06860555708662336,0,255.18553532662204,0
23.68733744485972,4.846427619828256,41.128995123397885,0.05485043843241529,0,326.63097463761954,0
21.745819225811495,5.098178609939291,54.23546832965092,0.013231766974129658,0,229.1236537412749,0
23.953292150166806,4.988968381035822,40.93436139240593,0.032325321592497486,0,370.4644217167396,0
24.36074659909754,4.671793129966389,50.94015502713587,0.14197324565695135,0,269.5500902423943,0
27.040359990670126,4.723532349992856,35.95513032187619,0.14870596881024054,0,280.8551752859729,0
27.490935848678397,5.232169172828325,50.34104751019823,0.10052665961797085,0,327.07292734215025,0
22.88455636821118,5.91739366176717,38.238699368847534,4.752855573555486,0,327.3944971020488,3
24.04724439972068,6.357570922599821,57.42906111094347,0.09705243348839941,0,248.10736571928965,0
79.15975997492107,111.4792744286691,17.008435759730347,0.11592356556297692,0,300.77819172070906,2
24.765551672221694,4.907058393146816,52.412212283106456,0.13837213911780027,0,381.6184833797288,0
56.29308520388452,70.75256702439562,24.3402100007502,0.11824486210335655,0,306.7534032506155,2
24.506998754340426,5.024173182008398,49.21578621549875,0.05539003243527461,0,243.5381168529573,0
23.67184657096441,5.338371579744287,48.61259085616574,0.009089958582614632,0,262.2047287593441,0
28.21280758720792,5.292945488980671,38.729712759812074,0.0798151083272221,0,214.90530828748808,0
21.51742084968245,4.207274840883293,66.47020622030848,0.2336754883332013,0,353.4332008934792,0
24.80258001477105,4.495719526819937,54.68006470663751,0.06394406015547527,0,285.7264211474308,0
26.749580184793878,5.595290762106371,63.107209697537776,0.0635051862960313,0,347.6716009903174,0
25.395312585034127,4.462556234081905,53.4575663645337,0.057247367169028826,0,317.97516955770925,0
24.718958346641553,4.982113606029464,65.27589195953661,0.05792010173980877,0,323.30753586991756,0
25.598938636231615,6.002221681208342,55.93181382141806,0.10296519184434433,0,295.3786924543936,0
24.490598651766042,5.221029324281355,54.902997330464586,0.1666541362939183,0,362.9013368380593,0
29.47456876960311,5.5255883354395126,59.837572938101566,4.722316770961365,0,341.2384155064232,3
23.35006421584157,4.830583755395749,52.02609076259096,0.030847660597851254,0,307.4225303800723,0
24.39736847579735,5.496525441311453,54.02659251197757,0.0813783576508598,0,353.04453096984514,0
24.287235811130326,35.891584387165544,44.201439132967046,0.09361929658561857,0,289.57669736006386,1
24.702605933562317,4.9123562118826225,69.60973123098573,0.03277606972206824,0,294.5257161258835,0
36.10595258042419,3.4603228632729826,43.1758001641368,0.10331703488205014,0,296.4185877983149,1
22.596870088256484,5.547888861178208,56.32259193396795,0.026817010205465314,1,343.71443535338767,0
21.373464560383646,4.9327925446108205,42.42784004497927,0.07029304532459363,0,283.9911039129134,0
24.219605391243864,6.6928892148605446,33.0019347652549,0.05775629746760745,1,279.0708150647629,0
28.39779197224352,5.104328085669296,39.04795765874603,0.14949860056430175,0,216.78160651777134,0
27.294579944339425,6.082626517680566,56.360210729449655,0.05898650727898044,0,283.87392732794507,0
22.584931076209603,4.446366939499267,51.89054170800803,6.945161449643667,0,275.2186422445651,3
23.22932056805771,3.4633368947148995,59.87495742461291,0.0890592945216098,0,359.25529452735043,0
25.984726179667607,3.387343297700422,45.76245208158562,4.997661694658232,0,240.2097306309517,3
27.499306887816907,6.3167905146136585,45.67332200650671,0.15046152922641537,0,243.85344532701717,0
25.611515944837546,4.179097621438099,39.92729986315247,0.20135980312065382,0,302.71019399776225,0
54.47645021423776,3.2530403347555374,63.241294017906725,0.06297618007472991,0,304.92275944365923,1
26.424617043535246,3.7049714781050964,31.58582926394988,0.18108172286620186,0,299.3810788902224,0
24.396156699873558,4.9670981089597745,52.19370648037912,5.6113193404497275e-05,0,340.3383902497444,0
24.943806015978588,6.047438612011536,56.87804723550904,0.1451368513269493,0,309.1574678383291,0
29.38114026852557,24.319306054405274,46.18019649857903,0.13715308717596342,0,287.26154890687354,1
27.536033896187977,4.986237347804109,68.82695237469807,0.0,0,204.63192668673514,0
26.74005928379861,5.241564281187081,44.31916221447307,0.07910252343826717,0,225.0465964391308,0
23.5120020434972,6.190759411269373,46.02084295466941,0.08052183304424158,0,409.9201383245501,0
52.49556231471505,98.20138421520201,22.63347669144667,0.06827395701286021,0,255.79343655675262,2
26.038270345968574,5.447458532757749,33.154894396026194,0.04510203215684774,1,273.18640223285,0
25.04836649211289,5.180854532289489,52.37027652196925,0.13450715289872112,0,220.5517060956659,0
24.761249377498196,4.885052076613844,41.71251989431074,0.12200597927404888,0,442.77609054183665,0
23.93964708749247,3.880347660140738,37.30898278268017,0.08290882172696554,1,269.3168355201906,0
25.54583014851576,5.399158299972329,67.77450491962334,0.11392855651925302,0,300.68082039490133,0
27.98924997207679,4.64070890897027,55.0207873341801,0.12830874178742058,0,342.11579298846715,0
26.924783674780272,4.086681062460387,44.867100595745725,0.17582817726971603,0,351.99134670892255,0
23.612480922937063,4.10899841530591,50.30063751697242,0.134014974726979,1,375.28187417193953,0
24.744904243863072,3.5546518485343586,55.284629945592656,0.043813718547133146,0,271.3719038983403,0
25.818648948870234,2.983296094781414,45.47272785347366,0.08570212797772905,0,310.36915223878884,0
24.557678585351947,7.3893601056092875,50.224048758772426,0.12268161905751276,1,55.55758778857174,1
24.957662897659418,4.501958303805612,38.61008135436006,0.1949282729342001,1,303.63202513242305,0
25.47617338756332,4.365387111492775,74.6524712196076,0.07059476423641578,0,229.18405772176442,0
24.52572226653771,3.6299807530969384,48.77876719862329,0.09365460380811673,0,277.0984039790849,0
23.48863642301876,5.110531467198694,53.55545217899919,0.09768792720291934,0,372.14107373757355,0
22.78250118312821,5.212363746028849,38.073548371308235,0.05825274754691037,1,44.89243911158673,1
22.544699841877293,4.467910806512234,41.86517243596935,0.0495826049097481,0,239.78407707598876,0
25.14936940263955,6.698073366275922,62.06158426734997,0.12126792675980436,1,336.01943232893444,0
24.85641559524495,6.511889932921915,49.48371020624872,0.1487216353901243,0,309.2895367801746,0
24.348548292500578,6.893496320717052,48.38153584977878,0.019053254390599045,0,187.5932869221229,0
26.869677764173566,5.6660866492584665,68.9860002241093,0.05189818317970905,0,262.8251621979719,0
24.34080464409998,4.7152466207254555,58.23120025946473,0.07931471820641636,0,320.00601028263765,0
27.204552093117947,5.106295748025313,45.21198153826159,6.4011022998741804,1,287.2944791439198,3
23.596403967805493,3.882361403584987,39.598406058515714,0.12933707395133978,0,249.48097473934644,0
27.710209220007254,4.847432433546641,54.46598518166592,0.11833880338639684,0,339.7870504399797,0
25.333353390112045,5.780853007786652,38.32023369306272,0.11893471186684598,0,309.67256913663186,0
21.925097421162818,2.9801679722522607,36.246142885613004,0.24107451308647543,1,290.8193888808603,0
24.341355121786123,4.944144995857162,54.785462707157706,0.06024804318755986,0,306.75136139166233,0
27.589394618570577,5.65473303509643,46.222885891695675,0.12812178014725462,0,259.3943561271266,0
25.27075379406374,4.924068457646529,63.93923413916288,0.0816435477257878,0,255.54506084847273,0
25.567108153482234,32.83433332423486,48.103673461190255,0.08491496162727956,0,150.13233909644836,1
26.879961989907116,5.916686597326784,68.85428366853145,0.17535152963245348,1,294.51152483340405,0
24.953601671502533,3.3716752346672374,37.80125199847438,0.11201122328245307,0,281.09622858318096,0
26.45729015677061,4.228691664917618,39.55871459462905,0.1284272028565174,1,326.57661394767814,0
23.737885228016165,5.684246894824804,52.8124575529205,0.053746386543906254,0,252.08101494299245,0
25.555543036326004,5.90434727486643,55.103914454092845,0.09596766658211073,0,301.8420056572202,0
51.357712043062946,4.311922809876777,50.44790752349356,0.0,1,387.54889432082416,1
22.465493174763736,4.759300352122814,56.85246037371054,0.15018741240731237,0,225.95411471373677,0
21.914018368782912,4.336366119483494,63.066280937594726,0.04351724293927281,1,292.3085443692871,0
25.052189602926706,6.194239568907145,39.57730913677376,0.0034899207193329895,0,335.52559402565146,0
26.265473060614102,4.803167109613775,44.3911215759685,0.15155025717325848,0,257.1205783924058,0
20.22268743411419,5.259095203148527,65.73690171621807,0.0713410661868886,0,260.42278934401577,0
25.16421544629321,6.94964800471973,62.62554001487365,0.12622397668542626,0,292.5685918264437,0
25.4943920358295,2.5787012629602053,67.37703823189625,0.1195437074068843,0,294.6311950164402,0
27.064499539432006,5.593644359539284,58.46167871416366,0.1047607432090552,0,233.95988191052277,0
27.55628960434431,4.516113745880772,50.577324625154745,0.06996121122369181,1,285.62973896235195,0
27.950165665742198,6.122746259723803,54.57297943185924,0.134452345331176,0,312.0144673298864,0
25.11813023049702,5.534223305956756,37.24242429917154,0.0,1,359.49996107443064,0
23.546077836812866,4.7430807129248755,37.252954520806455,0.05425045628116033,1,314.28958581786435,0
21.516598788711175,5.373128997365697,64.86827198315743,0.11576396409486173,1,309.3071504758684,0
25.99065994247596,5.405865190675754,33.996367916449074,0.024398515643954816,1,317.93234290198916,0
25.464428872841438,5.40177117245695,42.272746943872974,0.1571388212566672,0,328.26092239110363,0
23.967001174091457,5.970824149238066,59.56916965932595,0.1768106554691735,0,357.3564645135764,0
23.36982469348444,5.8681526112136915,45.34185777524619,0.015064523705154292,0,194.98747181881924,0
21.508970005963786,4.971349077330684,63.37183163956683,0.16620582756815006,1,357.59820446727986,0
20.978227294851635,5.989787918903883,38.789948412994406,0.05436384737750343,0,334.7926079776621,0
26.177245196376685,5.661117170190094,44.364439405982075,0.14973775010438556,1,284.4676365277154,0
25.307701720809394,7.080884048023492,47.184319719477735,0.08764540050365546,1,307.50035714427696,0
44.43208386398002,117.24548255393799,25.63093832827284,0.16003990451360461,0,305.99047381269406,2
28.202685045423564,6.434247524055914,76.44988062127376,0.04815316488210915,0,317.2683476259693,0
87.16450676111121,68.49379614695798,24.049839095277836,0.027747202046271277,0,229.33265029006458,2
22.35744215252265,1.801102320116656,48.66824902677526,0.06949956342690802,0,255.91314012975334,0
23.71679739869679,5.961510571229011,56.385546477774945,0.0705993961992219,0,250.6325034244635,0
23.20652790340165,3.6411526484116763,28.705993688750166,0.0,0,423.0544565918054,0
22.249277309677165,4.948817335524534,41.733560958934234,0.18261605773221695,0,315.2390880743113,0
21.132948521760017,6.297338320902956,60.627574177426126,0.0,0,256.0499762419102,0
23.389415419105077,5.098745404604364,48.3781974823528,0.06441747123414117,0,416.9085337903728,0
24.902481351068833,4.7758720977590015,55.61724753915587,0.1155395258348383,0,312.74419374465947,0
22.670659760362675,5.984225150342517,56.209385718923826,0.028668611602783958,0,222.18255194296967,0
21.788949539387122,5.025054551132904,56.16488374788182,0.06609761782768009,0,215.99148753548195,0
27.329983959178232,4.6287189937733215,37.71651791750985,0.16546208781731314,0,281.34824998565347,0
24.663989228823567,5.416684835748071,60.89504843429427,0.19349407261940738,0,340.7151084867599,0
27.35931986650455,5.225658262177928,63.5537430810176,0.08687066523438469,0,289.27360378630027,0
22.21153478426772,5.344834309373611,53.49083602063772,3.7664565226483266,0,295.1632580022495,3
63.997999352456915,104.00213647923356,21.680869636302365,0.1240647402506055,0,224.9659991559847,2
24.525291840924755,25.814164294303076,61.021257081013815,0.07508494626667513,0,273.93398258808367,1
22.543739750383846,5.820709093315435,59.96648419526261,0.06670454764381438,0,324.9433158781052,0
25.46065160635673,4.590149958301255,66.83621339076169,0.06846820936548656,0,230.46092264833604,0
24.8429270957966,3.0809665726846065,40.360945150593416,0.036439513771288776,0,177.50441781126779,0
24.511636456775406,4.585227961473306,46.75096250517699,0.07475047936946937,0,241.39905442661552,0
23.779187304946536,4.767285294675144,31.054175885610018,0.1015941111317286,1,330.15322055845377,0
24.677654711858676,4.931408510545093,51.6511729662592,0.05413999686067329,0,248.27503054309142,0
23.340539217505402,4.029201104437654,62.74425835572533,0.17773593590974468,0,338.0642180571053,0
25.711872971742384,4.697522457616165,52.52285835298228,0.15981715996253798,0,350.6888949756021,0
24.15722591234251,5.41576323941963,33.564772400715064,0.10416345707722106,0,308.87032002767046,0
24.93767399366782,3.6711832514271645,54.70076424955092,0.16506149908968748,0,277.2615409941541,0
26.700859480982082,4.8139114831041905,61.06340643200524,0.09781453434344436,0,352.80102568906113,0
25.415689202196948,5.16499473175635,49.70922508974019,0.1044687309321151,0,306.45456426466234,0
27.617483628792222,7.380405496007336,37.37635088293127,0.04359148165928587,0,273.77949440688985,0
21.871362323017266,6.423439976869821,47.220009539168494,0.11921387780580467,0,302.75262495024714,0
25.92030519626765,5.907724861874367,46.14551784732181,0.12367765903594356,1,378.78481323270677,0
24.57858385994333,4.189093153400418,45.56885789523083,0.16032473097609923,1,40.699289184640094,1
28.547181295068793,4.295566818335175,48.424339285375694,0.004722089555608863,1,60.04692886734998,1
21.57800955480598,5.526043219339826,61.9026357357871,0.09978082290445646,0,256.8451458215726,0
50.792259716850936,4.281204851862369,53.28803960867508,0.04111263129259836,1,294.2151721658535,1
27.83949633732976,5.787985453287076,60.46764344381387,0.06475818916606241,0,252.25340409499,0
25.085421750801643,5.824224236236397,49.559959698739775,0.12067262742762219,0,330.97904031019766,0
26.206101570297882,4.238042203750254,40.3242283499684,0.08303690808805496,0,217.92443923761923,0
25.729661159685527,5.0170259599747915,45.77885900218082,0.11441152617204511,0,234.45708247689478,0
22.807726488966278,4.4105555783302295,62.08767940847635,0.2596503642708154,0,263.858701793744,0
27.167155913453062,4.313840734214281,66.32064457971768,0.16430785114854782,0,336.0431909924384,0
25.740477253991656,4.810611177580068,42.84831735864333,0.1259952507771765,0,321.1581328802297,0
22.512853165340054,5.332222266464987,54.59058911581016,0.13495227924494524,0,308.86351951494413,0
29.708246772787554,5.484482161099352,47.027793720838915,0.09458572487780507,0,241.4049365183593,0
24.355746115220605,5.297932490041418,44.610818329293124,5.188156850394903,0,272.30452444132465,3
42.93153282261724,4.207669689474421,49.4986470156793,0.15050034018670316,1,281.1483968016676,1
24.011704872437665,6.089271137447007,60.74486438076178,0.11410652070234756,0,295.48542155494107,0
23.555416470494666,4.9629409772802875,42.42404969285209,0.1257130328841572,1,347.28668289964867,0
25.8717076558718,4.437267069455396,40.9022224303053,0.15017986512377915,0,313.89433286270025,0
26.848771395521535,3.4191015516555567,50.68832076349695,0.15641678398639755,0,294.1770951915012,0
23.762258943660182,5.194793829014901,59.76512198371604,0.04010042814169293,0,241.3248268708702,0
22.283257870858503,2.728505234836876,49.788470267874466,0.20194424675776143,0,200.47410255284223,0
25.820267664594088,4.6058841815236375,28.87472483619479,0.0706618759308105,0,273.28584742520604,0
47.36187299742877,51.08291982346938,28.827581758046797,0.040699368639635,0,295.8450242555099,2
25.681984891334448,4.301069832981002,46.68801066527694,0.0404755918018177,1,311.1595484444049,0
26.588882217985457,4.870460258847874,56.48612024983877,0.050711393186402706,0,342.9908216308339,0
24.566903542851758,3.641751116376363,47.06352762811831,0.09757517311779224,0,319.7647762231069,0
27.604721769803998,3.435377153717986,72.75315439430989,0.11012693919005283,0,281.53753005417,0
23.497514511563082,5.76222267716845,62.606836666913736,0.08687959348641586,1,270.78189550631066,0
25.804679460313444,5.853549223303014,51.73307736486084,6.298770486369147,0,362.12322051148817,3
24.650674858516176,4.999029740159981,60.14228714041373,0.12642470772006048,0,274.2830594941643,0
25.525281940425756,5.7943150424515455,64.97757678731409,0.16137943648697464,0,244.0366348442284,0
22.56034188489646,5.382661194919787,43.290550479172516,0.09490663142432744,1,282.4965419245945,0
22.626530355244867,6.472406014078178,41.40039304064515,0.07465362127991264,0,305.4562726382681,0
25.698301132328606,5.305365980079767,38.844665663580486,0.039155020287404724,0,369.47417537581794,0
26.594818736743814,5.191013825460923,51.64194065611293,0.1336708113709131,0,416.3159428920137,0
25.241268396639217,32.76822892118234,47.74724546572356,0.039815469897722236,1,273.8607245563425,1
23.023884862898253,5.867963687413573,45.6443656244726,0.0,0,305.36143077006903,0
27.400685315049635,4.465901645007273,43.07010551756337,0.09682215422501779,1,296.407035639364,0
23.003535809011705,4.949092996384071,81.32434694857845,0.19282211577919026,0,312.3351593158842,0
23.97510998604775,4.9142980782434345,43.2810504486825,0.11083762847764456,0,316.13578951892055,0
22.5319354950887,5.189303858620442,35.13896950428558,0.04869634203130657,0,283.7810504362867,0
27.842849487909263,5.663311851308339,47.220807366537514,0.07696226597925805,0,265.8789289392206,0
26.100173428150864,3.453187318438036,44.120625181233926,0.10667039193817943,0,282.84560803956106,0
24.011021431774108,6.140431435979958,43.956276492926804,0.13335133230859017,0,244.66581120844322,0
27.234236108719543,5.599804126505861,37.23720138154639,0.1223979941173744,0,285.0927679638227,0
27.675017340444846,5.132219857307442,49.252057477693086,0.15769168973206477,0,325.9203548189107,0
23.95850738965191,2.9645115442626917,37.235915772287655,0.11799604667463308,0,245.4694128076759,0
27.62704420368562,4.0974676447955085,65.65827901408574,0.044578008190941903,0,295.37225537519964,0
26.198202026166154,4.497683898998328,70.21813005135027,0.1896600823235654,1,305.75114186792365,0
22.469377117381008,5.381954787721989,49.035169689228724,0.13294763378494162,0,337.45321489755355,0
22.312506756192146,6.441233886443993,60.30692299097351,0.02931238550565124,1,298.6511191997617,0
27.500459040524277,4.938323560963233,57.06487413168756,0.09815326944833813,0,303.0223651167538,0
24.948016905563275,6.150122630384555,64.11087311506998,0.10865198174728351,1,357.4983932985612,0
24.854970038848002,7.001103081531737,46.38987447150646,0.07757532802294917,0,342.1683033648487,0
26.956258915599644,6.7228190754418575,51.057125195333946,0.09169042466194557,0,305.76701772694247,0
27.309164478311235,3.196348817624289,37.98937815695376,0.09961538450210289,0,352.21919813642006,0
24.11702717036929,4.359341423862663,50.46937551254807,0.14468137687477986,1,422.9433816949169,0
25.303489641438055,4.621138727140677,50.89005716248505,0.15471539948197688,0,291.77403427690143,0
27.130726883677855,2.40479232162469,53.058492739583684,0.0,0,226.43280734912247,0
24.829606847597596,5.169849124190648,45.055357938214016,0.0977378019682636,0,215.8282828500072,0
23.135264295947774,5.073721890684924,59.59730412918267,0.056106165625961255,0,293.3315505851947,0
26.081289753074252,6.56487170710723,54.0256537223069,0.13772154399981662,1,257.13308103286136,0
24.386726651892506,6.165707841102447,58.64137818645848,0.2055619509400275,0,348.28171335245185,0
22.70263605254989,4.095117976257905,56.25028379971775,0.0,0,224.72513910155476,0
43.99607090659116,7.066548794484461,37.268857997747745,0.1409443980142604,0,322.59658880097163,1
22.290425135400042,5.524756703553585,39.74217578228968,0.13723820442712614,0,282.8678051336385,0
25.694957316096858,4.794361857688958,13.684611860754067,0.008641008775691142,0,287.976344768481,0
23.1703172615728,5.950858966996647,60.75786081105652,0.11705595620581212,1,323.436947417333,0
74.15424701162397,84.45503598344035,19.335248437948234,0.023692064412589517,0,261.45451527547016,2
28.58007405954783,5.077094641198216,55.528684728413936,0.15783532985449367,0,296.52227840273343,0
25.880278331024996,4.467049541762726,45.74311035594832,0.1744116358748899,0,288.23214475699046,0
26.9087405945753,5.656508565741122,49.43077766162385,0.09022923715661031,0,274.9245384083526,0
28.00776669041783,4.024524520097304,52.1547675941943,0.03411108433329167,0,329.57629163531584,0
25.209697058217,5.006486813548671,39.411864232320944,0.09780734359674959,1,399.1165918924486,0
26.994536179315386,2.899349980540211,42.952544990583114,0.07391020387361885,1,287.76617407492773,0
22.341197730970897,5.123307062916002,54.972344935690366,0.0,0,298.1610976841262,0
64.61848800277907,47.613279846737754,33.51416559581391,0.1299199114098386,0,328.4307560688944,2
26.491867337373215,5.844081630691298,60.40381054186329,0.1559569152755631,0,352.27716791926747,0
23.829223977152882,5.260079351815058,58.60168903002055,0.19600447102132298,0,331.0428294816443,0
22.988120538829772,5.195396175748528,33.188181875344924,5.379454901092639,1,435.78844685602087,3
26.41973797559566,4.3716749037877936,62.64600422831725,0.0986525471784571,0,292.19454748499203,0
23.046333212694037,4.427835429618481,42.43418387430828,0.012711943883671709,1,377.31443442912837,0
25.48945346830252,2.765985603459918,52.24987060657383,0.04784265588712203,1,258.4932633184171,0
26.617796027365873,2.9516021302165343,34.23504441060764,0.09419962713705698,0,180.21732965140419,0
24.801834753132695,4.542192936281821,40.86794112968883,5.0148844552900815,0,303.8096227760323,3
22.814608278867826,5.913842386562304,58.48688588058005,0.07203476156600482,0,326.38352361373796,0
24.692294854124345,5.016362561623624,46.80987346016052,0.136932341498163,0,343.01675642870003,0
24.629484063433754,27.52351476914781,73.90829075285977,0.1460575729000748,1,327.8369271466197,1
71.12113986457989,83.20655028909827,23.87734693063623,0.03519054899559736,0,299.27848056060714,2
24.3363078252851,5.432002138395488,56.33076362058871,0.12478222783398743,1,265.5553000170371,0
27.003386953550407,3.104678360183186,52.077070365952586,0.03529613302484047,0,248.8849179122469,0
27.073040466450117,6.334224287128641,56.43189824062908,0.05034056336568309,0,332.2302591014323,0
23.444712275265402,5.980375682193057,30.6143084897823,0.12362456907327894,0,237.6884237877155,0
24.235660313207067,3.8780471348079546,44.41917416652648,0.12502251163305922,0,296.0690301132255,0
24.123653053174397,4.01735985319416,39.696987546605634,0.11543641637654528,0,298.68055231379844,0
23.09527065900573,6.452791587868383,36.77245770730141,0.07321898351787189,0,342.3773494445093,0
23.645717957604948,5.066886560026783,43.734862440020905,0.051374914082555255,0,205.06391368292523,0
29.311126066565922,5.037385337070248,57.68730302601689,0.15378283229255707,0,403.0399596467107,0
24.453367057587645,5.410970440519068,51.36269634529885,0.1756807990673305,1,230.36838277236856,0
23.847544571988493,2.5165819903171918,50.94449797904465,0.13975731647404718,0,305.6850091691264,0
26.394086047711358,4.9391046780741386,50.502615665158885,0.060635400210053814,1,446.6701496605525,0
23.925859079979826,3.3581528614845286,54.04236938786106,0.2228180282451283,1,389.73658044407864,0
52.33503049991889,102.78458719554469,21.42048105504765,0.07532428050452064,0,277.0361190046076,2
24.29681364729863,4.565184947586615,56.9714945802,0.060539445031159295,0,292.51955917546223,0
23.70773955780082,6.279779766065822,55.74577900850212,0.10674091824508536,0,193.80252258688768,0
23.514641797410054,5.59655418641009,42.79232637605037,0.08677506642743742,0,279.6724075402364,0
23.630779950691416,5.447644393076715,43.34853393703848,0.07991119566685045,0,343.31226622500435,0
25.28851617393512,6.007447399343061,56.1765837857344,0.0,1,353.6107696470341,0
24.35715043533706,6.754719239605698,43.385428962423745,0.08639137221420451,1,302.9132541468464,0
22.433790427404034,6.327226836138859,57.46485188929268,0.07992209907740273,0,390.6891860492516,0
28.4081685782501,5.6619899979639445,62.309673207376576,0.1506673202545996,0,376.36741138385025,0
20.384550628735063,4.573759463257624,32.5762423788253,0.013559930346328283,0,273.92973808104296,0
27.489771155471033,2.82563255455289,49.1149179947966,0.03920287708210734,0,397.5964054656098,0
21.249415682178146,33.28986269131076,65.42929386269114,0.06613964964489724,0,288.00770613915824,1
28.351850253366706,4.017330105976029,41.04938440241429,0.04097824101723614,0,287.28705371078746,0
25.60745901788908,5.756753913619921,49.33706647990941,0.10346105114885817,1,297.0642924153943,0
25.081830816969198,5.085512116477113,49.42195977208955,0.06614426673338339,0,239.8464680567887,0
26.983368311870553,7.00672910613354,74.61072920270522,0.1066895507906021,0,190.75102344057385,0
27.90159139058518,5.200836997376283,44.759564276838084,0.026418181562077245,1,270.0255185484287,0
25.128174329649703,3.6501126319562456,54.54686892110047,0.1192618308867816,1,283.6231166328741,0
24.61558614824871,4.893047549591445,56.264546092010875,0.054353562481615825,0,274.67114438707426,0
23.98678121591658,5.127438384612795,63.94310755444961,0.12394432139012987,0,272.76864039652554,0
26.515401682600405,5.200603185331116,46.16179448717579,0.10033158649225396,1,364.89784201175223,0
43.21940799498433,4.805221587662391,35.07501573320383,0.09327284355794725,0,284.1143952747489,1
28.633711315815724,6.609367640917377,50.8539778307506,0.16056782157353439,0,375.8874235098913,0
24.077053434927926,4.615252899456842,56.318380668979266,0.05724103970973965,0,240.96186364276824,0
26.116362151441184,4.685524202852825,55.59563606730097,0.14941528636453522,0,293.71467282401267,0
20.986157230999684,5.371849295079965,52.913511041041836,0.16942400376008276,0,341.9681032580578,0
26.280306412090084,6.470022865149113,64.52582979314106,0.1031718266741034,0,278.4410419904043,0
81.66893877604565,82.24496275680004,18.989775715305534,0.16624876534961702,0,294.3325923349818,2
45.605295845294066,4.081489884523584,58.18668918129643,0.02324830413558665,0,222.09954629438744,1
29.995233910394454,6.137726306068703,62.31465899772976,0.1856828267710836,0,308.65876625259716,0
20.785975796583486,3.8381198366502707,43.32028081910073,0.12919958934715006,0,341.51231236740443,0
28.18518725567628,2.7690304992367345,65.47630636608964,0.13690760631727278,1,363.5208022054243,0
23.681097800586038,5.427293114953134,45.261900977342144,0.10621768245857152,0,354.2946627534343,0
24.461082800149367,5.488586781607604,39.120487542614015,0.1921448425943448,0,313.05384501415955,0
26.206544121741207,4.704735659054167,51.88862754092259,0.21645904655858494,0,354.699902858624,0
24.289484331113812,5.107278719209672,46.43523945217211,0.034481789400758564,0,278.54569061418954,0
24.749322818590077,6.27048846769409,45.530598424291,0.059275666658549546,1,260.7210541297096,0
25.932425029266987,4.315869198883151,44.450017471863696,0.035723923054748905,0,383.2312050064982,0
26.478064105814774,4.572326914536027,55.6328690498931,0.15830175031246269,0,304.6063714289051,0
27.043324019078405,5.7518429391289665,49.90605089260962,0.10120796577626205,0,289.3858809790813,0
24.636426955782078,4.4446801144579275,66.61270012255197,0.11052498531634528,0,267.0326487438385,0
24.721826888236656,5.211106145056978,48.28109267572777,0.0717478495750027,0,346.03342462475734,0
66.28031995964807,69.17209275766098,24.43799128667669,0.1345885617714826,1,375.11281366349124,2
27.47954619328379,20.615315120866608,24.88026432269477,0.0010034138513822233,0,323.8074331206867,1
23.494639336621027,6.995996323318372,51.70440487667487,0.07127737991576066,0,274.7224324851029,0
25.42543767860584,3.962695792779626,67.20556955402144,0.0560562055853224,0,319.7689080861755,0
23.954415659514666,3.507778270618721,47.04554825280115,0.09127171062703286,0,333.7475476492988,0
28.343002226282973,4.929233541742908,55.11683640511347,0.16195796828925016,0,246.51357062976214,0
26.091453751302186,5.1446703735414845,7.046090159319945,0.00458652972606019,0,305.1667879210919,0
28.260568989398944,3.4963639036537035,39.93606651956958,0.03876394412619264,0,245.7623663563184,0
22.611254736529137,4.203885768689768,50.487180188907395,0.11778156202903375,0,349.02185708042583,0
26.6349569128719,5.001765111281241,59.2671835790122,5.885070244777358,1,332.32050995730856,3
25.640509293232967,4.826813590248861,48.334122340680956,0.16609783835173492,0,295.488484684276,0
23.211802933975036,4.52073090737176,57.009791296707185,0.1438354813446464,1,278.63059906561614,0
22.208831544865607,3.970775689323772,41.281284782140055,0.04979850192682675,0,322.76339119595957,0
23.221221918890944,5.3527765453983776,56.27559224270708,0.152386126803708,1,299.1686288922251,0
22.57377706489944,4.032237659752318,51.75293575558127,0.11116436452119677,0,299.19453540171344,0
27.25237736455833,5.5446211293285215,46.147714432419065,0.13705858357341105,0,334.6564737844737,0
22.72281670369985,7.463771069920632,55.557616008917535,0.09713315946759722,0,287.3923832814212,0
25.72730325737295,5.4788615309230675,69.40348264235985,0.04765358564407623,0,261.98939620264883,0
25.518080954975417,5.580614434440054,66.82895509191819,0.0531325555013696,0,227.60628978523937,0
25.13531357942348,4.974317778149306,20.300634608287808,0.020358016328277634,0,189.4798156223531,0
24.524046700984595,5.350527664723296,40.30369259939586,0.11168412264573087,0,306.87407676724536,0
54.92306289975584,80.13192004223187,18.28128351211298,0.020998794309877028,0,282.923283453697,2
24.089732020842042,5.883804796892974,50.838217913146224,0.04581450486712203,1,333.3761200346711,0
24.031799792443028,3.07247217525946,56.540207067412716,0.11613869194238877,0,348.374903190871,0
21.429160885364322,5.031780820091938,44.50160509523971,0.08697621001912283,0,290.24457819739996,0
24.803542503457972,4.678617813159949,44.54887785881135,0.0504679630158473,0,327.80446940391397,0
27.538811623870213,5.030033854716784,57.452921846797594,0.10975528906000144,0,296.3957944087834,0
24.42277644423125,4.76295369926225,68.96590809165556,0.18914024386232897,0,258.1167208840828,0
24.648541408350635,5.827451084049432,50.31891582136335,0.10043380209127847,0,356.9071980819879,0
25.2002946589172,3.144772934675748,69.21718791077919,0.013451548251855905,0,248.9918577636219,0
75.47153374721027,85.06079607568928,10.261024880221605,0.07043526081454807,0,323.2819415977449,2
27.3257212863504,6.465753840002073,59.48782301797353,0.13799444387720816,0,326.3141233487215,0
23.510060512655773,2.3907513446558006,41.65924437120961,0.0,0,262.4273286679372,0
27.197904981385673,3.5808846511275316,56.41089738720723,0.06301038115253399,0,206.58319079677145,0
27.245288790804384,5.420338366051472,58.04265741202434,0.19149381346018424,0,339.7166068553367,0
24.868695591391024,23.028104618158874,50.50212116887461,0.0247739258432267,0,224.5228914105997,1
24.101295169961762,4.777476892615358,45.74204921118614,0.17252262490096054,1,277.06329416752146,0
26.075475798704034,6.639211839196674,44.16417289774725,6.859086330574286,0,299.9169790944055,3
26.119082517896025,5.220273971734036,40.12268519290328,0.08957764292276132,0,281.9552381906202,0
27.34111323686001,5.228310028648549,53.63185849756605,0.07515646809089709,0,264.89425902003313,0
42.979841830602645,4.208584944519479,47.275906209009875,0.0,0,262.6920493669399,1
26.468152473125077,2.8584468560343743,57.74016510392489,0.0587710902431863,1,245.94605667102178,0
23.875035590883915,6.412015989061333,46.399294177130564,0.04587026494564737,1,249.78719873514655,0
24.751067155944785,4.906543329952629,47.41242089991563,0.12244326890820278,0,267.79362538195306,0
25.575708126899332,5.925880244360481,65.65018881555325,0.024394911051136364,0,291.93358249505263,0
25.041365185390113,4.127955216233001,45.14151935803745,0.13980466641186648,1,244.55798417448005,0
25.631763562698474,2.8542410365521427,62.06676498469055,0.10919845704929941,0,321.17959539839444,0
24.85331138257834,4.198797000817926,56.326830057983955,0.107260328575026,0,296.51786362342585,0
21.004850250282313,4.182478199089145,34.00962102916822,0.09697663493921631,0,326.9720110433776,0
22.195486818899344,3.704029739136879,42.58313722896973,0.19319347393419822,0,278.1890408833895,0
27.36212802221364,4.312271878052629,51.14634614861029,0.17611311619514453,1,330.677097824808,0
28.914909011722912,3.431106002904177,48.84202949954991,0.14005722545718471,0,230.6958221484939,0
24.78413179873739,5.215863806318584,56.64235205713297,0.07922071622716105,0,255.88793586787486,0
25.856800774176584,4.351484354894316,62.55806960772217,0.1255667669797473,0,336.73327737555456,0
26.418885366936046,6.574271053489725,48.51502799772035,0.0784285643069995,0,329.79186122257175,0
28.34745556222903,6.0730497218379185,53.416895461354876,0.024826474194194245,0,306.7528324241706,0
26.324666656487807,3.7099682140827897,41.83708841464573,0.11428736314080531,1,233.77562240820956,0
25.32673001490101,4.4826613807900815,50.85012974952216,0.07347268859747931,0,221.7401247905117,0
24.25469030707444,5.926715277036198,47.83251908265692,0.12304663177344538,0,371.8850653678431,0
25.16442956942687,4.56264100416365,33.39741190593628,0.07439163876311479,0,251.45363498103598,0
65.9247344642012,120.41604777905282,17.297764826589322,0.13668078058947222,0,355.9315821338914,2
24.285124656913787,4.8425297179400175,46.627934935624914,0.0425115727321591,1,59.47652533715104,1
27.943285406106227,5.991756518813495,65.52264914354866,0.10910302439648022,0,266.64059954080744,0
24.522399073843104,5.9963803866208405,58.109198135628155,0.06990620784317968,1,416.82712753040903,0
26.451042931997648,5.4775796714015685,58.85291121668075,0.09340318346134144,0,283.0178326821509,0
25.4047545743349,3.451052118924339,61.04082473964979,0.13760146365786802,0,393.1582932166208,0
19.984200998588655,6.542959334173498,50.14692239452758,0.1769741621313288,0,346.8461564066288,0
27.43963162232061,4.098536513998139,55.10295823004336,0.12899953369319617,0,330.86474411039546,0
24.68018419750471,5.544821339119797,59.447063028922024,0.10939100676414747,0,380.6566070989615,0
28.09878227384054,5.944689959597997,68.6753640775098,0.14879645750227338,1,183.74714871391973,0
25.737746978814986,5.492790928387234,63.75308643403814,0.07934617329041274,0,338.6961323952333,0
28.76627567921193,4.567398775697939,31.641253530073314,0.08942584354110503,0,228.82862378817086,0
25.872567676530117,4.989945047817222,62.84280450983013,0.10364621981631195,0,316.10457564324935,0
23.706710157520963,6.253057618180661,57.129430675336096,0.09672122192292214,0,294.6063794605027,0
26.473546817003303,4.767959318669487,49.244242956737594,0.10013382026291562,0,200.12355703475217,0
25.294082462939166,5.2858710567984515,38.323999376037676,0.06294305384301155,0,337.63786864939095,0
25.4928683576284,5.81037574663115,43.25630370430372,0.13142464307196944,0,370.27650233111956,0
23.189519413191583,5.240086159781442,50.98180034617677,0.03938720985056148,0,388.80467581504905,0
25.69716313470667,4.613656546802608,39.81542001090786,0.08026760988580019,0,301.07708207192576,0
25.169083757407225,4.451520697690231,42.280457687884706,0.07304183651045407,0,292.2348786649446,0
26.485413691451292,5.677672870093442,46.697350005020965,0.13516008556701878,0,254.3270916324241,0
25.662479085108256,5.876722776388914,38.961640417306384,0.1212563480431666,0,318.52997054984166,0
28.894011028956136,5.365916778528303,44.101282331343356,0.1248654553268763,0,242.78905916075388,0
21.88329259210841,5.1574015125419574,42.482691129291354,0.139697064156243,1,243.78156394554074,0
23.852239823211228,4.713652690573284,36.070870190133945,0.1696850454009655,0,267.6377844699497,0
24.957985279746726,4.395515524159379,40.735907131808425,0.059919942197900325,0,113.4067685889309,0
25.130700723441194,5.676837226762982,51.738804844560704,0.08315018682737606,0,348.88023851022825,0
23.769124858370677,4.071233839700101,44.387774635523314,0.1301576263399565,0,315.5797296464084,0
22.871114397573674,3.641362372609316,54.73819045403836,0.07728620060275045,0,310.4537375783864,0
26.667127687327433,6.1583400075213985,53.0467054278797,0.038138708021039594,0,352.9412755971533,0
24.717171375881403,3.713439411740981,53.07637708762769,0.060816181467728714,0,320.7604012889468,0
26.5075869800391,5.28512729589672,52.235086745318284,0.05097670881258495,0,266.09853995316166,0
25.32502117571823,3.2575234591331053,62.46106910835875,5.531125149965692,0,268.82748959896503,3
25.948598690547808,23.107347498434034,44.06383373101021,0.10374462379905572,0,295.8279069676464,1
24.67993881931809,3.3556182669796932,67.47113708930617,0.10802024935344746,1,188.79067702099945,0
25.114962967859885,5.75053704443333,36.550885379422866,0.11080672017600915,0,291.92465481479667,0
25.779476960499963,4.3185970001495,49.24152363178633,0.0071471904695193655,0,305.3722453870778,0
71.71374878728007,95.70497280049227,19.602491659805096,0.07958432670668653,1,224.11064080815848,2
82.01848787635316,65.6052551240445,28.765088327093416,0.10714512635856716,1,208.8768169996427,2
26.661263800453373,6.657987208460362,51.99413008814289,0.06970952428056364,1,288.6046474874752,0
24.893803709151477,6.156006963427101,51.102073797312976,0.10141987543146844,1,281.58456780471613,0
27.675293627889346,6.200350192505557,42.06111511663908,0.19468929701184456,1,260.1799218703872,0
26.51995683967913,4.346813846582976,55.738672409858324,0.1057629127600405,0,260.14160708380496,0
22.744409399434602,5.490561602134735,49.28577854497693,0.0826556263392069,0,232.23373161999015,0
25.128530743227433,5.499741269230657,55.657892862418855,0.1325239255188762,0,213.11595769016378,0
42.65561520349145,69.82249609159497,19.360035403640342,0.16732687321893885,0,295.5336095988499,2
24.151644895285663,3.223910119437849,57.75095877643016,0.06465286420866184,0,324.46880983855766,0
24.11324978914494,4.483792595740697,55.22246564408296,0.17390660978745945,0,253.11928571548145,0
22.777873844041892,4.273397845897318,58.14487993589493,0.019981515276827566,1,39.83006463288022,1
23.04036375228259,4.402262283503726,58.28177631499202,0.09806089070970472,0,357.0857177182349,0
26.60271326707048,5.492038666462581,68.1440191977426,0.08734060948832026,0,263.74588892176695,0
23.094798952860824,4.701952676535303,38.90951486827538,5.946081268123827,0,158.7169655057666,3
23.84868868314621,4.435944108640326,60.30619669321501,0.03344132886744593,1,291.8363392525617,0
23.752926509853715,6.190960156463629,64.67622604376334,0.07455821615542596,0,295.5345249794338,0
26.281254186584064,2.509611104885829,45.627060032192276,0.14737848801590106,1,230.20477081162693,0
27.116105564003266,31.50986246805877,50.00768492072175,0.10475463375604871,0,319.2842460728994,1
24.198513824374434,4.170947160618876,53.96150865973412,0.11695761493252099,1,312.16264743626385,0
23.865700200081267,6.33847285660148,63.24709327026287,0.036820400677193596,0,199.01022646510924,0
76.85835647871212,96.38155189584525,26.613489338691377,0.08983691150194843,0,371.35297019751636,2
26.542543845486996,36.59158695595832,61.68268625898982,0.060054105838522796,1,327.8417767823887,1
26.554113796732103,4.756653913471699,49.157511145091306,0.07182533210687785,1,55.584392154137035,1
22.807398710353137,4.759788899040046,52.34567608270537,0.06543922844012222,0,260.5086581800409,0
24.799619209746783,4.803491201044737,76.03712034767443,2.1212652696619325,0,363.25859954829605,3
29.176910668321636,5.36230081077336,53.62302651118993,0.13762171695467043,0,210.85221619646512,0
27.12034586706294,5.430247531116863,44.33024571483309,0.049938312704086135,0,323.9661948944365,0
26.429788765912452,3.8949783256464903,42.12495665869358,0.09012660977502877,0,396.07287072493995,0
26.568098673247214,6.986584314487367,58.88220111182814,0.11295897211446267,1,313.62998578946025,0
22.78781985375173,3.27029966934085,45.104933179015816,0.1095551357322911,0,415.14010867689615,0
60.637009517970526,68.74372694458826,20.16402627328408,0.14039818944907326,0,300.26018680403416,2
23.578396390854724,5.905455670143216,43.24261724135492,0.17777091664043415,1,232.1298515227445,0
27.92906558437563,6.179068425547779,67.13858160026744,0.09602020197681506,0,362.71569163373425,0
25.283887948060027,4.974193113914365,43.811367081958046,0.14947637796807484,0,352.7916942712059,0
24.6404217834941,4.920299373872879,47.41400355280971,0.1790658946707469,0,277.28179827849954,0
27.003737504239677,4.043603655409586,55.208602350477705,0.11757103843964792,0,253.36123177693202,0
25.12627328755727,4.915151527234336,50.73849692740937,0.0735005241389001,0,293.22501375830296,0
26.807765690973795,5.007750192407151,52.531838209956526,0.08567131687751568,0,370.70554936483103,0
22.362062556297293,4.708810798746148,64.1617330983385,0.10905542313850197,0,294.1808062387744,0
25.28800319720102,1.9884829702034956,39.70839105055042,0.08182588553637228,0,289.73324081059826,0
24.16517623712148,5.169164973709317,47.20997065338486,0.12234986875517502,0,308.69528280254525,0
25.83867515842626,6.369919517435072,56.71258798253038,4.193078696069417,0,285.9341764636221,3
84.81511270678139,52.014884060688125,23.543915233291212,0.14888076566411726,0,354.6932786706769,2
25.585611128264375,5.009302786390401,49.161592563299685,0.004779899245412736,1,206.83250665369673,0
20.13105176514579,5.2253360179242465,38.18750334617288,0.07355780401427135,0,288.6528910731587,0
27.394758940985117,5.856635311861301,49.331906288120884,0.1624857364509729,0,238.99848822409407,0
28.4544061913429,3.1806856439554863,45.79176008729389,0.08696363053878113,0,250.70801413675918,0
26.479115666301464,5.263648241839973,42.39911134705738,0.16196645455469963,0,334.9983247305888,0
22.908595087810866,24.91147743578291,51.210855934028714,0.12056605082067917,0,326.452702012417,1
79.06268633805793,62.71589957980938,14.290605916750721,0.14518068504561224,0,202.0882560374539,2
73.5325583960194,81.51306334245602,29.62459571457967,0.051785669237229645,0,291.64018642191036,2
24.453521097133546,5.486970529169967,38.000716198552894,0.06406707604847466,0,268.9381313033704,0
26.37533133597268,4.104139616086899,48.46689178249757,0.1315083444558501,0,280.2691173816658,0
22.666106321759187,2.959264745776545,59.58016441313343,5.90470977594527,0,357.21672399385216,3
25.595980053574976,5.0472653845033975,45.63955006172072,0.17806453803104516,0,338.64781855730126,0
25.330524496633615,6.320186685550494,65.94017408633265,0.06689801378498074,1,46.51881413290896,1
23.801900501786637,5.045167830616107,38.6432252877184,0.1381305440249397,0,288.3560291710743,0
29.286045643141303,5.455772486029376,46.83740867156863,0.12691080150847145,0,370.43318379789196,0
21.376836193091858,3.764026567836318,54.05653784535763,0.07729234327618319,0,244.68491181751025,0
27.12706658021365,31.264976068014416,51.38316703854851,0.15927480064302346,0,324.09076446213453,1
28.81826507477042,4.279563782076722,50.979685463006064,0.1422924700465408,1,252.51110729233056,0
28.47144832416579,5.321467216329817,55.27914044270202,0.1610028356495214,0,234.25444692720583,0
23.551251577264583,4.825886911518591,61.44027583951444,0.1263957618031285,1,302.00455011881735,0
24.107615624350817,5.361438345043315,44.30601182652028,0.17662055865993828,0,260.3069423946669,0
26.24255650565842,6.528956164558712,55.636405038287776,0.009493076505540585,0,268.33745643088264,0
27.364797527106298,5.012678824291533,73.59585865975096,0.13516988452883477,0,240.4237929613039,0
24.766823724739016,4.896033486791824,42.86991085929103,0.10493242343094582,0,295.9965166771115,0
24.001907727421944,31.998554503557376,64.53616652197515,0.17338694381987052,0,345.3437804136479,1
24.668038575373803,6.611878674195377,48.403758159582125,0.0143941466225396,1,271.5234936912762,0
25.978356851434604,6.325846924478414,53.0759330407832,0.0,0,365.3586734709063,0
26.729454836981013,4.500529258579647,54.15164391049915,0.1208656931220577,0,303.5970851244735,0
22.087767787699278,4.0770555838239115,47.78238844780307,0.10570382157258558,0,276.4871996719538,0
24.915472170585513,4.703968704263432,56.90555604314089,0.012907801259980423,1,349.4264572424884,0
26.693404422014442,3.3300734067011204,43.97999555154378,3.2808183530148236,0,327.92835398851975,3
28.01052802209277,5.951507726573205,52.45123430167698,0.1121803272152053,0,295.4262499452203,0
26.68056522023018,6.79863813076801,65.4508929571646,0.1600580254926237,1,334.6783211026005,0
21.12011483891985,5.460413383582543,50.75056613538218,0.1185862473518694,0,273.5460128826229,0
25.573607851245207,5.298405019113891,48.416820669958796,4.703431167050124,1,299.76417947354537,3
27.02226100462678,5.482329969822782,38.12866460375611,0.051211448771064934,0,144.71613355623765,0
25.45038564892034,4.140418676412253,47.152605083332844,0.06511053409723555,1,268.29984270080803,0
26.44152448909164,2.765460387361043,42.27634521612885,0.1397831352237593,0,351.0876722891087,0
25.99766212270166,3.8136890413193694,43.683931521925096,0.10421341965374367,0,292.0508770648065,0
24.49319287310257,4.275040941303685,54.817800358066236,0.11874337878720485,1,59.38727655385401,1
25.93521815693892,3.998073958184123,46.78378094189417,0.09386585698397173,0,361.55985905145974,0
24.424652996534345,6.064961615577209,42.4378574135133,0.09300582428568835,0,270.76053521963826,0
27.534292926595946,4.944140132776812,74.06965670646281,0.18160089484936592,0,282.4611212712543,0
24.844190612766504,6.329301492879721,56.06689021046197,0.1267509434348036,0,362.281542709672,0
28.871847843678637,35.73024953783084,46.25629434773705,0.08403141447797915,0,328.090835876504,1
26.415664257068716,5.204484684590119,46.82390246442217,0.08356289865844632,0,350.83173804869455,0
24.5836409611908,5.227848719496651,59.59494016152152,0.13662889295478772,0,314.5629654752082,0
26.506105224726628,4.007022503997583,56.3675126603035,0.1634872993196634,0,264.707385369183,0
20.195579803625535,4.845626067229096,38.53905230867849,0.09989904764278153,0,237.61504973641343,0
23.980674871156534,4.964020011259922,56.02515560289199,0.05209706019804545,0,388.48633675759925,0
24.44047245795671,4.9865856886490425,57.98236425627431,0.12026815206968126,0,322.80952107067134,0
25.661968012533016,5.884147430384641,48.80031529745066,0.03456505323604102,0,374.7725381347431,0
27.27071866768335,4.320359345930591,37.697901954463276,0.12711921731461878,0,335.1608372755316,0
24.777071352902833,4.100573754764349,59.769528126055135,0.06387311971403564,0,410.7830174065972,0
22.641880886841065,6.502205951463685,44.18292441407509,0.06584022004659444,0,352.2186466673647,0
26.848745234557878,4.217169778676654,54.918972846365726,0.1419741285124423,0,274.92125398678473,0
21.813627029865938,3.8266056656661314,37.95476342562121,0.08124387518095645,0,371.51733697125877,0
21.985773307649016,4.545620453244909,46.65470567054418,0.0855617726267337,0,259.6422135448643,0
23.922207467261966,4.733807205299959,48.481082947108845,0.11335227351172492,1,194.00339644847878,0
24.557674410343928,4.92788134507185,61.141613669709955,0.07582967432344284,0,323.0656437247761,0
24.54139170795884,5.50704809075502,59.15399681270458,0.030993053000777968,0,324.6537687339272,0
24.593548249668704,2.836339749543811,46.88459641381464,0.06974465524174427,0,195.33323244651933,0
24.144972881327583,6.6708794039757215,48.08506919982075,0.12365158876607911,0,143.7392272300216,0
25.19275549608617,6.225593272914367,48.494880802092176,0.12301419157621142,0,254.42752673220127,0
26.085529771369348,4.765590592051019,58.265863087283336,0.13107874381291598,0,387.74440296088255,0
26.879202749438484,5.677404953736696,49.50600320396797,0.11420848954950039,0,281.291767801,0
26.21542868833937,4.699807516040165,47.45792272577298,0.08458432183627355,0,378.8334283385832,0
24.84930541219261,5.860498301561448,35.422236060247386,0.11732359610610198,0,260.8983734638623,0
27.468216291938646,3.981155998377397,50.157420437283974,0.1229527273376572,0,333.81987065580745,0
24.960044428105725,3.6727188297861555,56.66883258037369,0.08775010338261882,1,316.89577170400213,0
29.74551232907376,4.658516902927485,49.575286351039054,0.1301687834268892,0,352.6937675361517,0
22.445994232436142,3.0832060186105776,45.896148567886264,3.5871015647578446,0,220.45898160880813,3
25.061406067289656,6.024965095804072,48.83694322053348,0.11476451085411621,0,282.0777313875068,0
24.082915155512424,3.8987188811163893,54.833494467319085,0.16237685729911605,0,274.97603461962893,0
25.156874783821223,4.1767361848068445,55.45541268340291,0.11314685310800782,0,348.75539550138853,0
24.090852149266055,5.554823497948344,60.466346824327786,0.0810311381511387,0,300.2369415827963,0
57.87293067997882,67.8735613062161,24.254585673068597,0.09832672377205481,0,321.39751285525176,2
23.782545732466673,5.8241913590387195,42.67535613399648,0.11884980125617721,0,388.6914776284985,0
25.3227289446587,5.946402037762774,54.018472254784925,0.12667351460680143,0,247.77521214045885,0
29.922099561228237,2.803264239749534,44.992884731911104,0.13983771827589075,0,238.76739393224966,0
26.231348290676877,4.6658396263580855,36.91887578621204,0.09593886752460255,0,334.50475264171786,0
23.127702206275245,4.931145098593734,42.948700229971095,0.09154816416370551,0,308.19098508531766,0
21.443034040077304,5.016365039852011,46.76863188031437,0.05274497468337458,0,300.1368134722052,0
25.083430578775264,4.387095788293749,49.2508642155002,0.047398636538660534,0,294.56211477511107,0
28.206499144661983,4.651126510716076,65.08302791359641,0.15245330105056248,0,289.4835909628998,0
30.00580467045898,4.402059701987983,60.96158062881656,0.035112185657759226,1,329.90017728015243,0
25.680883496542574,4.986944511687482,42.264897083887256,0.19058384892800898,0,331.06632592740846,0
23.15047482606109,5.409576889314211,49.46511545395516,0.06230911727908331,0,301.4638369560259,0
25.135050083470244,3.637344244703086,54.36295842768096,0.11659102441069491,0,246.1847034391879,0
61.02793911897109,68.33216953082616,23.230601474018876,0.06578007828130839,1,243.3242915051781,2
23.570739341291365,4.874943201154196,47.65309082835998,0.0835740255500037,0,329.0773157026907,0
25.56904307324085,4.401383075154236,45.7212447180448,0.12378248294544023,0,284.03344332470783,0
27.60522042080051,4.802076864952619,42.296845451197896,0.061122595395593005,0,266.0503058265248,0
26.638243413489402,4.868517214078307,35.35060420972981,0.11972440977278791,0,270.88476774132727,0
27.169259570747055,5.036540171363726,43.07938617136765,0.1229445674000944,0,351.19624599295463,0
23.788321428047432,4.770818299055112,67.93475535640592,0.08311461206509924,1,360.76640659039384,0
24.07385404029621,5.3073950339850136,61.42512513988039,0.14695301734571603,0,302.4503564459408,0
27.684952853538526,5.160073747354091,59.14513098034102,0.2475598298972302,1,423.75578728992804,0
26.606436938250553,3.944458118672221,46.78471561064217,0.0898539398657614,1,319.4608378484387,0
23.451962294450237,6.186848491593134,47.343903903931256,0.07395460048670519,0,319.9748155283837,0
24.873932327521338,4.577427103712887,39.84009074753324,0.13797315247275338,1,251.34042465175438,0
24.836901775556807,7.684426782495736,57.81625727179873,0.12310263174496736,0,273.77239918574253,0
27.311504870364494,2.5201293478903097,42.50721962579526,0.12323752283218463,0,309.0974594841568,0
79.60763085535915,79.47123431111302,19.36895060614805,0.09037335789773523,0,389.95557697460066,2
27.475164336724085,5.358317497242213,47.47622708733349,0.04072384100021131,0,386.0213848190816,0
23.380699899610036,6.113714057498628,62.82419602683313,5.949527817869221,0,409.7162430188676,3
25.4773891498534,4.395665799648319,45.6174932572059,0.0379642912739101,0,355.48035284423906,0
26.710700049215163,4.444358336815079,52.812178578163575,0.025312912946180405,0,261.4889747178418,0
47.339920018113496,5.53510062853489,60.23085018513596,0.10027903235721473,0,336.20651082302396,1
33.458156646540516,4.445971729545861,39.417255022414395,0.07064136394217328,0,298.1667762373104,1
26.350779125997455,3.705944940415953,49.93522307037501,0.1742178055831493,0,263.36125197738255,0
25.02572377081522,4.619346827764439,67.39296409089376,0.10428565913610396,1,315.8379357246886,0
26.749760562009097,4.906712073418417,62.835148515863615,0.07441776649576731,0,324.82235483236,0
24.69488543404647,5.842091831088588,54.930300475490405,0.14136575755974135,0,304.2871939373288,0
26.960142403249474,3.3234097816440173,57.22949280067509,6.2536887505561385,0,286.5874126814078,3
22.434068211093717,5.186068779668153,38.176456430211076,0.09451720478795152,0,342.4928544947158,0
24.1679377302914,3.7129254899283612,40.55538203080128,0.034340127783287766,0,298.23465024067076,0
24.97044500458525,6.508035229317278,66.73616756001456,0.08843839210694569,0,270.3758025718056,0
22.117805610737292,4.911749631340097,55.273224337936725,0.1230375837361232,1,220.02954128964893,0
25.094582837121173,4.611206064863949,45.400423590667735,0.12719802844392147,1,328.54162034225106,0
30.30312310115091,5.75888856305427,55.72055266225452,0.08870383200507369,0,299.7380726804134,0
25.420968858747173,3.8344296647200835,52.20848284804744,0.18480220080690601,0,314.00429959934417,0
24.72394319944194,6.971275592251137,45.354364910437965,0.06364813804092706,0,255.9144176480354,0
25.759676494593982,5.113919890060001,41.2824620224186,0.10802858043840598,0,259.4111008461209,0
23.308793548454858,2.9979970761520236,50.58830955306799,0.022063038673052912,0,327.46808849395245,0
25.27622422008229,5.111149899184796,42.997612620961306,0.1914360161303747,0,229.3734934501715,0
23.188689524558157,38.49633291929095,54.76580628900841,0.0,0,249.875495394366,1
25.058120804595884,4.305704569792264,36.6578820458128,0.07565489372807349,1,246.0625848986897,0
29.80772454308699,6.095396755976657,61.48671098145644,0.03059014904668049,0,254.4132160594409,0
24.18208728556038,4.420084610538289,36.66081189728661,0.05460177389890172,0,299.2646325864603,0
23.146100561601326,6.6828504795575805,44.64261537269737,0.0673121845206941,0,300.6441063430413,0
23.679121170459958,6.128510490895033,44.93394209374338,0.1331003049287114,0,350.75342483346856,0
27.855270222844343,6.339715309096677,57.87814107886226,0.0826047305934939,1,350.07419860533406,0
23.76614507516085,1.7630063069031308,50.80887119209787,0.024125112123477996,1,258.61502613517683,0
24.19918583147915,6.62611827129017,58.35515351731143,0.148075571224766,0,318.8535281428709,0
66.5631280554324,64.45117519438264,24.019461672352147,0.13460180973419286,0,384.3969744751653,2
24.264609254661615,4.886494472857525,41.74918996601054,0.10018825964605473,0,329.6821531293203,0
26.75782602887859,3.5530731824321538,67.4653649671142,0.12865140255588187,0,305.03351106338647,0
26.033373397097133,5.88334536422572,53.96542816666907,0.051637741286993485,0,258.68818243696853,0
24.264847996131493,5.757389677269268,42.66859471067311,0.08598758390366745,1,313.65996558924866,0
27.48062111232445,5.717962097852427,57.045343151658244,0.04871854198556565,0,324.65547698752135,0
28.32256257886301,5.5161473096132525,55.86797077029454,0.10279379224428138,0,358.2442470546889,0
25.50077122919039,3.4855907714990817,40.07171629459755,0.23323061616192545,0,304.99820138320285,0
27.02070964889628,5.609075455888615,57.69098565471211,0.22948028360466727,0,310.0449928460762,0
25.646642494084357,7.116807270532586,47.377304330588075,0.07644957285951832,0,291.27280177255454,0
25.032335488973978,4.168420591607601,35.498509074011594,0.17402968383461426,0,305.62576003176196,0
24.654429185195184,5.092610623329626,46.78116734407677,0.03535207596803418,0,286.3723631728784,0
24.14236889342442,6.393135224476298,40.231684583325176,0.08192843652335668,0,311.6892137413677,0
27.50024487181465,5.472395509516646,40.187107804350205,4.860826317740776,1,337.10530875250953,3
24.71618029812618,24.04624814541569,42.79654167296203,0.0,0,288.7352505405805,1
23.493375764451287,4.869447197096176,48.523174768785005,0.0,0,288.45373412891126,0
26.08001403897646,5.313299989900754,54.9702582910187,0.003578663010646424,0,322.5805043157858,0
87.28683488057268,83.62795473782195,20.400155444189487,0.1629107967424241,0,279.770257116776,2
24.335908727445414,4.978644711896133,62.15723919283266,0.08266887891732673,1,332.940046256117,0
27.074806959822254,4.44535858662718,46.698104869413726,0.1974117497666879,0,337.6885247629899,0
25.938253906607052,5.447497822831128,52.40590804914005,0.11199411214018926,1,316.8183256512896,0
26.046317022590944,4.247519014305588,43.690109581590086,0.1231295261338477,1,298.75207073270485,0
24.62504702368449,5.020153545580703,45.87124006979995,0.18901173252772277,0,236.4618083400648,0
26.53147874886107,5.925466415444172,48.15320991439806,0.055472646075413426,1,365.59674246818787,0
27.23647050914964,4.290139896923408,38.919391735498394,0.10827161089341066,0,237.98508467561643,0
22.343112348629543,2.453085806267942,52.91562154700116,0.10445905317605156,1,318.97515834472847,0
26.399979791240604,4.958824140219586,46.66376860445852,0.16143582847657498,1,301.9958155600978,0
21.333086516975683,4.554784198751076,58.78566409278817,0.009172007902622792,0,291.81686935647946,0
26.65271567270895,5.050910850783974,36.290428184276664,6.676814765667925,1,344.8397940175589,3
24.527837490820737,4.775660760482799,32.23622620595286,0.05486233403418376,0,264.9284514693343,0
27.22384135425276,4.3599340827566095,42.56721661895155,0.16506497123904657,1,215.7393911731825,0
28.325021244948946,5.839050388643853,70.80295643152161,0.15532526576611078,1,40.04349612480539,1
27.78767091009881,2.7302522945783307,52.75297350593467,0.11301407365451006,1,244.36852312507202,0
24.117413480958206,3.6023168714370666,42.474957625878105,0.08880090202460443,0,276.84350679757483,0
24.959847603016517,4.089540369214937,49.734233605371166,0.11489990066238949,0,338.9434092840018,0
24.0881455762496,6.077364293315653,42.62552306643724,0.05888653938388103,0,305.3095019232657,0
25.056195680642862,2.4131615056949625,45.05654283586363,0.11653909653045828,0,289.40743959489964,0
25.301473232914066,4.6133916308404945,44.30245733536764,0.14033223009784232,0,325.973352923771,0
22.644522960825217,4.471965750046824,52.00944877731145,0.1573263152390815,0,364.2906792036855,0
29.215496817433028,6.024291682718649,58.91989739726579,0.09223800512907182,0,309.83900917224315,0
24.008795635235515,4.462043984542583,36.168750022868124,0.15612126567128332,0,293.973467784783,0
23.858776941619194,5.452667771911911,38.75179786900639,3.1398214739005166,1,284.4279725331757,3
25.805322911692393,5.107809211791231,64.74875962631614,0.0271122092459377,0,259.25133738795085,0
26.031274380056647,3.4082675978353922,65.69935022847197,0.23918619540523958,0,316.47249817575874,0
28.51089323692364,2.8719852870711473,49.977221591312336,0.0740627736584241,0,357.82863092591293,0
24.079334572260354,4.555891386380915,45.63594074717416,0.19813985568658624,0,311.36804102977925,0
21.331929709247394,5.417648814233181,48.04732649688252,0.18057122762118757,1,358.5701907263741,0
24.262081373643813,5.818282810762194,55.39710704313138,0.09701290320066867,0,368.44080427216824,0
23.672763441140045,6.270653836542879,39.98325377821332,0.08598597923614834,0,257.3479823724664,0
58.44843607363575,75.17722571858954,25.39178595974942,0.10858593980692838,0,293.7867695555474,2
24.55745272036944,4.555766038435174,47.20385216592208,0.08736872653781003,0,250.4400677741287,0
23.0973886366894,5.791608242114267,53.501416082308246,0.14703669801793653,1,51.74936668874734,1
25.83191875092876,4.773097662739633,48.2297427756607,0.1288718242006403,0,235.14518658982422,0
22.740939786136305,7.642125985212408,55.30758027380134,0.007597071395399405,0,221.3976046689338,0
26.998358335627476,6.033799894041749,54.71091175594618,0.09605373447203355,0,255.49842562354286,0
26.858354753749772,5.812904880680172,74.0324233888739,0.22229903428273506,1,334.7013578988879,0
21.181610763403924,5.510966776620081,70.45722269285987,0.1501140901161288,0,368.32842913331365,0
27.974687067954846,4.787064684976676,53.27418076921064,0.07708588452886021,0,391.961426445122,0
83.5331485178004,82.54142420454187,17.041147823140527,0.08994915049944255,1,296.40900690866613,2
23.692905434465644,4.463906271050694,30.554344092928027,0.14519876332669146,0,359.44755875423095,0
25.658848787672003,6.0005628783232146,51.76189318642205,0.1283418914393846,0,349.4801993746732,0
22.52999795065438,5.566887873537682,48.316664495685444,0.2284318069727564,0,264.27592475286536,0
23.644552253176272,4.917568103867417,56.62793912340326,0.06895521016498157,1,344.7596083773256,0
25.14929664642054,6.273495134472864,46.33179332072453,0.0,0,321.9879014758976,0
24.78342752334149,4.896959418309445,45.09907531172528,0.07199580558891554,0,384.8028876789351,0
26.9322745588437,4.780834906123775,30.102091538272376,0.12836276008012198,0,355.63781505387095,0
29.11787769059655,4.3158455637026405,48.2593433935326,0.03842222673363659,0,392.6849771715343,0
23.46363643631631,4.184793016642002,48.93708294285811,0.17403549687637948,0,419.50780713657434,0
24.48799882540498,4.792927968981013,38.84440628144216,0.11925477486243304,0,344.186170141077,0
23.902447327303566,4.018354328685115,69.6934554604154,0.06497775631410518,0,240.20518214754367,0
25.35875967074357,6.3097551496028546,48.98014174598995,0.028658295275174744,0,302.2479098240073,0
23.881964078413525,5.390245603426224,54.71179548242668,0.1040738773064477,0,306.29264018435606,0
24.137005239506927,5.442992706116191,56.694975570550014,0.13677994976584118,0,285.35356824604906,0
23.515882740920805,4.9101736317001485,42.36952948875232,0.1707181569768996,0,267.88408950651456,0
25.87882703423856,4.64377274190779,50.1519729634866,0.028337505188640713,0,370.22144195579426,0
24.524647632312643,4.582856985102365,53.00716660802431,0.05988682965081555,0,250.98288919238055,0
25.628509428045938,4.881174504860954,56.30019819529306,0.13643407293736373,0,284.12098445724047,0
24.2246553166762,6.364517048672585,53.017151517462224,0.11220946232592635,1,289.91114637613816,0
24.062381204047526,4.266923710491973,70.33697892727265,0.12432058011408596,1,62.31416289443313,1
21.640549472747374,4.935509789029031,43.81797558914414,0.1763645431788121,1,338.55142779210615,0
26.05631852419443,4.71509640251522,44.07744249513634,0.11132464793137514,0,191.4370056833465,0
24.311000774415984,5.134408317783203,39.99295524153632,0.09622019954911988,0,355.70386829253937,0
29.33574537288688,6.227002573628148,55.9149194050311,0.1904614450653433,0,318.3812364414554,0
23.56602688073138,5.155915305320983,59.34776092615145,0.049187443762554656,1,321.11246108298826,0
27.84677218529726,2.2626629437869186,73.39696348580927,0.09478284018619866,0,303.0566824387864,0
23.489078362933018,3.0335257444901353,55.50603514654188,0.0821955523853018,0,334.21261644962067,0
91.23030552699146,84.92558468777402,19.200045362553368,0.17716187019069782,0,219.32821795735651,2
22.178637719354622,5.1728049490159025,60.48965317518709,0.12957659255955128,0,324.42600849876834,0
29.95636929531172,5.726318959263239,59.67822965941216,0.1937929178636882,0,342.5058551524741,0
22.955804738130276,4.62629110289811,63.38088783224377,0.05780856579791123,1,60.608360585682185,1
26.250181667268137,5.188847292856535,53.18011492667513,0.12955392382531705,0,355.4763636345641,0
24.134757600285127,5.568695598786693,38.04606440627095,0.20957361406795175,1,262.751778300336,0
23.787325368349425,5.915737012009112,37.88057773723149,0.11578857189160568,0,237.5613556519115,0
28.39665114280457,6.157792403624146,36.97656351966726,0.11980361282072256,0,340.6297593337053,0
27.570196727728998,6.043461984944763,42.7579460923455,0.15161738100836325,0,262.43504803237573,0
25.721250060695095,3.4546084428000388,47.82017681918782,0.08212613135730146,1,197.82127581075028,0
23.11680232330293,30.610791291582576,50.01503316404585,0.1525252740633361,0,231.19806918153188,1
27.338393162965367,4.492271928164785,47.060539715042744,0.20568568223130795,0,357.63754455441324,0
21.881794451324673,4.564984175930142,49.99770301290567,0.15337217923558832,0,327.23446161456934,0
26.213437024834285,5.782695964404473,59.360008711925765,0.09357207096183646,1,266.45453958394967,0
19.443178608081237,3.1994589445321937,48.83109085778486,0.08342276257139994,1,273.18177376238776,0
27.344069025022694,5.144099519733924,42.19875837190524,0.1631687875258096,0,335.0177864228534,0
25.216024119902364,5.477062131555294,56.137238793466494,5.9071576382746915,0,379.0953088327833,3
21.669871187517106,6.055508574102718,43.11564563789985,0.05674184079141262,0,285.79549461972204,0
22.890724368143093,5.846511587141021,49.4611257245567,0.11339011181790076,0,318.3440238735882,0
26.363873690943798,5.4847531459539,40.20437336993373,0.11283212952634972,0,316.07476643668286,0
24.207874292807407,4.566442712362034,72.26786967524458,0.16628799816671874,1,205.4492787956696,0
24.400254888569865,5.123658267264864,42.808175532997616,0.11562180813344211,0,285.61681544362534,0
24.57593213135289,6.066587906107214,56.52913328325206,0.22296156026088065,1,321.02957497300264,0
27.617186926806664,3.5672456231260785,56.07932260654684,0.11684832495773179,0,254.51400777719488,0
26.013909482758407,4.178221436437728,53.35969467901319,0.05051975829625962,1,278.6359080153771,0
23.4116084315782,4.186294840232124,57.948687567780176,0.1471603973811777,0,287.422502187823,0
24.74141197892799,3.0539726811391477,47.00854998341718,0.1039788510314805,0,294.1360010822217,0
24.922804029434808,5.580530218709941,48.05499902087749,0.1303237880311528,0,220.1540398496499,0
24.3625451532759,4.403802697912308,31.35144528309395,0.0866211415916211,0,268.41624104615914,0
24.943904798552488,7.042083141270718,49.47025735458661,0.12242004815501659,0,225.79739870722273,0
26.17429628507282,4.47276116991619,60.304089642045284,0.07258299439574943,0,261.46861285815135,0
24.44091378454825,2.6010021267996484,49.29094963334918,0.09930981265525572,0,290.2978025953553,0
24.952985236075058,6.255933631783566,59.3103285201036,0.1275496120683967,0,163.87521857043785,0
39.80111197564342,4.956908593585266,49.20436627396408,0.059353889075035055,0,248.93701080760127,1
27.546547653039998,4.607860790363263,63.760260127397764,0.041631743958747816,0,303.6891085376417,0
24.49738184843747,5.1153681240377225,48.28798259367314,0.04362230000073171,0,325.4544975480369,0
23.643890774830993,6.4916138497725875,53.033597102859865,0.20486399503136377,0,358.95360056423766,0
26.515090977664258,5.4848743462205505,37.993509901881495,0.1158724305537542,1,254.96512650506716,0
65.60017856854411,102.78346743576746,24.316105051479276,0.14002085916510967,0,311.1242606638173,2
21.626561608267444,5.618928282985786,67.72885317526261,0.06189859049363786,0,231.1303405715483,0
28.31441800376397,5.075325817946911,52.16978380980378,0.0371614441247322,1,268.79814741213613,0
22.6865514759085,3.4640265825116643,35.30094694992086,0.01952083866793411,0,376.2312038698654,0
22.54424149312035,4.944627663026882,43.15790628317337,0.1048647769203038,1,290.0947327396691,0
26.251893823871217,5.310979136185689,45.63428902201078,0.14442617390732718,1,247.35104357734554,0
27.107094845802344,5.263179524321323,51.78799421929552,0.09400231374076791,0,320.68594377835166,0
24.402732499846415,6.385667317461921,52.54066102116781,0.12752058552228018,0,356.64529565686934,0
24.2015850818985,5.175736626587503,55.52014869828726,0.042189640007311936,1,264.836767720373,0
27.280880877595653,3.9704051798930102,44.475188095198455,0.07898127181077658,0,236.21496288955052,0
28.49417443716922,4.907924573887501,54.875399932607905,0.10157964429881226,0,299.03142461462744,0
24.368789531664753,5.730519159792974,40.61151097025517,0.14984414700394635,0,261.30734379050955,0
25.489411994779044,6.405885389179149,48.00057309775875,0.06334112120371671,0,323.70398004743095,0
27.354342764194055,4.412308194561904,62.751339426220945,0.07935022123988572,0,309.1071045313192,0
26.913021762574452,4.257252831949797,26.03575049722441,0.14479583491163034,1,421.7665402880922,0
24.886666965950056,5.01532318135304,53.3246024251246,0.07896385739262826,0,369.2061488446906,0
25.315277106850996,2.1553468795675457,54.91105163137718,0.1679452267231032,0,242.1037523884495,0
24.63447816116302,5.183626621078869,46.43321053246862,0.12985145184305324,0,303.2128058977446,0
25.938389724272767,5.214373647649908,46.094207513286854,0.046525179764006414,1,280.14753292951633,0
28.20895075411266,4.082066328498427,45.798927965400836,0.09194309027588568,1,257.1530961560728,0
20.088348536472115,6.601175347404544,41.08490922336081,0.07648663522964057,1,305.97038216790077,0
55.06804627711325,73.56645400206224,23.24306114531533,0.09183518021473824,0,308.120879327576,2
25.19554948599293,6.0200492990985595,66.53610975097936,0.14432860850739906,1,220.5018279042991,0
22.310922098686383,4.351182294413128,26.743453583264163,0.08211561176223686,0,286.12521878111755,0
23.630157451008074,4.639354078971981,61.81475171410803,0.033429932183016944,0,264.08920843908584,0
25.89694582207658,4.792459855017597,55.12552986698276,0.03294423101013376,1,315.41448013190967,0
71.16959160528211,76.23630036862988,29.655949238489928,0.10205969770931385,0,282.832574945041,2
27.267105460802643,6.7763501724592885,52.382453807378276,0.14082027297807687,1,54.35584087660947,1
25.47957916352321,4.831772004624938,52.991009577021075,0.12157892494615823,1,229.1273603073691,0
27.777212616893042,5.5755437743338945,52.01452819895562,0.10806572660938339,0,371.06237628790757,0
23.275795024158413,4.012897401940991,61.07258549931238,0.046258037135674515,1,241.33833460242724,0
23.020044587651597,3.3954918988735723,45.37751200195202,0.10653003331742934,0,327.1655153987645,0
24.8442542793932,5.048153286523616,49.330147310404286,0.10176371790738349,0,230.6275547997426,0
27.06562591050912,5.720990975504064,44.191811486796205,0.14688119528747567,0,341.54463888272403,0
25.057136878937893,5.169532383128002,52.14491619547421,0.1128526382948618,0,332.3270367260869,0
28.205551285379563,4.9385263899331635,44.65526892670548,0.15339897454615983,0,344.1495636634681,0
27.23814724385543,2.3363593688397617,54.40843059879481,0.08896768247816988,0,303.7082116039723,0
22.217086326995695,5.351016921057134,57.12999450782929,0.13596673127469402,0,256.3920508143555,0
23.304561275781662,5.113655536086407,65.0365660637617,0.07036454879241585,1,279.84017676215535,0
25.571212541175516,6.923690679310261,50.335046063987875,0.033680018077687654,0,290.70970413045086,0
78.07805831318046,86.93908897543601,28.359843254421115,0.2166058850805093,1,336.98305454770144,2
23.186591350942525,3.914293734583067,38.11550547984383,0.12586589729333506,0,294.3308863519288,0
50.45056297291582,85.84049828108346,22.563597154204174,0.12856392912360531,0,373.74744548645134,2
26.38400133355672,4.746921852521404,59.86631295315412,0.1245913605082658,0,220.73208656641972,0
28.35099499202159,3.0611605398115427,36.23378134437448,0.11259151189231778,0,273.46219335973115,0
26.645912499522215,3.7493992172018635,55.49173396887738,0.09866484284255765,0,304.00859161450234,0
24.166368719377065,5.774468188796533,31.67762429394278,0.0,1,220.60889291734765,0
24.996703309973533,3.608643638139939,67.56819548535299,0.05753989562031067,0,204.62090011230134,0
30.23053331458423,5.032507026776316,37.828212445024306,0.10647206453816647,0,374.74200631970547,0
22.046749257933076,26.008496751846373,35.26656219562442,0.13531215347677553,0,246.44790823072293,1
26.555350942914597,5.606706100055349,62.615369842172086,0.12790567700595235,0,308.4415100859866,0
23.621499107400464,5.825899328866127,42.73679087524605,0.16929832361930758,0,242.38745249749127,0
25.839591820163434,5.401073250253323,48.17481706545087,0.08077120987891069,1,319.58951014455465,0
19.94047297821547,5.218513957240927,36.86682408514072,0.1374027312147329,0,273.25897169594333,0
23.515003700670324,4.743021576665927,56.32356114883078,0.10629406390278605,0,297.36130932824324,0
24.3462387003214,28.44227336940444,46.11411811203748,0.07047346847271918,1,348.51654660156277,1
23.614008534604665,6.3623249490146865,48.49356603891541,0.07189258053094139,0,285.15582071320347,0
23.241653193705304,5.145754484710066,54.69054912154161,0.0,0,294.7036306739479,0
25.143669195815928,3.7545400156491775,49.54594333830923,0.13798039838127124,1,50.19562315452244,1
23.389460903404935,5.4962260656581385,57.921809780374765,0.08328860119150797,0,320.56960879733487,0
27.11864247056733,2.3253674538415767,43.31377137436094,0.030234976545604364,0,259.761332428689,0
25.60072371385695,5.0368985538400715,52.85626931497442,0.12589368249868582,0,299.08906811946315,0
57.9358228535849,58.51282862858068,10.824150194093034,0.06791358534211969,1,256.3791032726292,2
24.46176367306627,4.610454995219453,51.84803737836113,0.1517891685943105,0,363.66870701395123,0
23.680110419698035,6.662790594176675,58.68873142169757,0.0472920970267265,1,49.409624190625685,1
23.302949635520267,5.429237410409845,58.41076385503312,0.12469408223741937,1,297.1839002073025,0
25.453851252750155,4.201984619739267,45.61469281997333,0.12125437760576202,0,255.78828721759183,0
23.071857477682798,4.545069169720614,39.47231514982256,0.04249437552135889,0,254.15071012001988,0
23.352732244290554,5.896862218191569,60.363558807402185,0.11358535263615373,0,309.8074802826914,0
29.555176122643978,4.302191694183866,47.06322578449547,0.04062233168661317,0,354.97415525441534,0
25.335271411931174,5.081904165000638,61.945563195051804,0.05972784699546707,1,303.35871857623107,0
23.149731606253738,4.033401627418512,37.682352802145466,0.15122235916546026,0,333.17409564566486,0
25.646327937519256,5.117211799816219,53.41240366034705,0.13279447214777929,1,318.5677616094301,0
26.219222971406392,8.197190885312798,81.58233427715463,0.11795992746526736,0,380.7434462536593,0
24.86682851932241,5.630746686655521,52.27289540906556,0.06304423885351047,0,326.2897219883187,0
29.598637091265932,4.068640332240723,63.261531429394296,0.07932967474682966,0,272.0933081589992,0
30.440928692304865,3.544747156327655,59.25654880851382,0.07566953977492724,1,40.3284525608054,1
74.44418332209688,90.28189662930937,11.34190739075536,0.03555554203727335,0,286.23887415423656,2
25.46801413283666,6.089053394382037,54.66387129620085,0.08156147505576879,0,317.42244786179083,0
21.983892378441567,6.1889516118852,61.54518793844885,0.12680705333681774,1,315.17393558688303,0
24.21384227078512,5.090487996530828,58.685231934970204,0.02101399248004228,0,332.4717952536578,0
25.427545207375083,7.419023623101174,29.749514727801056,0.06767751704667022,0,260.9455128662759,0
23.56374511988222,6.942508592357489,55.67535182758469,0.0,1,295.8334383066301,0
25.447733215118845,6.1611121438758785,59.42644408499009,0.060208108408981026,0,315.7749857784107,0
23.56967238689523,5.6292581392963355,38.64515665040991,0.07090534255121517,1,289.3524050531422,0
25.461612507003704,4.325337706820959,62.92297731091138,0.09646268266688046,0,399.30041506091766,0
25.620246826179052,5.863329912201506,45.916113994646636,0.08613849153365863,1,323.6469841662539,0
23.59936765992048,3.8535698331717283,49.867802691441725,0.11170403272359719,0,308.0052165039517,0
29.1035301964044,5.0112082383843415,29.24683230693569,0.030658661966743786,0,240.32663820778714,0
25.441531086609565,5.398979378525222,67.53409612642787,0.1106998726099221,0,342.3410907342843,0
27.7271951036686,3.723166690323926,41.97211318881878,0.12511920913131452,1,311.9522364312596,0
23.24778494616835,7.430768544126525,58.28804598419279,0.06543271131774897,1,302.6400961514848,0
25.03882194786471,5.383626667660016,44.31871198821427,0.07386985377124672,0,276.7757172702442,0
29.774691560627147,5.761924150592909,24.710185046055226,0.19203160711433515,1,320.18539857764637,0
25.665900689451426,6.6586582724411905,64.00706375037507,0.11829344550517074,0,212.3416802351162,0
23.360298051845945,3.7684270719508435,67.84931699697998,6.316927201067905,0,282.026876981788,3
25.681439690362595,4.859545920810799,73.71308044014583,0.1016994018903607,1,295.65073330760765,0
26.006086145860138,6.153850328675149,34.74394218762459,0.09146219480232914,0,242.3518430649217,0
21.639925259937147,4.903230374400241,35.01522866717122,0.04161986021487884,0,353.41706741970074,0
22.025701972634003,6.405229174660132,58.058814971447376,0.07912463777027053,0,268.57176935010693,0
28.28016991538669,5.062882118448025,68.22025458463344,0.13137221062788013,0,294.37893182248956,0
26.65988366744563,7.658349478048173,62.24528865359689,0.0470313541878606,0,231.05251362274373,0
25.744904904095037,5.6952785664185495,53.42812777293393,0.15494730024555517,0,268.381387801697,0
24.241305176381726,6.192270457103837,44.54543286665044,0.15582456014729323,0,246.84708517850038,0
23.870044032752066,4.665716691686461,40.88608537137152,0.10038867893993013,0,241.0491454541554,0
26.09490653787062,4.917916178877719,40.657188146374715,0.08180276135739206,0,267.27357146673864,0
27.04624655214014,6.276315028176074,44.851010071200434,0.09227334368177427,0,214.78006660076852,0
24.020174089874796,25.489946197390854,63.13439241736255,0.09254886537288518,0,224.90501855695965,1
23.205805146113253,3.331146564808914,58.62705477254947,0.1138619016900537,0,350.801632846505,0
28.57776135212994,4.121798221554361,46.091531080675864,0.10974852134990705,0,378.6627743766906,0
26.808391628152496,4.377352648322259,42.748553507295156,0.0817313408106498,0,294.0983199944239,0
26.227948226839267,38.448273817584905,59.0996723417526,0.0267227919040076,0,289.0806344795701,1
24.95723006735835,28.493365525158342,39.102078836061,0.04395059546199173,0,377.56193184380885,1
28.639223603847324,5.998315260897006,44.87629602750177,0.10571527400968049,0,348.98862699822456,0
23.329012093910293,3.6588508726508877,49.69123804018119,0.15921267322802526,0,236.8455494558417,0
84.60561241534197,93.09368377251569,16.355591772480572,0.06448628352020247,0,274.09956134792037,2
25.78234918914556,6.32897209124649,40.39294050088174,6.825434005569869,1,288.36059038615184,3
22.530798724403727,4.644654134670812,47.26978368545486,0.06134763374472271,0,329.8431913995274,0
29.957084024067775,6.3502663956647485,59.565367094814,0.12041686894533252,0,202.25353822545628,0
26.3225586602237,5.36565832686809,50.76924663082333,0.06092085895621047,0,339.6944792334563,0
27.05322677936057,4.179619715903355,45.820363630254015,0.14477223782293425,0,250.80053652874477,0
23.69546233957656,3.512960013341684,58.40218396016696,0.10181498544612028,1,273.1265188756947,0
20.715586851607767,4.157318091819853,45.90373477246607,0.041533078634601206,0,287.45765935891734,0
27.16849909998835,5.641800442020066,59.895498705484364,0.13316317639187908,0,251.96138816206457,0
26.351401100810655,6.742614176185563,57.02251919230705,0.10657659719689042,1,295.4309222090495,0
24.021942218126345,2.7653274911432466,51.66239423850307,0.0980348617111493,1,268.04596430745113,0
25.66775196205604,3.6768100551146183,34.18657127756789,0.04084339118488748,1,296.1995917689387,0
25.635083952975194,5.8149265451248064,70.2877904058049,0.07369292294867172,0,368.1973516350117,0
26.353563592734858,4.561957599843023,66.83486232734603,0.01507219657048256,0,274.34780081124245,0
24.143040918747207,6.350715232552714,49.89345099002234,0.06669594544691887,0,278.29785098224056,0
29.160100519798796,29.63127840602646,56.13343956618521,0.13820721562675742,0,259.264112375119,1
23.61940865484551,5.195607047845367,48.96529706138588,0.08795555870887783,1,351.4707504836842,0
22.716999081980198,5.718516923109895,56.13780268430649,0.0880488355100887,1,336.509777203498,0
25.575415784237098,6.734885913132826,49.031421817474794,0.10646652396846687,0,289.2676789776184,0
26.686286704624994,5.632248881927102,60.059814772731706,0.15531391102170167,0,289.1503325875639,0
27.15376104135229,5.799960893667853,49.135723938741876,0.10217853036425947,1,57.95859013672978,1
24.46818144676593,5.572714988532271,36.111524165695755,0.14448929123874163,0,320.6258467015287,0
24.248322213413207,7.180185778222002,37.81295380988478,0.15098327734672645,0,361.5089724633366,0
78.16928978980962,101.77962605498999,29.904912205630787,0.08525438661653777,0,273.1207873637097,2
21.271436402087797,3.9722373087158305,46.57868704204177,0.12780648078304696,1,268.36903757237104,0
23.518359987196643,4.047654819227575,54.66647706575337,0.0843950969109667,0,357.12604712717103,0
25.58384350312722,4.97386258129423,49.00358242876048,0.08040816685213668,1,235.4293366860719,0
21.680245358986078,5.751090623734687,52.421466071705105,0.11116093660342184,0,294.87645795274216,0
23.826761008037916,5.825370288372159,28.27643155300143,0.050365743946528985,0,227.29868816318776,0
26.367301902382863,4.899225376480882,34.01279462869419,0.10498325151747098,1,283.8007311766881,0
24.527794103680733,6.749124648087341,45.82771191086893,0.10287902245532912,1,206.86199203006515,0
26.17823508717224,5.986712637023462,37.24305615045656,0.03626355903509769,0,317.2183143505145,0
22.619816005506358,6.036209231483165,33.134376562303224,0.10319139022896975,0,373.3770222702087,0
23.58664441252205,5.6864103938255255,42.2823810081888,0.10451661305855812,1,403.8660593682529,0
25.326521836244908,5.990825517956039,32.924655699070684,5.699072408759294,1,314.2462840813682,3
25.77862944617863,4.288613459045935,42.48440217097111,0.07018710424315275,0,276.64657690990464,0
23.88201235547593,5.057229048422512,70.29770429126887,0.009115002162260702,0,316.2843522012715,0
24.684995659485967,6.506248622959621,57.32938817798593,0.03265956966678994,0,230.90127631159095,0
24.899858997912457,4.229183992800171,61.16969774469628,0.17849059894064623,0,282.04621293898623,0
23.614115475023993,4.837985044127008,45.20693071463705,0.0890870056795082,0,275.3576195012074,0
21.221985023776867,6.767493563540462,51.979757801958634,0.09592480573711527,0,346.40651897456905,0
24.257394182679555,4.191538912933338,53.55563689173433,0.06458842203522405,1,283.69740593531463,0
26.461848807828197,4.22276955509962,40.857578798459755,0.07736772606176281,0,288.4786302397899,0
25.170617729283876,4.805463404387789,55.495926935056346,0.10736149381906804,0,263.24345745256676,0
24.81065544298956,5.463447545494301,41.588863665039966,0.1374959895925127,0,263.6451864246538,0
26.675879925893554,6.087145544377814,54.06316384149591,0.19014704921320286,0,227.66555778996883,0
25.257719572463163,4.54233260517175,36.35211365888276,0.16393877599277773,0,284.68895391217154,0
25.63433168896675,3.3237231084243417,65.10624419336162,0.12167543048554598,0,254.8297587493359,0
23.04255792502706,5.558021669753091,65.88459215615282,0.04917786628633189,0,295.17225026774713,0
23.603844501709528,5.378653470104697,66.31464966792907,0.07782470212259904,1,330.81355224193817,0
65.56571816370351,88.57447344774482,15.155997987061124,0.16176648053518533,0,286.7521492780223,2
29.080558285830307,5.318874810354705,53.396120636233704,0.1463139363458194,0,275.9552113915724,0
22.6099109332095,5.473750114421327,46.31767480179675,0.016702831605626398,0,297.40241895758516,0
22.82016296211684,3.765676793705852,50.41075180895417,0.09600042435529348,0,286.7127802500835,0
24.704168576709066,4.330052998194303,53.5736176896077,0.1790871394951033,0,272.05838536650907,0
24.922492108243258,3.6891823911919985,36.03153150935431,0.12787699990033063,1,338.26762081439244,0
25.213423911023526,3.8638587727119216,43.856980253906805,3.8388795399666855,0,348.3149426534892,3
25.313232673013196,3.9515300106551443,56.64549619941435,0.1407709429772246,1,282.9492351755939,0
24.809407301557247,5.56333958853188,59.46202563537829,0.0,1,336.07665475174525,0
23.291397451714996,3.7838784404732513,57.17074358614414,0.14613870593455175,1,298.1168407555761,0
24.78132051379803,4.012737330334174,50.14336946592082,0.00045758186993852257,0,314.3954753418166,0
27.52804401859513,5.513140399078957,46.54506346661639,0.0,0,303.1224458407287,0
24.857331286977992,26.16112858519508,62.35600380741008,0.10016757963512801,0,231.42958929742267,1
27.140863873332243,5.337446963990917,48.567673161032054,0.1690188831478714,0,281.37537436907417,0
23.486238694099733,4.630171090804136,56.35465261105975,0.13603852188282123,0,340.681752216875,0
23.46657016242825,5.56534020369166,52.50606101168374,0.058529027798693053,0,300.1929215015865,0
26.470431157780578,4.772651703364168,34.844337950945174,0.0670976658176293,0,191.3440697426063,0
24.582785712618193,6.333626187108338,62.306198444383114,0.10831565392967946,0,263.1465715367373,0
25.441581590693406,4.411553143262608,54.782695154967854,0.12189873153506009,0,348.4142283098661,0
26.28734931438408,5.938884906947331,27.388004373434335,0.05537210993974303,0,244.75936060154038,0
24.243512271356344,3.980911794931609,39.67437344921722,0.06083479772172468,1,56.38843022754213,1
22.549164975521627,5.79629876122168,41.93826393618376,0.11358246183626453,0,337.0089156241391,0
23.781499903868106,5.266261716419928,36.25967707377269,0.08720066601785614,0,325.87058976591214,0
22.471470450433824,5.202918458807746,56.22963275071022,0.17831345222478506,0,249.82475214322287,0
26.578555239928445,4.763009326616729,56.45500005156232,0.0607464904480067,0,342.7463697197402,0
24.78803749220703,4.115488679005558,30.34959226529009,0.054779138545889235,1,337.90415047128613,0
23.666896700513192,3.0384194571454826,43.75949124801207,0.12691251603744466,0,240.17823024052146,0
24.079075858904446,4.661633330991269,46.522654361001166,0.002471444643489848,0,295.12960386395406,0
25.71640557291594,4.215210464218414,33.452794928633615,0.18465569818677313,1,308.00221576330455,0
44.67295547645024,4.683027892247077,61.63860444414444,0.04647393477129405,0,228.02676404635864,1
25.606625161328655,5.405238958625565,46.425943956104085,0.051573681856154296,0,188.30322208550214,0
23.003905653715673,4.846156603153338,50.75569264358672,0.014827072316430226,0,289.76081731422136,0
22.440865405091916,4.86328373736988,50.493850656846924,0.014819728007406718,1,242.88581654373803,0
26.910093498049655,3.6327073701569965,32.8709132560158,0.08774246442358821,0,287.489018532687,0
29.061256063628445,5.2525563677161315,53.27458570916357,5.474015616029716,0,298.9175808940607,3
20.769717987502986,4.56511005165256,43.040035051020226,0.057094765380182044,1,243.08673434542672,0
23.560881023740247,4.652586456952163,37.52022761732085,0.13879937696534306,0,248.1473981974108,0
25.660659398168495,5.3317000132972385,59.76786386591852,0.058686043564270346,1,211.79146097418635,0
27.379181530341334,6.435379474057761,47.03962462073111,0.05016038354405361,1,42.203049287197,1
24.619292748213255,3.951497707218801,35.16875744383996,0.07795765478998413,0,286.4795606461004,0
24.225949625045,5.8596963258477945,42.13814179460068,0.05186984627808012,1,245.34465537824917,0
25.164658036250728,4.210111827024495,54.781448255372375,0.11814830717145172,0,242.63098792398768,0
25.18466743406425,6.787971907201717,58.19566974721839,0.0,0,302.8531211960861,0
24.707636153156464,4.915350238507951,55.01744345453627,0.07174224277166144,1,295.25542234370334,0
74.45075605636363,110.22904344203661,19.354730500140988,0.10011860242514876,0,318.3715301716393,2
24.810737359595514,4.262850106563896,30.01262080126626,0.11864690740135439,0,247.60339308914325,0
24.724415575492703,5.3053539137352645,37.400832711712596,0.10266153287709728,0,287.16599346288604,0
25.69706417399991,6.157770606094284,43.60398148915923,0.11725936325369177,0,344.29067560099475,0
24.331189963509026,5.038064673937808,44.888799382570454,0.07216898684298409,0,238.83954477165491,0
24.822087792107126,4.5075513532975195,35.98844907262489,0.17805536477875536,0,184.84399499217278,0
25.181771969736545,5.499160207164724,44.59069786853371,0.12741279304523687,1,300.0251660482311,0
28.12606592439677,4.480932443378873,41.85441653350719,0.09548176010743976,0,204.71130478719152,0
27.381633587595978,5.954608358115318,57.955766982869804,0.16422598395272764,0,389.849998647231,0
27.120718331465604,4.839691650789555,61.09714739261891,0.08262767978735351,1,277.7291835401775,0
23.307574073848976,4.902702074298645,47.45511849444296,0.07753100148558424,1,331.45253631052043,0
26.46194761650707,4.982121107689224,31.76040215040895,0.06316203066116932,0,283.15877314613033,0
26.52904608839117,4.637789762852923,70.3396519837354,0.049050470982610596,0,290.31638698374024,0
23.727878194902594,4.859332121588927,46.342747256228634,0.15138949090828668,0,284.2153870500023,0
19.85388266828958,6.219342599618882,40.890475927087024,0.10202742293001789,1,262.9738031834697,0
22.461580948854994,4.57341566921519,48.758828891485614,0.0176718908249974,0,302.61187908748184,0
42.96552108834406,6.173847780349183,58.3694499211776,0.1681688207364156,0,304.92682813492644,1
22.469051014301424,5.261647550497551,68.22199071288496,0.17565160188853965,1,66.3295088317722,1
21.98377494011023,6.279769584083986,37.37986497967019,0.09956497628914639,0,308.7501574679847,0
23.466622893538766,5.991287560444579,55.426109726905565,0.05844972198216858,0,226.47605275318344,0
68.78817923403288,71.8899261712552,22.69457846788025,0.13864040516763093,0,280.58341655151884,2
23.553216561237193,3.702364001985113,42.02768236096327,0.038981199536464166,0,269.412182060116,0
27.154455494087603,5.201178813830633,35.334229032784066,0.047197368660860356,0,410.66119437096523,0
22.89678276326962,4.771529854097795,38.29712293925822,0.12165429450827142,0,440.0610362545194,0
22.73113301043357,6.527266107744541,54.18394834848013,0.14229653308707274,0,304.1458694875598,0
25.283824817707004,6.055700820396321,63.03380272143549,0.024963105914061104,0,311.3514859891746,0
23.84127777878951,5.731221369847099,49.1582978324599,0.07304130120006219,1,365.33950411659816,0
24.263315298233007,5.2593746708929645,52.372617827636915,0.18313133503954931,0,337.04985167147197,0
25.152793668471006,4.067073798957518,49.80774939846222,0.08626896908586972,0,368.40373676891886,0
27.647300128749738,3.4351493624123792,32.768047694089134,0.07034342220802133,0,211.0447660954184,0
23.81649052254686,4.221781249047036,25.803326108261302,0.09449151066428661,1,274.0861099822932,0
46.235152553539535,5.4108792811712565,49.57579248174067,0.07527060062336206,0,328.4810392891551,1
23.842748325672364,5.3890095955473205,30.535832473529045,0.13037776492625616,0,324.24021775591274,0
26.177301851872507,4.556230436942151,61.5114337206071,0.0787771571997303,0,298.20195023359213,0
26.755644352430156,5.135430078390361,37.26084480758995,0.08543819185392909,0,348.68403060586076,0
27.39263003060867,5.273824500901815,49.81120267346566,0.09347934413213713,0,345.22710764893804,0
27.784963536683307,6.0402060823462325,41.01483762677557,0.1538776594356597,0,311.40976876974673,0
25.937865953356038,3.886102351654936,60.20597660630864,0.1404710637869826,0,296.0319641717196,0
23.159204914539956,3.793711207917914,56.74873356970846,0.14853742228002165,0,327.2365275626133,0
25.513362400580323,4.7987624232923105,67.02496561099986,0.053909370823894465,1,325.0988625764212,0
24.711029561982826,6.429679628212874,40.25874194058722,0.0926190405463869,1,237.61609277292789,0
23.629481063906617,4.687559859958945,23.215918897965103,6.230211704537849,0,310.28036814543674,3
23.506690720165388,4.227886999420104,71.2335628878046,0.0987951523845661,0,338.20167860359896,0
25.62969438350366,3.802521247421824,58.68964085070945,0.21024994220608764,0,305.8067890111677,0
21.803710305259063,7.532939708888838,61.39731063786046,0.02464755415903476,0,296.72958608253094,0
25.86025858876382,3.7816382441258587,51.11226258475952,0.07377844285504281,0,302.73355771449434,0
25.87765682847427,3.9123401405859433,63.69139449608318,0.11545710107914117,0,237.9217848774606,0
24.81552279432451,3.703806368185668,46.87636158220799,0.13578494282484121,0,355.9317062641838,0
25.86393684385856,4.10076658387969,44.139046792401764,0.08704867680950013,0,265.55821519395136,0
23.314700027038448,4.968388544330397,41.76844549820478,0.1339019684191894,1,47.63390211285883,1
24.06863086614116,4.536857870595762,50.205820516988716,0.0,0,370.12889869413397,0
72.11817765129604,87.19258499248653,24.67870053181113,0.1964126343395713,0,321.638296162069,2
20.251961605627407,3.798686501030966,43.468234037971655,0.13327932296993641,0,409.8369133507786,0
25.145723104289477,5.585586402547861,40.649540678186376,0.043195460285060085,0,322.55456424912074,0
60.42116658759715,75.0021426335369,24.18562165608018,0.16752679178639385,0,381.8596517152502,2
26.88883096402454,4.715556234790105,60.96646233199907,0.12643841767673983,1,220.43476369105156,0
25.08778503067789,5.5899661341936415,68.00269085606519,0.10334001590555625,1,377.7421684605989,0
25.495278663490392,31.017715859645595,55.46849505382745,0.17640997081389231,0,303.12499328412434,1
25.03941231090955,6.23998571811231,69.58616199978704,0.132981193846895,0,197.50508593832848,0
70.88324039630315,87.28675981940675,18.85734370377768,0.08023715369271896,1,231.44073010091918,2
22.76659575992202,3.3460377623841424,63.06453506825694,0.06824561384897773,0,265.72687941244845,0
23.601830117286735,4.208549349345932,53.18362690911485,0.1212814356851606,0,317.5465727097062,0
21.04764093419671,5.170524358365024,45.909460435024315,0.027996384318253117,0,219.0795154940333,0
26.73640290796518,4.60136268618585,56.719732217021196,0.1858596921314961,0,333.3368577996902,0
25.547809559993127,4.90188854217387,42.57509869877921,0.11693331402791506,0,280.8848354120618,0
23.430026494805784,4.515095918239962,47.49349892873345,0.08646421379916623,0,311.928266615481,0
88.88787041633307,116.5554154119298,19.448301463110216,0.0994209443437677,0,258.49127249705333,2
23.872723071066083,7.187067284768219,61.21082149351284,0.10062453734420333,0,332.49808148542513,0
26.515098190420048,3.2979433613270075,36.35024552062211,0.05175394957893856,0,199.9312614456846,0
24.047694840937424,5.711113825774959,36.101081385412606,0.03822137052788427,0,275.2889759240668,0
26.160610839919574,5.335659615407396,32.77133187024101,0.12148829253044569,1,345.4756055294435,0
22.431645027282933,5.486486398210116,38.339856106242465,0.10714002696945008,0,360.9283850264904,0
26.18996635670505,4.760828304479001,56.233653333771095,0.20561076000651968,0,274.8743085483866,0
24.582694093953762,4.098873383190794,37.60761852489154,0.0,0,276.91989542225997,0
23.95468256360803,4.497246585064142,46.17614366022065,0.0,0,212.38079807170746,0
26.41232369657023,5.2548975694283255,47.73201589447447,0.1725373629827664,1,300.4913256121094,0
23.848486720982905,5.303234774445377,45.11487411161452,0.07603709048401075,0,389.26569229168274,0
25.321556290617163,4.7990584892347545,70.8552697237257,0.04492537177508724,0,376.80753618694706,0
27.199701943379942,6.335846509668932,40.3014968922814,0.08357878415004508,0,274.3720829852263,0
24.97037405328286,4.667716557023285,64.41772856258756,0.14041075084673665,0,340.305596485148,0
42.68332922115441,6.272145395643876,41.36922509651412,0.10486670752051933,0,255.54415697817285,1
24.83212628866348,4.976584377867176,57.902381527811215,0.0913057609967455,0,431.23608414174043,0
23.3893667119717,4.468017671086397,39.97708698121026,0.08703774877390898,0,326.103133454862,0
25.797077445594145,4.148222394110551,40.69249831475062,0.0617542037957595,0,370.34645013183604,0
24.127354554010246,5.397155152592432,57.06105491504502,0.16505564640464843,0,316.41285024061875,0
23.77654004337282,4.608041459232705,62.48347265348947,0.16293291092115836,1,241.65666749094538,0
22.542911811632372,5.08271093268193,47.12802658951863,0.14078533519996003,0,254.13389259096851,0
24.25170235178124,6.523110871409003,52.842647584534596,0.042620521587649535,0,295.0702405697257,0
26.716391652425916,4.508633182525816,46.72156247661944,0.10842662976500367,0,371.0470654461149,0
23.053702527425084,2.7296582418012756,52.35014049199826,0.14944770448470773,1,51.7802456903209,1
24.214723848060974,3.7148186792553854,39.79365533920151,0.11692188826878737,0,339.60504543753825,0
22.397845240296355,5.401749624584629,37.58170628568879,0.187889077652569,0,281.28719812366046,0
20.579495539109015,5.875329477419388,59.7726696792967,0.05338712075933204,0,354.26949805499714,0
21.980538353631157,5.506869373271325,44.40102532232489,0.05959478317588373,1,273.13861679388935,0
28.72496622609125,3.9939247045033177,55.88906943717847,0.14891362084681484,0,334.85365458032805,0
24.57233033701514,5.581104734818073,67.07645904228448,0.05648196673483819,0,278.4531520828332,0
26.40248528985812,5.811155271877635,49.23229307347187,0.11814313373059321,0,360.2344642019676,0
24.747146801984417,2.9814075080563867,44.900302269578816,0.13972312274227158,1,363.824654980289,0
25.988483789199126,5.052080844524428,57.22191022135986,0.07930730260834566,0,371.25977786049134,0
46.48976178711219,4.881833253487266,54.341110652414834,0.14762439505685584,0,301.3850843939592,1
26.88258958055941,6.171895960085155,43.05207087552453,2.968994460511137,1,240.02066375685607,3
25.462757858116337,6.8348888944095645,22.706237499199496,0.0,1,338.3669676388959,0
22.34775348929971,6.344809508457933,32.33510904440659,0.08591999568063079,1,258.400749920716,0
28.120010603450645,4.548410766472175,45.57071330220402,0.0,0,209.77600076773166,0
22.292440539217232,4.0430982395820925,47.17176569523734,0.17607860825506816,0,271.3523440433601,0
23.33381964776812,4.192990616715769,48.65061897368697,0.07542156857690632,0,253.38658364188814,0
22.910341663904397,6.107727393493229,44.78667831824815,0.14815572071179312,0,186.29577079730015,0
28.583862223089223,4.554690061447941,55.92059538168329,0.1101030634411142,0,345.6279369164141,0
24.79829968176031,4.96728498959626,26.292760978165056,0.08442165545112866,0,220.73649605936853,0
23.29134524481651,3.801177573136485,46.7131323305011,0.07519839011650853,0,305.9740876427301,0
24.629641122899915,5.910306962526379,42.66556450399019,0.09499821687537119,0,292.1319305568058,0
25.659082310304406,6.443177013831541,32.52494513107416,0.049377118727363604,0,295.7382853024451,0
22.02986919486936,3.788214019979793,39.52365793860241,0.16551937483226375,0,354.29968975398197,0
80.50921799660156,104.64430296920528,8.278652499467608,0.09759146690622444,0,344.58854978031377,2
23.119309160095256,4.92778872812337,60.79164934128651,0.02560347747379381,0,236.37730061782355,0
23.069336356454063,4.768791837182924,50.69759616567377,3.7538928756423218,0,278.48761797506165,3
45.73021660684473,4.784251633248718,42.71207849617585,0.1303737025656645,0,299.2279545253147,1
22.390804464473128,5.312358492548874,46.558665988711994,0.1542221494231377,0,367.6217974380723,0
26.810539869549746,5.501314736970307,48.21459717241545,0.06056402484202594,0,305.58373534386584,0
26.348761816908635,5.459054994467423,39.117758947490316,0.1477540311041396,0,232.46154318866218,0
25.583006260566183,39.89111483169413,36.02895042306781,0.05810260559011448,0,227.65272516750122,1
24.104228396701277,5.657660794363808,61.248315345692035,0.13871068042552862,1,307.478642124574,0
42.59804875340348,4.934655210283079,36.51144755502947,0.062112101621303414,0,394.08800616050735,1
25.038482778856153,5.430562726798822,54.94793456980564,0.11464312085239027,0,313.84572376260866,0
39.98397304265013,6.513860909806867,54.3436668475792,0.07530479700772426,0,308.91566967339287,1
23.007959223171902,5.328099670832586,61.328519858396255,0.08997830387336442,0,262.98552315703745,0
40.05470515210364,2.76552525020726,16.1542174422369,0.1023893670448419,0,256.1880112757028,1
25.953648343567387,3.9094810126290858,46.26777649283362,0.08573600098555578,0,274.81252439438646,0
25.34721478630714,5.530370789548398,63.63424732252243,0.11072387920777182,0,297.71544245677444,0
22.567697561280163,5.160291007430056,41.65456413230422,0.0805847695695156,0,308.6052556090109,0
24.930330868381265,5.641901419504678,52.36631785582169,0.06121590118413237,0,244.53145715309262,0
24.1117110534114,5.521460068510363,48.785478485838524,0.14872697482007932,0,309.0569471832307,0
26.71120684438391,5.087229548183409,52.11955995894853,0.12860811243358308,0,341.348762370047,0
27.72054122284043,5.828934155333574,67.47595539742058,0.07294072580461461,0,319.72389190076325,0
29.482164193602095,5.298603676043492,56.87004064962324,0.017355347762540635,1,342.71837649367075,0
22.824055857888094,5.536010855332176,47.14062959446596,0.13317995473287308,0,309.0727562901106,0
24.85764977803281,5.272702704298919,51.653768283954534,0.07518669074035551,0,288.04808434587216,0
28.601028226587196,4.861257099466903,27.381758332867186,0.1466148693782399,0,247.98339377994787,0
24.82309921514059,4.55388257552961,53.95936613818814,0.11020717706325577,0,243.15840835912329,0
25.52075571807964,4.737260976629253,67.28473826909446,0.14214652814545795,0,316.9466227889372,0
26.827853546546276,4.809661320148922,51.92008284562947,0.12905027537863534,0,275.28734441570606,0
29.194171102413655,5.203818333909736,62.70169727560179,0.15956898593069352,0,348.3999107506008,0
25.63984251799408,5.322362873791379,55.72558057106242,0.034300138837636995,0,415.20351278670677,0
28.45565308017943,4.352573942553847,51.11772071931675,0.18752891110403846,0,253.84916158794022,0
25.13045931200112,5.852201984865658,43.05171101061872,0.046670931141408405,0,301.5845266716487,0
24.064761972486238,4.576747375820904,43.52849961413304,0.06556384772189838,0,254.70227872869634,0
25.67752133757248,4.125016964805328,63.009090495130636,0.04733506529034677,0,294.0297072533236,0
27.942200708021062,3.6218860985453007,44.07647567451523,0.09522191653647952,0,195.6854153145535,0
44.138682308764885,5.507879458591194,37.80990071738014,0.07394042535331316,0,217.28625607930053,1
25.23257387669859,4.843729654672053,40.28317963988936,0.10424499876906047,0,260.28064123769923,0
26.06634636413299,3.4431185561760786,73.29374669206253,0.011385380579150145,0,282.85523455286034,0
23.329627851879472,5.806499163164204,61.08028111000611,0.10983636222811118,1,194.8129850454958,0
27.040910346720466,6.342157445882143,45.34255010224172,0.06826443164638116,1,17.533616188899188,1
23.793388824743225,4.573976706790719,53.10396930266234,0.1273810575464817,0,344.8763153940769,0
24.244845966969987,3.8523391178016313,56.0493643929526,2.9646694187183416,0,296.4659210765882,3
26.158032957269445,3.5871171848203725,56.80209528170585,0.035392063468868556,0,285.4727143852928,0
22.8132195971869,4.48152891172034,58.14425091263155,0.1289989681588883,0,374.6509802144442,0
22.262381127086798,6.316196739215342,62.39647928336459,0.10893065987161024,0,295.461996357031,0
22.12354470711333,4.163273332943026,39.291447536782194,0.13690269030988717,1,425.89508969279103,0
27.393367348679313,5.54691664867015,28.63038316421489,0.1196154708443753,0,379.11337744953886,0
28.613840154871408,4.7701106783020535,53.20619053366331,0.06608242679154797,0,258.4686825699072,0
23.871252714284164,3.118922995215923,58.96153845119251,0.1293832579424054,0,300.5101063776731,0
24.33875982160593,5.2603692304928975,42.952197906296576,0.0843370340904068,1,214.23638674936439,0
24.64464731699526,3.691850698729678,51.62668099294708,0.091979131477904,0,279.89846034992115,0
24.575927926462267,6.807545635285897,55.79136008641835,0.014206521697930935,0,254.3201974750527,0
25.84105604374117,4.027119343587331,40.16297676240376,0.13082174139351307,0,297.6774000079347,0
23.395733007329515,4.470380115736653,38.05236155445979,0.0797030910152262,0,254.14675520357724,0
26.300076669698836,3.979617550763586,62.45668263461576,0.08907579159946075,0,267.01707713751,0
25.103243383534597,5.753687609365563,49.0126513205043,0.11540077003464523,0,325.84257141697026,0
23.961445915055513,5.037584281157929,49.11829984444402,0.16733080443188358,0,206.97518166156289,0
23.158207149691936,5.656393836591763,25.08295714911437,0.15351039105027445,0,331.7551512054255,0
24.98799476827029,5.578240133620572,35.36643612443242,0.10221998365538555,0,354.7690687599902,0
22.922826575381716,5.478069982723609,53.21323970202079,0.08366224569188524,0,268.681762196895,0
26.81553999773655,7.871475377360003,38.86285410669233,0.12123840369308617,1,314.7766237583191,0
21.2314828383796,5.896885790016435,45.095493983829186,0.101385734277792,0,228.15877056991044,0
44.36184401312386,4.251433930259706,48.60418176369743,0.08926460083507212,0,208.83011367370943,1
23.4185340500234,5.835565025566037,48.96415411512316,4.594320195386034,0,252.25881539891253,3
23.09459211928343,3.08242424172927,39.8717596327889,0.1303591330454567,0,323.78320094450163,0
24.429490787978867,3.797553695776628,59.70635432168997,0.07269315073194256,1,43.25185320517962,1
28.24695280971288,6.205565524364425,45.46225579533793,5.1558274515055595,0,321.1900199919401,3
23.776525860602593,6.903471642763944,53.82363645031468,0.045318993267806765,0,293.37561064594667,0
26.550969533037467,3.7255719425644647,64.22079263604687,0.16488550277610114,0,221.27857981700805,0
25.817188246873567,4.078763722348018,47.841355369836606,0.03437846071084133,0,327.9045931660762,0
24.061142278147052,3.2871180918912386,57.72488104056786,0.06041520686968374,0,265.68646302806985,0
23.170575388861714,5.856508596463918,62.23410045361645,0.05344891839169444,0,274.6634481630222,0
22.481980029198883,5.385599279806123,55.939218868526,0.08136299543290923,1,244.8418301284275,0
28.59224228589475,5.207805104544782,38.221659229403336,0.11902272138135364,0,296.6340164732027,0
28.375004133303023,3.2368759215567158,26.869400292451296,0.09459807125503203,0,281.03623483295075,0
24.764172302012142,3.28465471472449,47.91228686836229,0.14679299519472339,0,273.5480889070688,0
23.369407627712103,2.715348528179057,51.03396580525975,0.09498450084810099,1,276.647619553233,0
25.71156498321696,4.274047509286028,52.81612721380006,0.14285841534726343,0,264.5963530112467,0
22.280197283741185,6.174152097670952,68.66838112897187,0.06824039366713293,1,368.8900922350872,0
23.716213161351323,4.35507587943347,52.883458278261585,0.1707303273665591,0,248.9396745692069,0
25.402108492763027,5.914502275380969,31.174166622265464,0.10131153065742715,0,217.3411080114894,0
25.685210886672746,4.956851426184572,55.56100291632069,0.06889926417140498,0,297.9514939485324,0
27.385061656677635,6.127758532304329,60.8529472229573,0.07311156586972661,0,314.74876463412636,0
22.47312535101783,3.835280858083953,46.082963717784146,0.10770000223744669,0,235.30231404495512,0
25.21038931211788,4.729324120024982,48.15781713766235,0.21528272536976636,0,250.27668244960427,0
26.584481997799287,5.930754372974587,48.382832155735024,0.13364163672147153,0,298.9600680324829,0
27.67527487322338,4.647796268901543,47.84915404896294,0.15753528632330094,0,292.559203998638,0
20.48031618052155,5.343188563139761,57.258801431532,0.10595960480095015,0,317.394255775719,0
24.855520068544838,4.579578406111049,43.90784720950817,0.2532762949187959,0,222.94758875165383,0
22.92672282185844,5.873315099292171,56.700385791921505,0.08187254350427392,0,249.11327857782152,0
25.3022496337945,4.487740460867682,34.75519092044776,0.035929615916545185,1,345.5173890038035,0
26.37068575894971,4.312504675770641,60.627498091145384,0.07841973493358396,1,298.13761900554977,0
22.264347545571006,5.477198902964448,41.98658856542857,0.08115773885317079,0,356.6362066422065,0
23.713193991228533,4.015067131736705,40.97950401108156,0.07693883111167822,0,286.304648845417,0
26.277680122063604,4.249139498421652,35.318172683375685,0.1320737998005376,0,262.12106485710336,0
24.798071680750823,4.100227072736457,47.745607792136774,0.06451227587993703,0,241.91331520988587,0
20.441718899679195,5.2940873210427135,49.182032484138794,0.1315061605215428,0,340.37049879756194,0
22.62855118349564,5.233244692612263,46.84234855088278,0.12303802509595549,0,377.00336198714126,0
21.387671583242042,5.500004085322863,53.412117165423524,0.04383397127143804,0,266.6078470769544,0
24.703223685270316,3.798129457559342,55.67922571894323,0.12310531171445119,1,309.419631606749,0
26.31890053675408,5.613263229845668,65.34306406481588,2.284441810865026,0,300.88956619634575,3
26.6244021528357,7.416626428029288,52.86532240501962,0.1391960131537343,0,355.46293126794757,0
25.750159793264878,6.902247855719399,57.843542155399646,0.05972987521793509,0,292.37953873192095,0
24.264765631335685,4.638608695765168,48.5084164440733,0.10655749543900458,0,327.1122006243351,0
24.439922449699356,5.26866684561953,54.30686252722272,0.16338342168566727,0,285.5251300947174,0
28.21470226728279,5.9121258629719255,53.40894749582671,0.0622223751618908,1,232.43707789082998,0
30.79059937577599,5.401585451491717,43.58418127934077,0.018033679047177814,0,257.2064859043779,0
23.42095523336644,3.7798679905773764,53.87492769350365,0.18941187629284378,1,42.52373570231176,1
27.620163466813842,4.415621937385894,61.094418550158274,0.2132607591888721,0,262.71593110148154,0
25.00158107599608,4.39637383386557,34.21778824013425,0.14597948717472076,0,279.8277317383623,0
27.80358059977071,6.317837392470393,63.05968151626346,0.03502935459143261,0,309.46513454029946,0
26.95679259575835,34.81195573321176,43.85602336634865,0.054872466510732174,0,344.2576622560278,1
25.27873824475173,2.8885995545338945,57.503543112407336,0.06312059463635354,0,278.83018392719987,0
22.17722482491295,5.143844093616454,45.40900320626045,0.14209655987255954,0,303.35017087947944,0
87.8294726093496,93.85037044637126,23.95649261930102,0.09339042275086544,0,252.91363789783227,2
26.87152850097574,5.578646672492049,56.80295585216023,0.16581815799815366,0,426.5437274579424,0
25.833088543322674,5.109839303745604,53.362329337255154,0.16356633592014624,0,416.4637642796516,0
22.87339569289294,4.789516919387977,48.513693576287196,0.08050709385047713,0,312.8879389301226,0
25.60925019826777,4.892662858802768,49.51459823026302,0.01737531970274024,0,256.5859313034335,0
24.07012080217092,5.0585141166228755,59.276579082142575,0.0,0,248.48659538999664,0
26.09785342650653,4.531102391766943,41.55140221035346,0.08820097172904565,0,282.18229603924254,0
28.17051617800931,4.26514023830385,68.3384253287781,0.12726160434447403,0,295.62857119673913,0
21.208581618910628,5.275823647439996,42.358061642995814,0.1455416981327438,0,351.92158122135334,0
22.913936578021044,4.107985100121091,60.48890334010524,0.1513929674135241,0,273.23031984268005,0
24.947858460844824,7.613487554934449,47.587633870288286,0.023060297174198968,0,297.1309685703368,0
25.646890451872903,3.8913654961499216,62.43222380172903,6.218050592262464,0,291.20775745927887,3
94.80564532309144,66.4290467128067,18.027039420656084,0.0,0,231.48209809483973,2
22.906828186725164,3.793038638745311,53.89593483753936,0.0651724905710766,0,365.1327043560463,0
26.98760168024081,6.832115093120307,70.31327644677748,0.10830295585169582,0,371.5482627838189,0
26.150188447344856,27.55260536631577,74.8617938365484,0.07614207778910526,0,280.19810575283543,1
21.293431036428235,5.3609340319439065,52.92892593790929,0.04776813247459813,1,288.24811615397465,0
27.549815889500806,4.451168586331651,36.645224892244364,0.03185520661499776,0,312.13454589010223,0
24.94732760929596,5.688704049330395,59.35221703524999,0.16322913453435753,1,279.3498443261288,0
21.68478117927402,31.10066954076689,58.0442791638373,0.12275838944648039,0,283.01752014915724,1
24.623367363554475,5.1755218947298225,34.48773431629776,0.09122264353818225,0,186.9867549096764,0
24.929987366330515,4.4915376729106615,53.07430823809475,0.05537435433322597,0,304.5138434108913,0
24.24651005628291,4.749407538746752,63.05779197879539,0.04468257019147759,1,263.723086971923,0
23.334875308353464,3.4709909375079793,50.92848968962892,0.13493703746347074,0,357.7478531670286,0
21.748744958394813,6.059426622782958,41.50610316751081,0.13578822851207256,0,281.81493496684766,0
66.17402769590309,67.92270056711652,21.064057524232485,0.0,0,326.1779615392552,2
27.028808520592428,5.269566526920638,45.568709767771196,0.2066244247558344,1,257.7053026582382,0
26.664172697346153,6.381842669004559,43.98806296898571,0.041440461369324104,1,357.72519078960113,0
24.669692186903635,4.1342322487590675,58.076585219272566,0.10717849990920097,0,400.7435279265188,0
24.901584579230303,4.516579475549873,52.16712399657092,0.13654606992214824,0,359.620278253176,0
27.97090913000169,5.394394733408386,58.20048086671607,0.1615240483945593,0,288.4096531690666,0
25.949121423357507,5.508577851055177,53.24616604720752,0.11375041748384775,0,291.5190492392296,0
26.287450805984445,5.246971328264818,23.96263293521693,0.15864181391454157,0,265.0983069083655,0
25.171987027001798,5.313376893442724,44.65769441589213,0.1352838203181195,0,295.9157504945083,0
24.11592227628102,6.371793668092127,43.39860514918685,0.09495573382682587,0,394.99032279916077,0
24.880867379110075,5.368349943469142,37.53876877025166,0.12750791541860695,0,259.71264642324945,0
26.816257231635298,5.271520256430547,36.08570528075216,0.09733978488655702,1,366.8453141646808,0
23.357754381164625,3.8293534502858684,39.56290927436699,0.049714951211143256,1,47.80396919547489,1
24.897329060242246,6.005947859359734,43.13179326869583,0.11038020846338478,0,354.95292593421806,0
27.498920265444237,5.103463578440364,40.33315043073695,0.022386188534301577,0,310.03688953050784,0
26.89200912136403,5.538924488159719,56.53574996745421,0.20311582102474202,0,297.82734302089017,0
27.372587712110665,5.461475985156763,48.42946476692971,0.08313274563907022,0,342.4862828422391,0
23.504782440893848,6.2346230896017,39.06833768254157,0.13198024514608625,1,327.60332794549583,0
82.84682587753021,87.73623381158666,23.447086621929884,0.04015224612017574,0,294.0028956551661,2
24.60574180362826,5.405674474911667,68.1273541748791,0.03272289580650756,1,305.6166732172335,0
26.512580647885194,3.8532388447567385,40.48171851705943,0.04438123647211402,0,276.3931495399241,0
28.078112170200413,5.156469613976094,47.97394167305634,0.05892097912754112,0,197.15980876058987,0
29.557947248905442,3.108194978140691,44.82429007297884,0.09281509820457572,0,388.4243177555787,0
29.449375257980734,6.09189460866076,41.99555253085341,0.05907679474266637,0,253.43891779964093,0
23.207525623100807,4.655574024096575,57.334722675905695,0.03552925340491703,1,258.5758422032352,0
29.602067218426704,5.738746221376961,41.43909860589317,0.16061797337313105,1,292.81274015170004,0
22.630628445440028,5.373991897189655,45.43340500542802,0.10655378354549183,0,252.2528054819814,0
21.503240711580315,4.623268085981239,63.35230769649691,0.15126762423080625,1,257.05136261517566,0
23.122477973205413,5.847190016638137,26.844181215473956,0.16775277592775056,0,262.5399988339916,0
25.55677906536327,5.385673187971593,66.90602803559737,0.10764471223675881,0,202.0012625459799,0
26.125557924946033,4.975651111321055,54.479910036666936,0.12890163474435373,0,371.55336756713507,0
29.00062322468073,7.135199189769899,40.29600424392331,0.15876858040103034,1,278.88744314173783,0
25.22476279800539,5.53782602138375,52.733432779048854,0.05019852662986478,0,376.00658588259273,0
25.72074795063457,3.8304878027186215,45.364007006361554,0.10004856422269898,0,278.2878170830237,0
22.547758820019958,5.650298328666109,44.97721484664376,0.15319385972315444,0,343.7938450250674,0
26.154768448733446,6.433389071648439,32.29222123911925,0.11556254377907227,0,292.9500706966737,0
24.393741438418665,5.13721796782371,50.20331718550542,0.09709084092710615,0,255.612215696953,0
26.08771738087242,5.926744183502547,51.011828848873364,0.16929140362301026,0,340.55825157633296,0
47.19222443509673,7.170407827142611,60.45135133682649,0.15040873006349947,0,215.0302379470181,1
28.07891927093315,5.357451275334108,36.80383251824623,0.07390527303114379,1,287.2187945991956,0
25.363062893910786,31.07056257234972,57.05533913665192,0.06214469209457829,0,375.21181520667517,1
26.25743296364965,2.806078507144845,51.25977184757778,0.15434174023302544,0,338.1499094863277,0
25.727028988758658,5.55672063627681,56.0920970484232,0.1339099972448661,1,244.13061046071005,0
27.002483743992602,5.561206943520151,52.825974174594464,0.07511366009678164,0,304.6420219406671,0
23.473455747152773,5.300981790603425,66.13639930215788,0.10956443708909178,0,321.0970421972875,0
23.80846827190721,5.437777807479446,17.34698719983931,0.07995930240028934,0,240.41684761918006,0
24.959302565918634,4.703818094950001,63.23565770420703,0.20116018011379497,1,297.20177623407216,0
25.595811913915355,5.061990834809725,75.30632093306232,0.09212951111579781,0,363.8358414227017,0
22.764361737751358,3.340660269571337,62.93870763698551,0.08416873904612238,0,260.96944855802036,0
21.46445573699057,5.806726193957011,61.902441481706255,0.00477227480309686,0,287.5410242404807,0
30.235792945782343,6.3284535173972545,49.50878455924576,0.2135112481227508,1,197.78190084738497,0
26.147324124133274,4.19190579073505,62.773597133614714,0.09481916770012914,0,250.9621958559152,0
23.677548327278203,5.388274151218349,56.619845317774924,0.11042846847910602,0,279.3326365650407,0
25.71724888535583,3.7696188426519415,62.234916835555715,0.09344391220570507,0,349.4179311643427,0
24.05477096275856,5.0502652440080364,42.310636883419306,0.13850619928783353,0,292.17402577305876,0
28.289922661695805,5.823366571597297,50.541513264316464,0.08567864424546051,0,263.429734672317,0
25.324136499142025,4.651053021709077,58.983286002615216,0.0,0,239.91908823728565,0
24.619368894300163,4.893941523713419,64.33107930545522,0.06168540472561417,1,290.30624296432586,0
24.00664709568415,4.095963232024438,64.28534645497396,0.1748020152013149,0,234.45146704391317,0
25.232980361845666,4.880917436710922,56.52385999557746,0.05716021941752685,0,310.92974697416554,0
26.6674970199829,7.318765977578815,33.31410929698312,0.17323592767368715,0,273.837335752499,0
25.191697069563062,6.333578573388921,45.516404029036615,0.11962195957475329,0,261.27842549390425,0
25.581241943410987,6.733050312773451,53.971216421550615,0.0737972103326114,1,294.6624087205153,0
30.76319561689742,5.519955329597683,58.33558045314574,0.11260157425955251,1,333.62074071934205,0
27.1656547405323,5.696232300960959,51.95098313220585,0.07353086278290691,1,273.5239010916228,0
23.23117172285138,7.827798523901865,51.38268960923801,0.10692980331016055,0,323.9513259806393,0
23.940831821362746,4.331720332794827,56.94589156160364,0.09640750083471565,0,361.500972137662,0
25.02657570325538,5.3358813375202585,45.80304221803249,0.06535488850363858,0,378.08859861325266,0
24.12917259663828,5.943162350866838,39.433560450878645,0.06700739236906414,1,262.52267133782095,0
27.77280819675269,4.208937781866265,45.5534616094798,0.1493674985966921,0,326.6440520888035,0
27.720034300219712,6.310456942697502,42.74067322589541,0.08088406504882706,0,326.2398710934824,0
50.56153571786124,3.814891398066024,53.911990355792334,0.08573667372256735,1,344.6598236550503,1
25.697610367985348,5.29612030685093,48.43773736362611,0.10659174577563682,0,281.4751792698181,0
25.804673285496857,5.65047998577543,43.490071371839775,0.04616840089876252,0,216.23504563443652,0
45.634842064079415,5.753728933472777,47.32637081321224,0.0586632229263008,0,306.3281690909101,1
26.242671483438826,5.815038017748469,53.92358071728127,0.10573338177642494,0,361.57372445501267,0
40.23475892978749,4.915810440556183,54.307991032686,0.07950910973381586,0,344.55005178983663,1
22.85157441470769,6.206573398030404,55.323708348920746,0.06402231425685384,0,250.78042197740055,0
24.63529162215705,3.4979848574490022,49.906099512989606,0.1568176697484883,0,271.2177590862945,0
26.855538446292098,3.3298576144569103,51.884483546263496,0.039391291631365156,1,190.89349950011473,0
28.608782375007443,4.467487151828937,49.92293823423175,0.13183738926276742,0,292.7405670269543,0
26.242523568502364,3.941868503613331,58.296557273997315,0.07453111606958729,0,285.03501057727937,0
22.23613715519215,5.805756929852596,36.10404152808982,0.1642852183768843,1,292.3115104706233,0
18.869722455165707,4.409241619757516,47.89777867367075,6.161492421650548,1,298.2040142168518,3
23.88251978994422,4.209846459094436,46.76233664505478,0.1429743836431321,0,312.2211305395797,0
26.87573107801993,5.601036216602281,58.95707423360227,6.12594390063504,0,316.9099396429492,3
23.600560449143938,38.67563300127351,58.526563198301815,0.18215635723009524,0,277.47565746772256,1
22.59316602140618,5.5291646873050375,61.46488660839239,0.15358724863702403,0,331.64144351599924,0
24.50156537432534,5.9525062778545434,33.31738198790988,0.10825211868929356,0,272.154880850074,0
23.857434862161963,4.835973172690125,58.64317093694255,0.13856016951404615,1,359.93416523589644,0
26.330434855240895,4.706177124831943,77.13266845469296,0.15074437925429854,1,242.47082214310137,0
64.20291394549777,94.82393932857225,20.602049389231322,0.0804513944735479,0,285.5088869938172,2
92.50089428577942,91.16231734682381,20.411788510815313,0.0294901508315909,0,343.0035590050362,2
25.728314687150817,6.1229743933613605,67.50118291445129,3.1429222180614955,1,350.47038693101337,3
24.591607914050194,3.9288075091543027,48.218338866384045,0.12248538887556712,0,284.17896393336105,0
22.892814970559233,4.613903844295462,35.480359132996185,0.12955639709776356,0,316.6670360013353,0
24.31089430988714,5.233231343544868,53.711750218775755,0.09315643883391182,0,325.25853617353397,0
22.284319921697236,5.083764232995131,43.66302533222508,0.18786551911827964,0,326.33912899903385,0
45.94873380407888,4.996283387972756,52.54718073023751,0.02531485471091241,0,308.76452610712744,1
25.206037266712862,5.203338067816872,43.14840926265957,0.051321640119714164,0,216.9298676385313,0
25.278216084512753,5.6925139140891545,52.668802185337455,0.15790235813829928,0,214.38407804496617,0
24.57856748068764,5.824230956192248,52.49271692841862,0.09401361166625563,1,273.64635921015196,0
27.033193951668636,6.30637098536816,57.23780537596065,0.19372599170521548,1,42.42949590641456,1
65.30070213732385,92.2240799795329,10.857833601231414,0.11788053877737506,1,289.73650380858476,2
26.051627364625006,4.144668362725402,42.713569311667264,0.18330701448754458,0,407.5609025866513,0
22.973557122455375,4.805990877763462,59.222889565910975,0.028087028482509796,1,343.3824819003723,0
23.635179549605308,4.795159749281538,57.77187880755034,0.09696048797432891,1,216.0506608785339,0
24.98384775686554,4.7045769480755535,55.62134760475286,0.1715923249087979,0,405.63392640126153,0
26.899956125567844,3.913768926930251,63.75214662905447,0.011421326806543758,1,306.7968721727624,0
24.24422567294665,4.661736740777047,53.58800826022242,0.09012666122035375,0,339.3181135123406,0
24.837060154659657,4.789945730104885,58.541283077125925,0.14391701004183538,0,306.89467242828357,0
27.661813430023813,4.580023241902472,47.84629569744506,0.104739223523331,0,289.8583703672801,0
25.746342664508855,6.3200772539379715,70.10937483583395,0.08022858586318408,0,295.62233975424647,0
23.019850482406614,7.122659551969576,41.3642739711334,0.09075211248255412,0,259.2239074311366,0
25.10208061538017,4.985260866327943,42.43894995088914,0.019277620732779305,0,320.4012704406569,0
25.723506960880396,5.290854365057468,38.67370213633566,0.031402918698167887,1,294.81247985119126,0
27.950171581246796,5.877030894986942,38.60095279957758,0.01418188603684467,1,52.19456185177199,1
23.85826298193949,5.440956837557131,39.83128023549663,0.08803436139731552,0,320.3406957286196,0
69.14887768484704,114.25505533810176,20.3372868534251,0.08548954424873371,1,272.4089854352906,2
24.504489183012183,4.826839966791398,42.595479977501384,0.12253916550668557,0,271.10395740000934,0
25.080125445698265,4.533547608281643,64.14659785959782,0.12666999637008217,0,306.34347183112357,0
23.767532686127762,5.951116272538887,44.55313793209992,0.11458115323580924,1,268.3988845777725,0
23.083850245372894,5.504382822404512,34.55068808852795,0.11588074730476165,0,275.3062218003475,0
29.97836062483208,6.389046847360208,63.33324534875388,0.14070836898099293,0,280.12341963665324,0
23.528279213077802,3.0470802074544334,47.721227839545506,0.11379775226070217,1,62.077371195222526,1
25.512263886563034,4.340476546671555,31.548136590651936,0.21590734642349663,0,326.66567779814875,0
27.32828221948461,4.012775765911093,17.91714776055563,0.19999141686421673,0,318.0437265625588,0
24.766365454105646,5.995324848498832,32.643555774964355,0.1941884521749384,0,231.4740396873484,0
26.129263098327424,4.2318989484011915,54.05755024731039,0.05653587080369107,1,229.10591410021055,0
24.72109515043891,5.019732562221112,62.32274396116892,0.10997217748875987,0,319.13287157976595,0
22.751842395926225,5.399802900292904,64.16785849633753,0.014899224345378576,0,376.4263009789447,0
26.094794326461596,28.838388638412052,45.419585379883024,0.1384716618318643,0,235.9316085140249,1
22.228361541857314,6.038570706645226,56.73319651629022,0.11879138463331938,0,267.08317538241783,0
26.797226127370166,6.252020739211078,38.79623774852349,0.09516625760172304,0,337.1725159363167,0
26.687427362056155,6.813264509946156,50.6556694552975,0.13662389024699212,0,326.5704033656389,0
27.407135349560686,4.486150293302442,51.31558963024751,0.17823730952822875,0,296.0486631400614,0
25.871266033374237,4.518702091833537,64.5443239630991,0.15150005864277793,1,230.54131752937877,0
25.136222985897334,6.061129519367176,51.668586096276265,0.08888310146725913,0,249.38409552781053,0
27.145461032075726,2.572484591331452,45.95226315747392,0.1694229246351066,1,297.1336115106068,0
19.95515353563311,5.3999681925617224,51.39221177516412,0.031488251612148896,1,327.1237098009449,0
26.89013404541013,2.570780570810344,42.806130435745494,0.07051504911538699,0,332.93952303262336,0
27.449451720293663,5.246820052930985,58.23060977490355,0.0,0,322.7782305847744,0
26.075049569895512,3.8757817087641864,49.59552198764798,5.034115249642288,0,355.36478590617236,3
23.508414349001704,5.158736332939837,39.68239378328036,0.05954279974964702,0,414.726475431512,0
25.131694360394953,4.810041897593478,53.88312841840845,0.13078294849372402,1,295.5553983965417,0
26.513440367136383,4.173015303893109,65.95535316027933,0.10601675004766886,0,340.08526344596265,0
88.2931628706423,113.92381221738223,10.267389185290094,0.14333027655705535,0,259.4755867382455,2
24.796252053782226,5.291438264093152,47.359450717869194,0.037702889865200845,0,385.59235289068033,0
23.733709019894736,4.891755377791711,72.41580503237151,0.11655998153297328,0,314.59020415199325,0
39.12962137800725,4.0507183375539215,44.292831497862885,0.10877739349958987,0,290.71387528696187,1
28.232934007399994,3.8201314631627885,42.9628651649756,0.04202711469453568,0,322.7658845653806,0
24.155604945361006,4.475035146960227,41.700743807358435,5.215849130828716,0,310.3291613629816,3
25.66748592898297,4.7411027239694565,63.16612919427862,0.02835742663699617,0,243.70379061921176,0
19.529943984190464,6.831450031063472,52.966125305325775,0.06584715998043815,0,330.75004590835994,0
23.561151599065262,4.974583126684939,50.29636492507746,0.1521578495221227,0,293.3506079108648,0
23.916098015599353,5.601068782796554,45.95368740933918,0.14006220702564243,0,301.71898477126774,0
21.75735399440149,4.720154350396164,66.88747837588156,0.009327426373803918,0,287.75739811435443,0
25.559529481274787,4.150791982672896,49.33828952099848,0.13214313809047426,0,166.79290768096132,0
24.728332864867184,3.356418974839291,26.51674319836255,6.434084219717201,0,265.86470748149276,3
25.150240044212975,4.055204690622322,45.81580525552866,0.09343331638471404,0,230.96063586368876,0
26.319599850192258,5.639748533387699,56.093344900312985,0.11552432527018522,0,432.50042880381045,0
21.24321333042121,5.051906306927655,36.56882333313861,0.17803585433295818,0,312.3154560160902,0
25.390229906102967,4.183659472948326,52.18092462895383,0.08186280182136633,0,347.71857734229343,0
27.24801513440662,4.873664195167853,27.461154732407444,0.10517817306785375,0,266.77708899429155,0
28.603175755666445,6.546726781574193,58.376131246705086,0.12874198755989563,0,298.576783961214,0
67.9101258329809,61.49632051238394,12.398918195676712,0.13444202680855194,1,295.87376889759304,2
23.32075738459006,6.758130507314956,48.96657116678877,0.06197690824333754,1,295.57750478123876,0
24.84804654500082,5.1700035983212,31.41781532535892,0.11625383501994387,0,373.1605657230171,0
62.225735633851826,117.68158636072755,20.892076801857357,0.04400466186418031,0,325.90274670566504,2
25.53824857107926,4.357327144722837,46.05312850698052,0.0885757527199578,0,343.70989376331664,0
28.53526569727659,4.59679216294834,61.915381667758254,0.094119571479124,0,325.9056791327743,0
23.45775048631689,5.008212176928413,48.23479978394304,0.05060629025899203,0,288.73451595780955,0
27.19229385715764,5.935248488383126,42.44983711208269,0.15413588386272217,1,310.3991639986828,0
23.79727464220429,5.56375735920738,33.5367304825632,0.06640590079439973,1,355.2378190855037,0
26.007882514115195,4.6514147093144995,56.668508530396764,0.029857707868878397,0,244.20223623965512,0
22.276327998854345,6.218061074761276,49.971809014626764,0.08468762556099997,0,378.38230154243035,0
28.71342102038881,4.560829622612427,39.92292214829162,0.08122780655119555,0,354.34566413301934,0
49.823413222864424,3.2234064968220877,48.93174947196512,0.04474007368587005,0,339.91692187409024,1
68.93537552652289,31.916051967604496,20.12932793075599,0.12389233131628048,0,232.2052095746762,2
24.72476574336359,5.346818938579259,29.932678322768297,0.12560013715587856,0,301.43036157601097,0
49.11322947739481,55.803359801241214,7.51954066327858,0.09446246672573064,0,292.80020368334937,2
22.308904568331712,32.16648246116565,44.01652147642139,0.09661875753031487,0,326.07402507732303,1
26.731671396618903,6.4062827578501595,47.338533789085524,0.11112966331418667,0,313.6254883191886,0
24.24742354681034,6.376487749015833,50.912688433272926,0.09200155396824393,0,370.79641720833513,0
25.047523218698796,4.523285626267369,38.88314165127192,0.13703572329809424,1,356.2569284990781,0
28.007580227884546,4.448136730949274,59.087747916463115,0.0833625603182241,0,401.9969512062967,0
24.269887124074526,4.261260292850969,45.528696412342,0.16910196916125628,0,320.35164377301777,0
23.572079739085524,5.860387631428594,67.45073876880771,0.12257714809549768,1,315.7540755315673,0
25.745872521760603,4.431690295269654,30.3074271393914,0.0702239876934467,1,303.01975161173476,0
61.74570376912048,66.5131596236443,24.250792204043442,0.07117207213412595,0,323.6798427948595,2
27.537702323651743,4.2408683602547335,41.074447402975494,0.09068234884429215,0,256.36462968047334,0
25.441356707419164,4.766422776094946,59.09175557155878,0.05501392191383204,1,308.6114356262139,0
23.871334518660916,6.333083445007235,36.89257109444513,0.0720395433742227,0,250.66643628462396,0
25.801338022708382,5.357377514472846,55.88786892215225,0.10007455702003136,1,52.14501923777944,1
25.39833662581064,5.430273352448744,27.15032664765221,0.10287490627539142,0,313.2869612984283,0
24.61454029035317,6.527116504980615,24.9481312140559,0.10203636661066016,0,321.66947443220215,0
25.58235403944429,5.560654061561576,49.633356301394414,0.13797125122762627,1,55.77844528367435,1
25.394778943534952,4.2618755116754645,46.57707337236145,0.17550601750079686,0,319.1829744157817,0
24.825491149976532,3.9269852136137042,49.32896465202938,0.09688185482065009,0,300.29895825598203,0
25.196412291358115,4.935891771123396,59.51790756019536,0.17664155707131105,0,353.847884260004,0
85.55726935456825,102.52454020648298,15.78934429190113,0.12020344664885757,0,377.91299745879564,2
25.72518255009374,4.992157157446688,49.344641518962916,0.1665153975215358,0,288.1230930053037,0
24.250748245399816,4.800242688754343,35.20240401489427,0.06964043996759875,0,258.47286479466004,0
23.47833522196532,5.399052721658541,30.400174773928622,0.06491233760082382,0,294.9935046320884,0
24.713114062242628,5.3330059585745975,51.13377749116464,0.06324944696528265,0,330.87107851056874,0
58.30965462018785,75.24928355648191,22.670458443943158,0.025598666769716324,0,335.2933657299494,2
21.24046118925778,3.9655851503826867,51.09368617188059,0.09519104525157333,0,277.58858064544546,0
23.481263990736185,4.3104719583209885,42.24739553301581,0.09028829102282432,0,258.2306161406722,0
24.61110741728943,5.472489542489121,59.14852121832295,0.04763700117566355,0,282.49371557174135,0
21.959125708345052,4.536783272695835,59.60902429567582,0.1297775739234703,0,277.4289955669814,0
25.337081040772404,5.095150723075328,52.572743906753715,0.15377108925091726,0,263.9318203104705,0
26.652548279735534,4.741537238184352,58.530402684490774,0.03985018138731056,0,372.2451093060059,0
23.73526167307369,4.901876485206653,32.077398465569644,0.06730358938295973,1,415.5244732076006,0
23.99857458442267,6.41665950980639,57.89964120415997,0.09879454885011751,0,388.29568377575004,0
25.479303215401266,4.865195188923114,48.672479028365906,0.11842544720433829,0,338.45842197574933,0
21.35047878538731,5.507859358466796,41.74756922379766,0.1886247475783997,0,325.0647664162833,0
22.371949402756407,4.405251643216076,52.86443670571686,0.12413407396831878,0,322.9430674371915,0
22.833452822468516,5.741713205538137,48.00945785824982,0.11804623495811298,0,231.8735008794785,0
27.777965330364893,4.9316888995972885,57.44159335827982,0.23385458265181105,0,411.31571986432823,0
23.976279886329213,5.809873446410491,49.981338537157654,0.08333092478225256,1,252.9958665265392,0
23.175840673782663,5.85204297902124,57.36285978882148,0.1610189325031676,0,288.21414481393714,0
22.53161612462746,3.2854927088365304,39.59795134952037,0.06550539719911608,0,274.34530312961493,0
28.79207668324932,4.311836818513741,31.50970821037323,0.10760001065936452,0,332.0336763854904,0
24.464629791422368,4.821330628870923,49.432101673951536,0.05770213016195297,0,337.16199285740555,0
26.84871260297256,5.410790158173664,59.084706093267954,0.1266177598928262,0,252.6434206087912,0
22.413417804170756,4.276704612110701,34.13355442882835,0.08909901041164654,0,314.9515617688773,0
27.229730148242066,26.480676926797965,29.356457876290285,0.0799001097290863,0,340.7034455092568,1
43.36246185183613,4.212947310010131,69.08576176006719,0.17453477199490752,1,300.04119717022184,1
25.639686284360426,4.540936255868845,35.961037450607876,0.10387578393265574,1,390.66904642158613,0
26.42712442784835,4.1796027084312355,46.670814044782716,0.0987908740148169,0,233.34143075382525,0
23.461715342079227,5.675549552383296,37.64510483655815,0.05712743811775654,0,388.74889441077823,0
25.401445498083707,5.090281324631106,44.38267115554147,0.11622296949285775,0,300.2212631714489,0
23.47407734991047,6.517899896553113,51.46710245954624,0.0922357113917935,0,302.7142139608041,0
25.361289061992636,3.901967323839922,33.53288270856728,0.09853544686490459,1,278.1583509758779,0
26.670723285792835,6.845664385036043,22.10298808177894,0.07849760482328738,0,376.44870741072265,0
27.91697411151145,4.514794920049597,62.591578818500764,0.11074342369048253,0,285.0444113908354,0
25.529723910555653,3.8301692916208276,47.71861809435709,0.06113671120483424,0,270.7405804929443,0
22.008189294660824,5.458666275719274,50.07717431932776,0.11230211616585738,0,310.85666495226815,0
26.4859479200262,4.993670480032721,39.170153870802295,0.17625978949557974,0,283.0526288776313,0
23.941113554245806,2.7586127682907104,23.667341399746658,0.13190260534431864,0,313.92184568129164,0
26.30842727279571,22.040324041544007,39.04292235112037,0.10785632113630456,0,226.25166270213006,1
30.545222566211237,6.580587457046184,47.72753984108251,0.14094770387754813,0,341.4830580034485,0
27.609226096362196,5.5514638957727,64.6042061355331,0.11620053874385267,1,273.15878154257825,0
23.192042658973204,3.4274826136705085,57.57464597927701,0.08895578332093453,0,232.93101942269658,0
23.808828692733332,5.942095240175347,61.296229685922825,0.057338453593902876,1,44.85337254040908,1
42.64779238721837,4.577369055908099,50.65864728835696,0.17599369832189482,0,322.13427061171205,1
28.238533135856507,5.434500706565156,45.198395617139035,0.03407265194033052,1,293.6523200432516,0
25.381476266829143,4.763421332655543,51.773191960817556,0.13367181147059048,1,294.30119672871353,0
65.96293990645003,64.52977901998484,19.51891659359168,0.04061378133875259,0,322.38749265607277,2
25.79417568707192,5.127969290398591,72.29549972372278,0.06717920448131962,1,389.87743050678876,0
23.232875139075986,5.527073904605674,49.32371489317511,0.1509506194304129,0,300.50224567317684,0
22.874311001303777,6.571847527697836,52.31718804973552,0.1329229438440473,0,317.1390979701824,0
55.96961904780466,88.99187453568948,15.51721501127875,0.07309125149734794,0,265.47575971324756,2
23.661658869711623,5.373344572840238,59.148415162344214,0.13303882604986805,0,297.67114879634784,0
34.17899965896516,5.678047662226261,54.06927151348733,0.05802117670890867,0,306.75678202233667,1
26.95823435489246,4.477968256152247,43.951959996672585,0.14779517711353538,1,361.9575606469222,0
23.999705761056237,5.980301789637036,57.553675385437415,0.0,0,224.5396980487544,0
26.852711483416734,3.9202593596826047,55.09676843501093,0.011116195967630776,0,249.31210817182776,0
74.8469780711669,117.2141819210616,15.26562064213718,0.06561620849667449,0,244.59388246246607,2
25.253417376943087,5.772652423526618,42.9110804764175,0.0,0,204.53610425143376,0
27.673847127588274,4.710924271026964,41.77091460590484,0.15591976700984916,1,415.15223490433465,0
25.670933186155356,4.927227483139902,61.100018145971205,0.13336499365901125,0,366.75229649024203,0
24.52606573318888,5.173474849986861,44.37505283461326,0.1050360479061747,0,218.58589140592727,0
33.0989588812171,5.95703586395516,30.177600600886898,0.06413959684630957,0,302.8041698793414,1
25.517913316809487,4.829704576889781,46.42945201268924,0.06714369108479537,1,268.70894516354343,0
26.36495994149713,5.357458140272302,20.846101955180842,0.012423671281936569,1,361.1572179481567,0
23.09529794291377,5.2897907921210034,46.16992578323955,0.12456834254622134,0,192.2123455807486,0
25.910852594394918,6.840582910345224,41.66889738191175,0.16241592216778758,0,282.6095515826638,0
20.361211332488885,5.127687435434845,55.90837887964899,0.13543846943269852,0,257.1015940590165,0
24.898750160637665,4.897818615770101,66.03535074608324,0.07523601076673113,0,277.01856338848216,0
24.529849158025964,4.479744205901527,73.41732086106894,4.231276022665703,0,311.1855793696625,3
23.526053300078843,4.671639773923885,50.08868172637017,0.11670110052201448,0,322.25656668272825,0
27.992687926767005,4.890216742306358,55.36020304068959,0.06826553790257192,0,329.64802610230674,0
46.16806376805501,4.519146244704079,46.74845971980432,0.0,0,252.84635624786324,1
22.51897172703135,26.881228791287594,60.5918196670672,0.08244487484565535,0,372.1228406743767,1
23.277818992170154,32.752185412641644,38.140796809186924,0.1413240342416331,1,280.0279432164562,1
46.006204706301524,6.524411507486223,34.582424877261175,0.12029519537456129,1,293.85916117262076,1
60.94171597816512,99.92208972587224,18.233599745330295,0.15489523785833703,0,304.79244420084603,2
23.81448609445118,4.430469400549757,39.791023698607354,0.10358993876574185,0,268.79833693421546,0
23.599619366967065,4.428375329930063,43.74263800585795,0.10574465986838676,1,55.02096440965234,1
26.016855738229758,4.019414862237229,52.38585248427669,0.16517449300970488,0,285.4871869761081,0
22.69475825087713,4.710867733977197,51.183540674691976,0.21128855862076745,0,281.2598749070561,0
22.97970358241169,5.5164723370389295,67.41610545818165,0.03610791796596889,0,353.3098507191331,0
24.260795935878445,6.063382556908022,36.930936955103455,0.0913318394711076,0,308.7131256305051,0
25.40077348973197,6.275800849111705,45.10691155381416,0.12793851135181522,1,313.19790119738,0
27.52872015931086,3.383490214231312,61.36074630595519,0.08950144953249045,0,229.70233955761893,0
28.19685553538347,4.568324337640251,48.01037078040016,0.054107588371707566,0,246.16304901583337,0
27.025616019340973,4.949168682215226,60.99696211880464,0.15790568292688303,0,262.0924227625625,0
26.791757458696353,5.993342779321468,57.02636049640387,0.12195838673895726,1,316.02303469842985,0
25.230874728879108,4.609862971505478,45.24098953503338,0.08089295961124703,0,360.91082056076834,0
23.30129575627207,4.264032273751081,49.05101629422567,0.09383845766661272,0,351.2658031508881,0
26.77390761670905,5.674333944276523,47.92441411409242,5.702497578674567,1,283.73992038985216,3
25.080828835208564,6.414073529384156,44.158227035137166,0.10643191864004367,0,254.9073377789153,0
26.080006225884393,5.528962470275828,40.12557489165992,0.06449346424713343,0,286.12636130920976,0
24.276347137796368,5.6611517280253905,62.084592270632896,0.12138073432053648,0,307.15723491235406,0
42.442397334099844,4.470960186325188,37.47640491678911,0.05450068129098545,0,335.97524850668555,1
26.5290719586507,6.432138742115057,47.32607487752362,0.122797397450325,0,235.52339622611922,0
24.581565309246045,5.5974862453445535,45.527361947484685,0.03196082633399304,0,265.41186550054346,0
27.350010647157408,2.7772137525586915,36.980018571881416,0.20829975679182586,0,259.7005453527179,0
22.02133276409943,7.382618723656168,41.976801159972446,0.11807701699654635,0,274.71019964843856,0
24.252638288631097,3.150420718033125,50.517598488275034,0.16872459337232565,0,277.1765624347576,0
28.830546154567344,5.403875825365703,66.27919635447948,0.09804557060370842,1,149.27794472730645,0
25.25555569232436,4.5003578249168665,62.360402207134356,0.042136580425230975,0,356.69236993453734,0
25.35896950348758,4.140599209740177,49.88913293144326,0.10534659514441243,0,279.5922216032577,0
24.744539419134934,4.265570894887471,43.82407115231757,0.06967493149196037,0,254.09543805022906,0
23.56629857427278,3.1396381513481177,51.28235671314799,0.11184784008344348,0,272.78370117486674,0
25.786878497758394,28.039740280987246,40.75374875553353,0.10367374857041171,0,296.48579966657803,1
24.85936920857434,5.884266308215761,37.979215514545835,0.10887372375092769,0,326.9469937433316,0
21.663458619577447,4.147285426694125,58.41485318222249,0.0,0,314.85469116147533,0
25.074505444451955,3.7530363010837053,55.57843743559381,0.10806519577759696,0,296.6311850295454,0
22.314671709572984,3.860773108874877,64.91735122747025,0.038967967674287396,0,309.5262601441999,0
24.46197035357663,5.595114497887161,47.56518362361157,8.035813755136218,0,353.28023992298444,3
72.2663170998523,109.32285660945908,13.73813543740173,0.10926840661699674,0,170.09552072617925,2
22.900101564678252,5.354855555261651,54.82993257536271,0.1561142342078933,0,267.6223538832485,0
25.930820758874866,4.798048518705029,53.69475038551936,0.13893007153229645,1,44.9991626523196,1
42.5008206222038,3.4751660449414485,52.87160716520971,0.06244540186618824,1,326.10545635326633,1
20.486131973762813,4.775242230091894,63.28309774952736,0.02167770908153069,0,309.7265661617888,0
23.857919283859204,3.0765495335941453,47.50058117266947,0.12356562774957511,1,429.21734607346093,0
27.201783488508966,5.209464896336342,67.1192764522026,0.1697281033064717,0,273.12975938836604,0
25.625300653896268,5.656083648473684,55.016693764818,0.21950904580413821,0,373.12240577024323,0
26.52081196023053,5.4275418764577745,60.75118909086421,4.309521692894574,0,328.4107708509159,3
27.68150303396716,6.999002587374308,50.619261344937854,0.08626002922539794,0,240.99362791819402,0
24.033982800729806,4.27763544880925,65.01046979240648,0.13615917160781246,0,331.5295103937051,0
28.3057236665883,5.355469824812929,53.65366769558963,0.11731314190514434,1,367.97115337312755,0
48.52643509506864,5.44956692844401,52.113275821528006,0.10903659033110576,0,304.5742948140029,1
26.019520555362973,4.27422632835875,40.204499016819845,0.06423682531181553,0,320.7449880526161,0
24.97660748709482,6.182404805784547,47.908680014187624,0.08529017968497682,1,261.83888484716,0
24.170655536172507,6.051579119523094,55.68170266761374,0.07180055742698178,0,342.5538199552013,0
23.85910546165126,5.162218157106219,50.28060776246453,0.15793437136304814,0,365.7734799546232,0
25.285561956492046,4.156028037004722,60.52897057599462,0.0,0,195.50280407810453,0
27.03118000550374,4.661479436409669,56.76536337338775,0.085591287587759,0,348.57161354126924,0
26.758979302607184,4.392151734125343,53.75099931882891,0.12085449630598097,0,349.34174320520464,0
22.17710808719794,5.114729776833212,53.552889207618655,0.09668725214634499,1,307.73676419431325,0
26.67236746346484,5.572297785530242,48.27982338605864,0.192312226195624,0,293.2911082050719,0
26.406202322424235,4.995680386276311,46.61362517686082,0.0772648704642811,0,331.4218801301505,0
21.40835920183719,5.4026335287988205,46.16193505830098,0.09036685008742479,0,210.94804499737694,0
24.15659363971505,7.163243279515665,74.86828448209288,0.12710012167819004,1,244.32163580735966,0
25.466995420304716,3.6100849664035892,53.17011450909655,0.05786598189110041,0,302.16502937409376,0
22.55107250183775,4.951013087079588,54.62993318474791,0.0813046151095253,0,347.33089285900303,0
22.777024834849836,5.162562309946807,57.21840528002976,0.11569918370757318,1,419.4369165425187,0
29.057668799448468,4.922892201891899,55.695252552982346,0.1301143516946338,0,329.73324632718754,0
23.484644420602724,5.687941656300357,43.93151737607352,0.12145314451638037,0,326.16046645626,0
26.872427203760783,5.375039701529404,57.48479809512856,0.1109878783302587,0,392.4589859688165,0
27.20558657883952,5.5832439363506845,54.47247683669934,0.07445565273294971,0,365.629897888671,0
25.8039103099347,5.225829225028202,38.82070668104144,0.19481006373815776,0,233.60731186873517,0
23.32219453432136,4.15121866462532,46.02399897729831,0.07802884316921,0,388.3853942941326,0
25.670537543987948,5.896073989381325,70.57217655198187,0.20125766522696245,1,255.08014242708987,0
23.851536945765986,5.16661623861999,58.97453014912754,0.23049568038354293,0,392.42032991800875,0
26.473333642448793,4.976348815381326,44.47230245424846,0.10648000842794028,0,366.79100510077535,0
78.87404180414842,84.1582988567655,21.021282982510176,0.14552795129337398,0,246.3986709305308,2
22.983981055187915,4.738774425188192,33.88081081788035,0.1613005127620442,0,243.6309058535591,0
78.47896672697492,76.73749528350673,24.080970052725135,0.11273501476725742,0,272.15714374640095,2
21.914746693813033,5.246179247229555,50.08788501895562,0.03882278153087515,1,282.51828596680707,0
25.351225394135785,4.0503664192590625,40.415733288629305,0.16248384261889676,1,216.02177831735395,0
28.002238931918956,4.2673430250654665,46.70228495235061,0.032563511490573516,0,369.6221741394362,0
24.357672324689283,5.413101992770979,67.15158999490697,2.4564998306273162,0,363.3906480927911,3
24.897567373510032,5.105539556350083,43.49945251610467,0.059247512678076,0,248.01598522699075,0
25.35437555715336,3.623743047560409,50.49013040231278,0.09112113821374707,0,320.05545673601785,0
24.33199175087122,6.146108401779194,44.47795654037719,0.1471366241202836,0,398.5860433019483,0
21.278814106810984,4.917131244863966,24.513984598794607,0.05871699514397248,0,386.77238465594,0
26.964972334428214,5.845825762025637,48.46682393065714,0.09955100708666495,0,312.8680331596101,0
26.379686579140515,7.646909280072114,60.90322208380781,0.09672710473553424,1,58.234301005113316,1
26.724032650343727,4.588203442189793,71.56434674102272,0.18088282995769062,1,326.7952578957653,0
24.22861687145672,4.352617628595198,66.52054456379432,0.04888797264540859,0,286.353412556424,0
27.30629408170312,5.365483617581871,29.75295025708452,0.08696234584286408,0,252.10285689651926,0
26.730203124327428,5.751262619455874,27.795285583152825,0.07240389352232739,1,327.28692400538233,0
23.41610188831476,4.664047568946596,56.09460953481647,4.449221662584366,0,229.1632893583,3
26.065335273612178,5.696879722083492,46.66228489902217,0.11410493370693714,1,47.3818679500024,1
26.18246638773107,4.852983573082802,33.64431866931124,0.040032644772236683,0,273.7055745095609,0
26.638358103928116,5.526281034698444,55.53747409148325,0.13458121179116975,0,239.15505336048915,0
85.4112345880053,79.12784054418331,15.068101677530084,0.12834399452407094,1,326.4397701908637,2
25.474206434481488,4.421747423801242,56.53535588575478,0.11439002129948544,1,302.5720498289775,0
22.176175398083636,4.003883128933903,52.012115910117174,0.16532836170370746,0,359.29512649988584,0
22.476422374649527,5.470362206446896,41.79025431937674,0.049154788428282054,0,346.5592260921665,0
25.16748722744661,6.481833578489065,54.31885495926841,0.03211908156227321,0,169.21108386929916,0
22.858701591501866,5.995773968792964,44.428349074821035,6.905908322547485,0,402.3051241817254,3
22.97756189451045,4.664768142799823,40.415395151969854,0.07557698005356704,0,248.71369353791633,0
23.322649389295513,5.746189623978038,63.489956526924054,0.09466651233669801,1,199.63366694706968,0
49.531873804136296,97.69614895834263,19.309310631526053,0.0924765039942929,1,237.80451791610562,2
26.10875453211484,6.552791649998424,35.367122427752726,0.014082014076374091,0,328.2782298223539,0
27.407121765535187,4.152239933251799,53.47544233666163,3.136881220790115,0,246.6505404832126,3
25.03856589072151,5.105281476593862,52.95207090386165,3.22305458361749,1,319.25447729408745,3
26.045547564755854,6.209304703939888,52.197614370249816,0.14330901339509952,1,272.38787569137156,0
23.49506991321576,6.150981263088819,48.169147421312424,0.19583986019167654,0,244.7779989253306,0
49.92685603359816,5.56261636347348,65.18222611226535,0.19138695440361947,0,278.06578474087866,1
23.68710934613245,5.98672819747856,45.7137677646531,0.03947611152903599,0,261.06303571724163,0
28.202776883306612,4.863824825582304,56.53632502377527,0.0529495714114286,1,42.97989492157065,1
24.483477184757472,6.130799132231126,48.82635452496164,0.0,0,170.45377684701575,0
24.038313294860277,4.422123764220787,69.52823284107295,0.17231995928807226,0,366.71030536463144,0
21.072924195448643,4.231060959236281,61.11239632142244,0.1466537914451403,0,253.71542736975394,0
24.264607089893595,5.45389559818349,44.08897375640574,0.12369392360249117,0,272.63266820027263,0
24.406243783375068,5.140127241201643,74.06530139628101,0.22799298712685767,0,280.6047486856954,0
23.347048326451823,5.380975185247319,56.146142047170635,0.18277056683988102,0,280.6508323537415,0
23.7003156160669,3.999679302302878,42.30733269991867,0.02891102859919298,1,311.14256617800066,0
29.972193462383675,4.779959613319492,49.29864807795766,0.09974317207276875,0,285.6700436154199,0
28.078897530301003,6.970172598351438,47.79768722239628,0.06331107842034114,0,297.84502529444546,0
81.42330296606804,83.8968932473876,23.27917930381838,0.1022634280244253,1,241.6655097221846,2
21.578413684649213,6.832642908468755,52.52280219374003,0.00963838786697263,0,362.34811659073347,0
25.22297601101001,5.122112805091439,44.235508892094735,0.10939497686201127,0,296.2548448029713,0
75.06004845683532,79.68627641696646,21.86010858950317,0.02647888293082412,0,332.6922038545696,2
25.676536326152164,6.324378638055105,48.22643540428166,0.04767986484488782,0,289.05604434671676,0
24.69661780773831,3.258098249376511,49.010587897611885,0.05614732872866091,0,296.9073932854323,0
26.490899213708225,4.621756835146593,30.846097788818707,0.07967525597005075,1,279.33515060242934,0
25.799904122049625,4.957776230991934,40.006683471114044,0.05993238593265274,0,358.27008873335944,0
26.940414210937185,5.81874014981955,58.501453796692445,0.08888032144054361,1,330.62745008553,0
25.671293267705238,6.842309589652752,41.40024519950258,0.1386492954699998,0,259.2699571386958,0
28.877142200898767,4.80828863034112,65.38099290002175,0.11517067007200328,1,268.6951174698088,0
26.95548451827931,5.025310098240761,50.80476308501883,0.08694361591039794,1,294.96109941985094,0
22.224397898469707,5.50435504316434,24.943089956856298,0.08914643961199424,1,134.13408393555775,0
21.824230384567347,4.526543762913103,62.78596293319679,0.1303857731529664,1,265.64243956462224,0
21.521850367563253,4.487540505588964,44.66754787077358,0.08962053255008659,0,344.02742812175563,0
27.23213743028614,4.3951035938867875,54.87612800755276,0.09797000507350136,0,270.46664626648084,0
25.423922749118777,6.510729331448774,38.014074652110764,0.013783490951862445,0,274.37909632812364,0
41.967865563307534,3.802549790456343,48.48325050181284,0.12029814694729604,0,266.33630007604785,1
28.021759293269785,5.0636108191012825,53.305890604662544,0.06688788826742381,0,263.1576105933805,0
23.69590950653362,5.308321838514939,51.12951968385265,7.475949091124548,1,299.0958912834594,3
25.26750423839576,3.8679660865756373,54.98223180295281,0.08159568021570679,0,264.2659955536308,0
22.969456105041985,5.225224989905805,68.53869844466338,0.02393393089754138,1,242.77237916603718,0
22.409924072535063,5.29867571230666,58.14496877059949,0.12351425749639805,0,265.99051740930764,0
26.649691090792743,4.965483256291003,32.50302734468687,0.09325849080445338,0,271.5468621066627,0
27.65701634044678,5.896822332709065,51.54998420799467,5.5239390223750915,0,297.73812428100405,3
26.203969708755196,3.9875645087145264,50.10142386195965,0.16781087799418148,0,172.03140192425235,0
25.769703548803417,2.551139921352135,45.21156805377467,0.1446624046138387,0,384.1934378501688,0
25.11670192090279,3.775805883322589,57.43951913056758,0.1541487847932053,0,349.5946676713143,0
25.1334079034266,3.4712042378488412,46.43651515441631,0.06349466164698561,0,214.10634756973747,0
23.497532660633976,5.784952923919556,44.69346782747027,0.07213447786937402,1,277.08405336159495,0
23.003087537518883,7.847331684049631,42.8403777637661,2.9519648286339857,0,265.609152640838,3
21.81139435500713,5.227260637475262,52.37242065605919,0.13060793508482185,0,336.6293468775804,0
25.91889309798549,4.306232929557289,66.8947301411499,0.14605956993826308,0,311.8389798363174,0
26.441477686626058,4.589394821454465,47.79000724004032,0.18607073873083224,0,272.1442475893564,0
22.206961364067208,40.940386077884625,51.60003543526091,0.09260269497333065,1,345.5546262825595,1
24.263319351600508,4.934437921863581,31.62050830175079,0.035384620435450334,1,351.98001018816507,0
24.119556050332577,4.440471663963811,54.228944904957814,0.10537553719759152,0,318.9923979392827,0
91.18884313564394,93.99406101197214,24.27658395218778,0.14669119477928164,0,290.7346547538341,2
26.890597082143216,4.343582069302854,51.126113655532805,0.1338665848727601,0,304.91059413454946,0
25.00082152675185,4.357341907542664,67.33905949596212,0.1199165494176482,1,274.2796327324272,0
25.604406099447136,5.5822741159145135,65.12670698694322,3.723276248509576,0,242.61230320530635,3
20.71919888366197,6.975763657226813,32.981435362865454,0.10871017377563993,0,353.43728518198213,0
26.12900090794264,6.474828175226968,55.182784805318775,0.11770842832390606,0,283.61644753956614,0
28.133079431795164,4.732985129830113,39.11307651862735,0.05902100332127146,0,302.9765741396166,0
25.83229688762267,6.757420830758539,60.060245006638226,0.11405848009791911,1,296.99812775859306,0
23.576681614835604,5.664605260857608,42.87592199921013,0.208143500137819,0,316.17830395511476,0
73.90831599478356,59.43570319222204,16.058096663565976,0.03994781678485554,1,297.50243342203225,2
21.504641063942188,5.5401323582297275,37.49457118748192,0.15528293490626313,1,339.5042782309188,0
30.14488401453776,3.9466501233458313,53.13598022464028,0.13164692455653787,0,320.3849090827277,0
25.982909859921797,5.079032411158266,53.27154184948836,0.11510749077017951,0,368.1045582203898,0
24.197197716920968,4.8097355523158765,38.56655330281285,0.1068192697391107,0,252.23098817286797,0
29.120991983286252,4.770667382068048,38.28758336007846,0.09425886386099641,0,351.82104820296775,0
53.985951693868444,44.58224507531878,17.707644428095207,0.08627745623289682,0,228.10049985260403,2
27.388993404897825,4.334156765545614,60.82255610419777,0.1014848292037357,1,292.3729957170153,0
25.522830754825183,7.46260826720598,30.95087728136656,0.10958871884109654,0,357.2182287456999,0
49.272267218438515,125.82337894465815,22.933784836070803,0.16078678420210232,0,313.4308878457631,2
25.891764603371943,5.585580076993053,59.58054340473656,0.10570766123963962,0,409.7051330319832,0
24.781251052685402,2.986047783026561,41.3918661419501,0.1146722704621563,0,258.15247809915616,0
24.487993985069863,4.708640375242523,41.993199653479785,0.12086498325662337,1,270.81176523234166,0
27.814094379401787,4.518037908792592,57.25785529314349,0.10069690502727578,0,298.8441125475768,0
27.33851927982265,5.229552058467048,43.2128051670497,0.15739038636477518,1,300.0262815417862,0
20.09493878255281,4.330158703036531,51.75585300479033,0.17353307367270726,1,392.2889456630787,0
22.484889460053456,4.286199821284509,69.58427326090639,0.08772375259933539,0,280.92814898964616,0
23.185486192916642,5.067368851617863,48.7720843668906,0.2305020934989256,0,350.2931060357936,0
28.721446289850945,27.56668970378052,58.34670335351329,0.09838154936533766,0,319.5979664979659,1
28.38263144778123,5.1889059195726475,42.93129721549327,0.10107625221447626,0,374.47171535627825,0
27.789428116411937,5.0769425375016946,53.42321589334016,0.11426345835800446,0,310.5674263075031,0
27.276156480246943,4.944439959237356,44.44396278174355,0.028773527687758274,0,305.8900636316191,0
24.43700538682691,4.443455188459895,39.61140549376477,0.1901418859505664,0,244.35231625994717,0
77.86053978969656,88.71876748990066,19.27390786138432,0.07505609253034504,0,253.98202339128707,2
27.8735307521087,6.570598715702115,44.916287784322876,0.2044179425945357,0,322.80808312327605,0
23.299615150798413,4.649296084751016,56.73959263172237,0.11249857012967125,0,300.0864211424268,0
21.807908009842947,3.7161073504358546,50.10552943111092,0.07408527601016657,0,319.60220708135205,0
57.05257449914595,73.27360755437577,26.49672315975921,0.08477341256078624,0,279.2014558189012,2
26.837986111441296,5.3831597394445945,39.27173637194326,0.0973537507430455,0,280.76650752708616,0
28.361540262333676,3.2191917798530847,67.49628658758184,0.11306068893917126,0,293.1668892365271,0
23.57215135896771,7.173281573659908,67.613571599604,4.658800872979398,0,263.8768778950775,3
20.34329686245128,6.197583230371392,40.1729121425699,0.05012978833676087,0,203.27852828342145,0
25.16313360308152,5.269887449341658,47.11906455621765,0.06793903567674967,0,281.8100994441118,0
28.289436823327957,5.971666364504512,54.553714484617394,0.11220123448057817,0,281.8334554557336,0
23.67417924982216,3.2217476231887012,41.407603980569185,0.04102959479272274,0,323.5136723433981,0
22.470781302821468,5.768089050270164,60.32000448816768,0.09691478310668764,0,269.72419319657496,0
25.28705726065696,4.615684889141763,44.37222805020451,0.15027556137580164,1,47.81435114313048,1
25.418849320180414,5.624886769541421,51.378313300917966,0.16677013420527853,0,344.67317098923843,0
24.422496671956548,4.146476359468656,41.1151068579746,0.11609464099588436,0,283.3775341442391,0
21.123609783902825,2.7731430511184447,60.013092712316265,0.14613662882245068,0,470.282189580552,0
26.363777778567542,5.335158377792408,34.5022123948827,0.0,0,180.65187438015545,0
28.012821758300063,4.6339715875768706,46.40719071112947,0.0,1,309.78026722762957,0
23.606708510072963,4.521201117552234,36.1700984406522,0.1388688410806564,0,388.5343703094704,0
26.13360348516695,5.976074805929292,42.339257523142976,0.17761866835917817,0,265.888272911675,0
21.976113097969684,5.5768852014881345,57.02362640204855,0.0,0,299.263181350552,0
23.77957789073909,4.671271384059153,50.39241949023734,0.16700489081222797,0,300.93566054839016,0
24.246009155219983,5.808571838486525,57.64860337498855,0.0068472510154584665,0,338.13873003190963,0
24.962160046051473,3.9305412435975873,44.69732635158488,0.17413315425469053,1,346.81891023356326,0
24.89132285227883,4.731049799351649,51.22815471624781,0.04406027136942234,1,274.22649813252843,0
25.620599859203733,4.284757512246171,47.0631788496093,0.09723642832241546,0,390.38279553163295,0
23.1508608316593,4.543982914007096,49.69505023190034,0.1607257939949534,0,328.651610217535,0
26.788385864874936,2.4620636219289875,50.048833314841325,0.0005952227070618321,0,320.7589586475062,0
25.421695357716953,3.361141325560423,65.71226061417133,0.06060152184353837,0,260.0058056392358,0
26.744348267408917,6.2817046637016665,56.10574240402627,0.08382967470750702,0,281.6009551307705,0
24.090517989166457,5.252627977244072,53.51510438526537,4.424396213454448,0,261.9243741626432,3
26.555803385894357,5.988581213177767,50.64566811445732,0.11826671577696117,0,312.6269071337337,0
23.614378298088894,5.342708719080525,34.748712713249816,0.14521812167204032,0,320.42444849827496,0
23.232998561501503,5.752424118337614,54.39288960329863,0.11198316118977912,0,398.04676863342377,0
26.94052902957136,3.8214290801789135,42.789200111266965,0.17533233766259596,1,266.13255931424214,0
24.530804382869338,27.158985417879308,47.02699859522703,0.05794149511850938,0,281.837854398041,1
25.15721295736222,6.572433790876491,49.5536629266736,0.013732762214287514,0,350.30321650821014,0
24.174198433448613,6.524917838642037,52.987853116391285,0.029146959796084032,0,319.91892989148874,0
26.535646665687523,6.602933228216353,59.61424919737029,0.12274375319663268,0,294.53791581138773,0
43.19837037992056,4.5860801166320595,51.54663275178364,0.04037496602068308,0,208.35881893425648,1
24.481986761812284,3.607226800002786,54.061378042337424,0.14633225954750545,0,338.33271317752076,0
24.995997071115035,3.7658733150579304,24.53491593400223,0.05495778556813527,1,352.71291968037974,0
23.47137873251281,5.951933122637994,51.33379078238277,0.10411290848003804,0,288.2040884564816,0
26.3956055666613,4.861547042743927,59.3632006173264,2.7657351400666133,0,324.07988274722123,3
27.344946316443817,3.890868132349313,69.43591424160033,0.06054812778430427,0,330.8179396686975,0
25.880765444015726,6.823713759386342,30.40431508282349,0.06363069359086485,0,231.57993800749398,0
25.115178548334985,4.340250906929191,54.90619355261019,7.10941956539804,0,287.19969348122794,3
24.339848544343376,4.192474839628896,64.9496601045519,0.16904112969489432,1,250.60628663663434,0
26.291914167373644,3.1286513704189804,59.307871107471016,0.07702527226118715,0,295.4282039047621,0
23.60244739861872,3.8519838267572544,46.858559883818046,0.05612290053303798,0,301.4034138219172,0
24.771058758030225,4.527534661096863,51.41887533084789,0.10779122280959698,0,336.6761682413777,0
26.596014609913986,2.4792924272887435,45.516947538753755,0.07141300385553342,0,258.7208059508043,0
25.45055382303904,6.330390140810188,70.97685494397487,0.09789610885814135,1,326.3829023604378,0
25.967932809794224,6.089594566375773,48.445943460357626,0.037922182583222136,0,289.63898923051664,0
22.81831558582712,3.3815407826737323,62.63476710825058,0.16385935298008397,0,343.1605864028737,0
21.667378461016625,5.24878385582229,44.51606997039523,0.11652885650193835,0,284.86634030052556,0
26.348915001182828,3.877939941579163,37.3945799922583,0.1103802951043835,1,241.01762424861477,0
24.683096400843038,4.621556740770808,53.05779072213538,0.09701874577900219,0,323.9789854393978,0
22.32287335987021,4.794217180171011,41.94270704279759,0.14936552791882382,0,257.2659738439949,0
23.39802670939075,6.328379327538553,48.21248181226921,0.06856569469711549,0,308.2051930515751,0
28.71739357843419,6.199930952010335,57.71246585599472,0.0,0,358.1640966002702,0
27.430139290536435,5.568838017464464,39.34897172248313,0.13735397388274934,0,246.62469523472845,0
25.508646315870024,4.615923386861677,53.03615997761852,0.067272761139716,0,231.38406371579973,0
25.07762704527202,4.7275427417610185,60.13829125549991,0.1557235832945412,0,291.50205777543454,0
22.670965678078442,2.7459010407746614,52.57192518823247,0.15329937272566593,0,312.75856135452796,0
25.25709952401572,3.8511095341802006,43.68686046911759,0.12081383945654917,1,282.74571203041194,0
23.939763633362816,40.93539541546268,61.41426963617481,0.055661059505257765,0,337.6750143260963,1
25.35371918255042,4.903361750659051,54.67325716112703,0.08560224861606086,0,326.59565610088885,0
25.936727840969787,6.383378922834204,59.031081001747125,0.10897616723163145,0,352.7825120967056,0
24.658298724520346,3.8783856840143507,55.008699932979646,0.12590985883442518,1,307.7534781801247,0
28.60114581318222,4.876906648068234,67.73199501559412,0.04622421730432774,1,297.6323014764996,0
27.409887456827928,3.166004334958951,44.55663793863789,0.039209782661954046,1,268.9324165914328,0
23.772069647790605,5.494313007813173,34.14322528100355,0.03457749288169622,0,304.1686695595131,0
26.74227637012356,6.74413839333054,60.6334298530104,0.022814393052443455,0,208.55563114643746,0
26.353611685111595,4.998270293965948,60.408847602806716,0.13961386819778082,0,282.74695534597606,0
24.733526583152884,6.334496114218618,59.90264036928017,0.09938625498605687,1,285.962219050271,0
59.14199562140213,101.08649615347525,12.456178388535378,0.16205487699118798,0,391.8825303562124,2
27.634479457222227,5.050966004178556,41.45722638791702,0.07743281896542388,0,289.8211996205437,0
23.355645925716313,5.245148197044797,47.34319131032962,0.05793395953467567,0,298.46361220789584,0
26.43298897578515,5.269233064995011,46.10516539023634,0.11182251567488183,0,308.2741980929181,0
25.148644837125765,4.342207398093239,64.04409338783522,0.06724297666116608,0,259.45251593828317,0
26.142999935001907,3.0950167529230566,32.34369040289218,6.585407465603704,0,271.0666658186665,3
27.949731090585914,4.2806542328522195,57.37970767987334,0.1701842596443551,0,368.05230574531316,0
22.240118962303285,5.468047084708487,44.532860911744486,0.19248076195644478,0,285.7621239258381,0
23.367264901812643,21.811986827039537,54.170059112989726,0.12935634027023682,1,303.92044432107224,1
25.97424817013252,4.9886499867039085,58.342919821936874,0.11064480137909229,0,259.36963115904217,0
26.59157634527981,4.018081671181003,62.352709104736384,0.08669839514023883,0,293.0634788469443,0
22.9249466850587,5.883340806957549,40.06535587903254,0.0,0,328.2811510704746,0
51.28672271386642,4.676559177821144,57.84108773653838,0.17614828662315624,0,297.0845720267567,1
26.252265802492232,5.655646960284001,51.6343501148549,0.10813033348940068,0,340.2802391062801,0
26.451293154688496,4.475370894730951,41.31093295849355,0.13721677782588212,0,316.73925908679325,0
24.121068570730237,5.942630548986707,51.30695943912369,0.1086422934952337,1,281.74898309838613,0
27.347201003448667,6.09973921712293,52.18604922112605,0.08267789648753598,0,295.849354752819,0
23.488756829786247,5.334162967401705,44.93224021675132,0.17720845955734937,0,268.31586606894336,0
26.545983197262817,6.576972512901101,44.016732304404094,0.08848369847566646,0,322.97918329879985,0
25.28303854413828,5.428985770492437,40.98029447936176,0.1058262771515992,0,284.79427695616465,0
23.820318555591502,4.88473361131273,43.84661497383285,0.12308263219454225,1,323.75412622364007,0
23.30829737181064,5.812890329449264,60.27688738057786,0.14097239457999225,0,273.41603821051035,0
30.012565034314928,4.697413984502418,52.48233993227636,0.11461417745736793,1,228.44396602969226,0
25.37900348578611,4.675465071924975,48.01699598590451,0.09259671918650589,0,360.78704941260077,0
25.61752411941745,4.85866803425167,72.84482245007085,0.050014807664941346,0,248.3556756475567,0
84.34547116219062,69.74702027739498,27.943790848385376,0.16387944886967692,0,304.3150614549376,2
24.706733554348148,3.657826946356048,39.919520936283334,0.04735028051282847,0,289.64630785937703,0
23.367624336766497,6.793689186926937,53.98686489854476,0.14251869230728403,1,314.62978129720597,0
29.10252885634764,5.419717954297791,32.21745068912972,0.03280805675266328,0,287.76881197732286,0
25.832167209668434,6.672256155014476,38.97324349504025,0.12131753698783965,0,280.01349570751,0
62.64979923048666,91.44067788158952,23.583886469901394,0.06290389024873047,0,220.27077196991348,2
25.87376390843121,5.985418779795255,47.11398653456034,0.16961937388659715,0,339.74929337644966,0
25.802479446611258,4.245440979968616,59.56726085046465,0.14254867278287542,0,267.74901809516905,0
23.822773252490155,4.7039241321109655,49.27358844024902,0.1708935644481785,0,265.71498312674527,0
25.325853332949748,5.010975487682006,67.81558465370298,0.06311878405855087,1,329.58591786648145,0
25.407766732828858,5.290635618960042,47.7862476703934,0.06808387030070667,0,277.8744717478835,0
23.30923593656959,5.436341928181614,49.7204856141589,0.1412305945947244,0,248.68739485771133,0
21.665554294376356,6.044892934419987,44.07138711528104,5.214797811700419,0,243.92666817185187,3
26.16375919350305,5.729775405861807,28.64542720689665,0.13611372034392333,1,230.15620304868656,0
26.745555941656242,5.509733324045025,61.579021180919284,0.09285683859292279,0,314.755453342671,0
25.12646611737922,4.481208861710778,44.77612344391905,0.08051258060384062,0,330.3328109301549,0
26.745123633368898,6.400164687536534,39.799481446416294,0.13346924046295922,0,366.89498374525186,0
27.666078794930918,2.6840207765555473,48.84001577158874,0.0653016574414853,0,222.3312524917623,0
49.85020799777428,4.22441098856298,42.26949049358041,0.12041247723738517,0,262.82229291728197,1
29.956585292867153,6.283837978544859,43.67139131159079,0.0943769105635379,0,339.54420200050834,0
25.955295963780983,4.056302330687923,52.609202567109435,0.10155302361795687,1,32.658862015481134,1
24.278123583446416,4.145225205495585,57.77424281338522,0.07806939886118658,0,276.143480901711,0
25.914021808722207,5.204958182167267,54.14304578454406,0.06541083147417315,0,292.53764224138274,0
20.928714699227314,4.916342129335635,50.85616425257581,0.0,0,327.42533188328383,0
26.28433490661407,5.771885222323061,58.989989872368334,0.13882286135188882,1,356.351011929336,0
26.97773548328045,7.725676090716994,41.46008430428484,0.1257347519552049,0,291.7586487211912,0
25.705705879159122,4.610766059127443,50.92478708441056,5.467725987796334,0,376.03113742698275,3
24.280534325430757,5.845614398095087,38.83157711657658,0.18650444423142987,0,352.39027801291144,0
26.608120141978365,5.658636970264524,25.122009247109865,0.0656276663755451,0,303.12655481959314,0
25.209794235724456,5.453368453090713,52.11574397370725,0.16251964416044357,0,227.34721869873704,0
23.458705748395776,4.814866546789116,50.27480653052096,0.05323870099151376,0,293.50104100930116,0
25.671632072958456,5.378686979297407,52.94645145480663,0.02412737659908469,0,290.3195641248567,0
25.67610042955668,4.591086166882038,65.32610949592535,0.054227756091806634,0,252.1619322252055,0
24.464213505880863,5.9465984889133985,45.36540202018607,0.12045524948499294,0,271.24580790208887,0
26.723754026194865,6.974573285995825,45.41365942737135,0.10781343388462102,1,326.5996917893535,0
25.856184851680307,4.340223593060607,57.443894736685735,0.07592807881048141,0,196.68036392901104,0
28.03306420232838,7.039049225933212,63.138582287632445,0.07680608468578504,0,266.20074279326434,0
25.099964917598776,5.3168579687680655,30.009345025776796,0.07075127778656586,0,314.7577264123642,0
24.418274861895817,5.5315571986676275,43.375977307332995,0.12749340647443083,0,276.0740023347056,0
27.509498299261878,5.037781977213412,45.52201940018407,0.06042768609402136,0,232.07021653152827,0
25.458325778236436,4.192969706549502,32.13588853805095,0.12247216429477001,0,377.5648893495624,0
23.221625557438603,5.388480181893939,55.306040228351264,0.15647482294602572,0,288.6627435658581,0
24.735267163725677,3.76484135372071,41.20073239704073,0.0782688862674479,0,304.6130932521719,0
25.541135399897613,6.340836659684834,40.738008072769944,0.11224460844341115,0,245.40754741273582,0
27.650034124779904,4.225586484477622,50.884605950269325,0.04853863259214963,1,267.54530527868025,0
23.35539677271844,6.1654565829495915,56.869587587110345,0.05583357110111259,0,231.6976678450472,0
26.9137104040972,3.7644075131652577,47.02498944822551,0.042779598902141114,1,49.68563032556852,1
21.78942879535042,4.2899795839060815,51.779933519831964,0.051378399470048776,0,298.3703008979316,0
24.08518461073107,4.4547311236828335,51.828361590454364,0.06353373833923615,0,287.99323700796265,0
20.84919102422431,4.639712971935997,68.06913541166335,0.18143710994800333,0,244.5767675184206,0
20.847033642977884,6.3373755472474445,43.619807413181235,0.1607366258662169,1,254.2364496905293,0
24.757166606728195,5.987578383214304,56.34359519290829,0.02700431268822545,0,333.80780898459994,0
26.85941436671916,4.68838123753977,63.80337055588797,0.053616048381625835,0,306.7050845304828,0
29.260472167997555,1.9651655108127581,54.37170930196176,0.1278522073891594,0,262.4206463554459,0
20.933870606453063,30.382997529286875,45.855021461126384,0.16803805045959636,1,351.7887006071127,1
24.9863540437026,5.534846047552483,39.31538052686351,0.14627432402389046,1,49.26394678153328,1
26.403014367010076,4.942825443912361,31.78619635931139,0.17666317062009484,0,358.43193833478654,0
24.2666119661632,6.2908773275534156,72.38621626786845,0.10025342624207075,0,325.86348006449276,0
70.83970902525935,74.58627225733636,15.39923271992395,0.060977065839080774,0,291.7418239055649,2
26.20782412018684,3.8989629914510013,37.459876639062955,0.07031950431667561,0,404.21593433897016,0
24.60817573954367,5.258665391360434,33.25300339887714,0.0642191260460687,0,229.22901178173782,0
24.56849881690618,28.214132559459525,44.641898821577236,0.1619260461299524,0,313.75630185781336,1
23.139656938965,4.287759091259486,57.686287772914206,0.06791880421797392,1,277.69715065275085,0
25.148691673853303,5.219816956726206,56.794772644271134,0.06365221893623332,0,329.81505490964554,0
96.38888871967853,59.818417793128646,10.358064879110739,0.10550578510276469,0,346.5595837249899,2
26.06570520955703,6.135865468648506,36.73193322304333,0.16213050466487977,0,278.15979310218785,0
22.38300822592738,4.589620879795844,53.824352876342246,0.1393848545642063,0,270.12781476355474,0
24.610475823495577,4.468939388194594,65.60352565292827,0.1052756791099113,0,220.78431783961946,0
23.532567019561625,4.451557573497715,48.17823123085634,0.13191946502508411,0,406.9511526298156,0
25.079054120565175,4.375860215306848,46.3645820365142,0.020377807897573444,0,294.8208694385226,0
25.16529355049212,4.695011436112129,43.14846357300327,0.0469937675496879,0,312.56246935560915,0
25.9806007595238,4.927868645677929,55.55406940378887,0.1071455169290648,1,308.5562471328936,0
25.216139755533302,4.6734528471263665,65.17613268850555,0.2118160697023298,0,307.22084492355503,0
25.25649044800365,6.953483932831074,48.35024778006797,0.009452007835372436,1,245.2775809652411,0
25.56380932044438,5.626884103496611,45.72477925963792,0.1517182959333187,0,280.9747550430275,0
27.396245367738928,4.886504749981449,46.44097460582264,0.04503271467759843,0,283.8025759658725,0
28.541436505062894,4.543791388375148,54.55707101957717,0.06858960501277075,0,343.27448210850696,0
27.674991372262102,5.614934023378609,45.09004263306605,0.1708060927338429,0,317.9823758870372,0
21.985215881188893,5.835486948833798,50.62713292798027,0.09379009456795925,0,269.068080436488,0
23.48071035564788,4.063134130270493,60.28839121865501,0.17159309702219827,0,395.6179820958246,0
22.954237967460283,31.964566207575608,47.319951468336114,0.11720868642951908,1,419.45850684598616,1
23.33842123505319,4.273833463642717,32.528918660441946,0.09650901006317074,0,216.33858963419928,0
24.12672860524549,6.186337303382739,53.12622353900803,0.16496891276100178,0,303.7975552666107,0
23.007057394093483,5.328332555030091,50.253551621221845,0.12042744190573988,0,263.87859737781594,0
24.71036398275724,6.658212243212149,43.58386931083509,0.04069207157677947,0,243.99987128364063,0
18.408360411411763,4.848129842260783,43.67535261261184,0.10117837310351739,0,349.31613442376175,0
22.641993478878263,3.963562113256131,44.28513761702725,0.06541468198158354,1,332.57723308897766,0
27.73297930855614,4.363740665863435,58.045619485520604,0.03668143156775146,0,275.0057446682749,0
41.29614727264557,2.559079720074548,42.167438672761385,0.15841625007196158,0,289.9078324983569,1
24.207811611171493,4.408287467291758,52.4881095038971,0.10867686677445527,0,279.0308511787974,0
26.335428829185908,6.030840399254909,44.848194712476115,0.17435616359276013,0,288.0669928245962,0
27.75315178549445,3.009447814078642,45.88511416415724,0.1804673391231335,0,349.04444352528736,0
22.40047658942636,7.434334985043971,52.37448638758276,0.17390464962103702,0,248.13888847963477,0
31.362672803994336,4.816962572167298,54.234377784018534,0.10465130824178143,0,286.7161991327028,0
22.615756914293048,5.0773026764664255,64.01924164057507,0.08962943318045828,1,308.8230573914032,0
27.485543268336006,5.802615123769997,70.8512334068454,0.1492305074830154,0,307.82724007556806,0
29.104310833019454,3.858271160992805,57.61112369941521,0.13855874906844462,0,306.7728079609064,0
24.816926654801623,5.925495796180395,34.515886151710696,0.14263919248466206,0,365.9297429796242,0
27.385854719120168,4.754398461730818,43.455233446444254,0.05459096508286399,0,205.9788167106904,0
27.166355879827,4.895066182803249,63.0347775740251,0.0,0,304.1656728407647,0
23.17521457345406,5.758424255479556,53.03201404963059,0.19670317202133983,0,269.7203767957601,0
53.095960822773506,5.008793085472833,64.06644835101547,0.13368236193110786,1,254.42679068627982,1
27.102101359899066,6.019879838962976,69.60512635691916,0.14980893332655532,0,238.57730940498357,0
24.793898886313883,7.744883763436378,52.36080817233985,0.025843564098426364,1,63.42736331946529,1
71.05961670352515,73.284860054912,12.81026460886815,0.01257740880650314,0,376.45985167158096,2
22.43056064258542,5.019908071839124,47.105977112939065,0.10658539916082548,0,265.39062438670834,0
21.400739477122983,4.640971498643248,62.361887668844325,0.07886819687187056,1,60.818091020282466,1
21.36328770362174,5.090137045846905,39.4248361768287,0.19032518825447253,0,345.34679863463384,0
25.935856684278306,6.074627914999136,52.139249700490005,0.122601115851725,0,335.1742605987565,0
23.351710860223815,30.039803413085718,39.83261147389943,0.10281359709112226,0,267.4226706985729,1
27.116778879161746,4.330888295407317,45.75341225285969,0.0819168834521805,0,312.4777528103227,0
22.665017591479078,5.747864807509785,42.043365315906996,0.162019412395848,0,243.15245303524304,0
21.982171280650856,3.8528783455367233,57.206369714055676,0.1261509514542725,1,396.3772132464979,0
24.09937016084051,5.383847660303324,66.02925556137629,0.15765836503441974,1,252.63198855170782,0
25.74334603510087,5.7584624667506485,36.685422473911586,0.15286522062954574,0,277.48788450624727,0
20.770274139918442,4.494274699269534,59.23494405108291,0.18261708195867551,0,269.1319302415386,0
27.689764975005474,3.2080381448618587,64.05156120266491,0.15366761476885926,0,327.02817882754806,0
22.650075746372575,31.98224469111905,42.099411574205,0.21938376577248886,0,273.8826311787662,1
22.68205402593174,6.300502276545005,61.02607418785671,0.11210954968634317,0,355.60536526517666,0
22.11951379909706,6.2842374297404335,60.25949437390934,0.16681359078957989,0,239.9750190395142,0
28.141901175473308,7.192772324310873,52.929450915054076,0.08597557913769853,1,281.11294074282495,0
22.318322525766,7.363561803613372,33.030485475696395,0.013195033792109179,0,316.2832316815033,0
29.218349135361063,1.8162306819966312,61.19031821951109,0.12817049219213753,1,271.5467649344736,0
24.998441324301123,3.427088921173481,60.88085320348189,0.11303648219733411,1,287.58238933342454,0
20.7574858728178,4.991359293620142,56.37512973933675,0.15828661391661442,0,199.7091491074346,0
26.101473174235938,4.971731497789241,55.318580636563965,0.08792890051513476,1,257.89263641905154,0
27.580452972356916,5.177544491523878,44.02112537688122,0.08334324064909567,0,344.27977414995985,0
25.692913949424195,3.6303598098778553,47.98832072923892,0.04191628309741799,0,326.37385374247157,0
25.373083386340426,6.37984771835503,50.734001324737555,0.043404410113024275,0,323.9007369375331,0
23.3129781270824,4.161727937260725,65.95450174520113,0.057993452332811085,0,335.94977128125663,0
25.522808471464447,6.027320961205402,50.53950422382924,0.10878698826480007,0,277.6668015635002,0
26.66520103204797,4.977393327853883,54.787412727681044,0.11359871553774072,0,276.6551240816894,0
27.801850053966525,6.158521947451183,59.022555488660686,0.12553235956645212,0,287.346552064194,0
23.34012505138208,4.914316554905273,52.728421547343814,0.1665533160125691,1,290.03445336389774,0
21.865284550678346,5.014577521940799,37.23607004405279,0.12070462446061987,0,298.4827212835254,0
62.021654581704176,91.71628765377626,24.896024480011096,0.0,1,208.9551456183323,2
22.46122508308645,6.4917946923253735,53.984625975354966,0.14690713028711955,1,351.19988372743927,0
93.45865990522114,79.27924355828534,22.06754025107017,0.14138139837849445,1,300.03289283610854,2
105.64394119170332,69.92665455965619,24.29069863316851,0.026779087684697736,0,169.8072822700535,2
20.676618044156378,4.02028642142224,60.61071602420194,0.12086727389337043,0,408.69486398141044,0
23.897481517249858,4.144516419398927,45.72724630559183,0.07058294646307965,0,205.8190980733084,0
25.279643788332503,5.076136608190295,42.39488857835256,0.08978995174770024,0,369.3047908964874,0
22.678866654867495,5.3576191376989835,37.84215501379259,0.11668241727735741,0,314.6107063216063,0
24.53405714375929,4.357293617216029,30.09954812146936,0.0723533045947554,0,249.56610198336165,0
23.853423737406473,4.923843289483497,50.882499824033175,0.12808388543616506,1,307.84417318993417,0
21.95123188410099,5.6681930988506295,58.25765856685707,0.05793898083451274,1,281.339453277306,0
23.60559204427053,3.246930432029383,55.75986795494318,0.050084086703193524,0,390.5803152467533,0
24.13369056738529,5.028147212877372,51.56801233167296,0.18479880128761908,1,314.5490629097362,0
24.004867137223105,4.068754216737123,35.38729347254334,0.035899944301421904,0,231.59500822955013,0
25.89529757926657,6.219534144794135,59.06853853536225,0.02289878089886513,0,279.74506065402113,0
29.465942758396864,5.745985135312395,30.406568623180327,0.04046644723234355,0,315.89753805978876,0
24.883349326674487,4.6788108120863825,57.45008242244189,4.491525710523258,0,354.9313978395244,3
28.024804589891108,6.257908170311175,63.10339857876604,0.07203345109736857,0,273.0178232542508,0
24.766423916884804,6.806321888062597,44.63901979133334,0.052933358958860886,0,333.33460462068524,0
26.890907379410205,5.308818048149417,46.846359478004125,0.17953804080213806,0,367.3431941635444,0
25.32267953149467,4.700604310887701,42.57479706254586,0.1248250996933519,0,241.60060878284528,0
24.283333887654234,3.647062581086992,66.59773949887618,0.15333213695195685,0,272.37136347784076,0
21.239581286361823,4.145106231372814,54.89628555698958,0.08599541812781886,0,318.34966645168566,0
25.47519198549207,3.593262740296138,36.00296594273396,0.03171825517233029,0,271.4040720287889,0
22.035173608523635,5.091805038086463,51.52882875671493,0.03310091856051764,0,271.0525526871307,0
25.70112016117915,5.298986365847842,57.184507987763,0.2374503867381333,0,315.3587955872181,0
24.434333392448607,5.170495789532967,42.948317411924066,0.015708597099801463,0,339.9391685128418,0
47.92014351919324,3.692357065839944,32.051033512434984,0.14132339317098552,0,370.43871780051387,1
25.58412076010673,5.351170822945559,60.13464930417891,0.07190924618041954,0,280.36726087888906,0
26.17885831429828,6.763612143522065,56.60572889123552,0.17081748945063013,1,281.42830546406606,0
27.663599924486867,6.648886706379008,61.40715429900358,0.06829248043312697,1,361.5882937000393,0
22.729176855694284,3.624634651041661,62.41367212997764,0.09648292902161379,0,310.74252540370264,0
24.662218257226307,4.742350622511409,47.54063944104836,0.16625806150356678,0,283.529157965123,0
26.973922717107232,6.153277246781535,35.06865551783444,0.08583156955152564,0,337.2899125329985,0
25.085879819673668,4.832303564943525,58.85131325050223,0.20306858334778663,1,291.03121723261546,0
25.996239521712578,6.4340193200643565,47.85979008354893,0.08634146637375816,0,357.2626721318402,0
24.121152697061405,21.416322960656103,39.69457650266773,0.08660214085765817,0,344.8130356472858,1
39.66605273916659,79.49081668624719,23.529808466374067,0.07294214397918206,0,355.50188191120174,2
24.517517035921216,3.855914634394417,65.79722940343927,0.09362446187407165,0,278.6930306357348,0
24.71002091955828,6.040994062201691,58.61951408043767,0.1980458606213959,0,190.32254502114895,0
26.374975888020717,3.5108255274817823,50.912755946431595,0.11340289267523981,0,308.4443420354677,0
21.296016691242336,5.213633787075697,44.82969588806616,0.1420532127558752,0,317.2328200086767,0
23.13425824881177,5.563681512695425,48.874053905474476,0.06590278819049317,0,253.0862136811927,0
25.754702722457946,5.632870781266365,43.94797141784588,0.0784935248280103,1,303.4968164637991,0
87.13808667014268,124.09417517979097,26.584791693949498,0.0194764093381887,0,273.5286912653072,2
23.47418059876667,5.1048125051505275,32.48188201689872,0.05175265688368831,1,177.55256578327476,0
22.40545958001572,5.836759905353301,49.67445367484074,0.02414203893485048,1,376.26664728283856,0
24.72967688757975,5.246505642247673,54.08899154184648,0.09532753376129807,0,233.02232290126238,0
24.39965538870115,6.538516050705307,36.45231281057003,0.11754062723808723,0,284.1494201848031,0
23.402022276182407,5.337442490809883,36.19720840461969,0.2002942725799458,0,289.10289658307664,0
25.467736316863103,6.210716408619244,53.581704278862816,0.17793307714894682,0,289.9446640189863,0
23.32688295534773,5.414358928441849,53.032225570375765,0.16719916554305866,0,229.09819018705264,0
25.662223658719086,5.7046017568258796,42.96077685003295,0.10914488049028653,0,362.50761303778074,0
26.997069744445223,5.185754537937694,53.49199060671282,0.10375052921494536,1,339.78740373440075,0
25.18986876852234,6.290167096881478,39.88288999986063,0.12139290546441156,0,272.3559891351162,0
25.517900822397326,5.493232394771696,45.58479249562464,0.11560455361400201,0,278.9818931105499,0
26.07474201801776,5.45747323828687,47.95613489175085,0.14333675584046712,0,294.51216881880646,0
25.584513729176365,4.209594848049505,48.77508131891168,0.05271241484929132,0,419.88250123397137,0
30.66112394637761,4.165250065579992,56.15679569645505,6.788779400833411,0,216.89950853986613,3
49.315882497329504,4.427729750368904,52.81301561562188,0.10048429763772224,0,265.3308690135392,1
25.779881182040214,5.287958003922903,40.0140183992431,0.08802010912203842,0,281.6353831330797,0
20.366227737785998,6.033114801548377,51.94568989505952,0.07905421260704015,0,298.83339778293157,0
25.317453147453342,6.308450821938733,32.095628683287586,0.0304676326449327,0,272.3125893252563,0
28.27013916589516,30.877197708487497,53.492797594794496,0.1175809666072625,0,354.20733156587744,1
25.98029512785514,5.495924558654136,45.89751971808437,0.09330086367975848,0,258.14815811534,0
44.91326314771491,4.660622259336514,41.31006869436144,0.08612908974175087,1,266.9585954827427,1
25.26930025202914,4.765901536426098,43.17364860575986,0.1018036804359156,0,331.93887447760216,0
28.445279039663077,5.488795737662674,40.57590902956692,0.04885398768813394,0,361.08445693234995,0
27.01194152289036,22.441636788083123,38.275803433783935,0.24911010279976864,0,254.14746644661125,1
27.791583810527882,3.9521668398337493,38.91971698075096,0.055412698854250125,0,396.97537145786595,0
24.74969236066948,6.090657652351028,55.62985770524197,0.11032884963915823,0,385.2809518892233,0
20.425990301280052,5.914056753502016,63.641722703986254,0.17532206473458392,0,303.84487122409337,0
55.956562913845886,5.2405552322613,66.04784885866916,0.07699520690786055,0,312.3987952888574,1
27.454420052913534,4.913199403367531,51.745973177674436,0.058000668776735764,0,325.55420511094826,0
25.138483171468412,4.887077614081501,43.58744545357239,0.07435653063052208,0,359.425081922172,0
24.465740698473358,4.628338618894346,59.2092340132694,0.12612444266364045,0,317.6483680334071,0
27.251086965533073,4.958666780730335,41.526838653222114,0.09234910705572144,0,231.76592151875172,0
22.966926167200654,7.041735883180489,47.254501098219315,0.09473272287999239,0,289.9666102066886,0
22.44321631297669,3.7095363490656292,46.55864835720972,0.1270357728013311,0,347.49330696535753,0
23.597715615558794,3.699065632664892,50.40459915043359,0.05925202103129229,0,289.12274506682843,0
24.126124228869962,6.2399826514443975,46.88038082957135,0.12453661071738555,0,312.3025795239879,0
24.26218978194635,3.0900455665835866,58.96423561144143,0.09504070248810978,0,344.6235431903087,0
25.604252378632673,4.472505253371276,55.88653208503223,0.16650383123290063,0,308.8787436655437,0
28.014083949986368,3.3886170563266775,62.76675368872749,0.13265488023022398,1,307.1282098547143,0
25.19335333370117,3.8380031519374667,38.58659820130464,0.056020766132519426,1,199.56826127462833,0
24.994177890947583,4.2023530731867424,53.911770161149946,0.07868300986203805,0,188.28185884065567,0
23.095668284416313,4.768465663991105,42.34074467305552,0.0832537214729567,1,314.2751695611276,0
24.746753220079324,25.68961546013008,43.62890987531981,0.16146205786780526,0,329.64401947191504,1
25.685835555919276,4.684883628251174,72.31752992662858,0.19152723538743535,1,337.21721224201195,0
26.671515146326833,4.087499178478672,57.73132626563847,0.1148631294924214,0,324.473486629612,0
24.522992779623372,2.9548180914015605,75.65293014848638,0.09183482266528656,0,341.1206334432891,0
25.636921547843297,5.961039674876535,47.399695274293144,0.08040433365896946,0,285.4882365388804,0
28.072794793616723,3.7935247827198646,44.89697646390931,0.1912973311116194,0,244.71899407404103,0
19.783354158797344,5.087247587972754,55.772214695462296,0.10356651980149124,0,321.8452885206639,0
27.53397192180196,4.498848792981645,41.14236061587405,0.09132774932427579,0,318.7309784705608,0
21.95853094327115,5.130068274341084,62.73781866444226,0.13806697707739263,0,364.34052307358843,0
56.17370867798557,85.18850403880185,9.804250169121572,0.05728008957155582,0,299.84657471528436,2
68.51145211111157,86.30299665816061,17.363710809989083,0.07095440859381713,0,306.83785057275026,2
23.975446515996282,5.214015865581166,47.06580180509325,0.13206811618987946,0,310.24245722536523,0
21.443913197901995,5.07929500331001,53.38101726849848,0.08124326945292573,0,208.21582971503597,0
26.718213794824695,4.8853590682198,39.030366189762546,0.06163863668627492,0,222.53913163865477,0
44.49224423613878,4.263813075012962,44.88696276344595,0.18969794722955646,0,303.53273158507955,1
51.84195648927855,54.663225341305214,13.702858241750786,0.14972882579483898,0,231.79004948875877,2
52.198671472489565,5.2001304172846705,54.161344739577544,0.04927947068826716,1,291.0817089594494,1
24.84204534983483,4.7666581376468224,73.59089209788245,0.0532059264583976,0,267.91439571435143,0
23.487197016562263,5.579545192137724,34.9633217584061,0.19241708744834385,0,267.51884520450085,0
23.3138172169337,3.8501817966418743,46.50622680643508,0.0,1,245.4927699693476,0
23.61077512424073,5.151435886570292,60.38839232773281,0.09450277148445602,1,375.6815460653687,0
26.73839033270845,4.895890613090985,48.84758868900337,0.07628561989404314,1,267.84593947591713,0
27.74694421674766,4.700459419997569,64.8794108172723,0.06726356942822415,0,285.13484706275585,0
26.360763500281827,7.275802177145824,74.18299240071677,0.03289004906138243,0,351.68522099548545,0
25.34317884893896,4.820578973589084,39.42396421672122,0.16426424422022085,0,258.6291491477666,0
26.166421460247594,5.245579823600528,54.11498144512269,0.04117599789808945,0,308.3725306304354,0
23.771260342365675,4.344237770770472,61.02334358422978,0.09646547586429598,0,326.52582726826313,0
22.13354961463129,4.588782839952981,57.41791286805944,0.02442512304559652,0,229.85957552841734,0
27.039443096347746,6.3007919345134695,50.92953341659703,0.146345601402696,0,322.6486938664842,0
22.211123834435586,5.060785581621881,58.35733725730204,0.09591212404831409,0,307.4919216566245,0
25.614261154844762,5.239862365788398,40.680893929899334,0.09391486304046637,0,295.1442005443487,0
23.604508708776663,4.775459906365382,34.3619411676848,0.0,0,258.6042990588378,0
23.11740448205424,6.622920795410234,38.279867418628086,0.027430524995009684,0,248.47618848176853,0
23.774988235737435,6.0247804068518604,40.00252835218793,0.12809551688499365,1,338.0958735267175,0
24.622821382869986,6.6364902099369,33.89357948121728,0.14203016134635435,0,244.09216756839896,0
21.560187869152184,5.660472335828933,54.28569416449313,0.09482431667419089,1,316.1566873848764,0
21.56142340998557,6.218986701285734,50.35221102973992,0.07395074117943637,0,241.7454004990413,0
25.794289580960243,4.9929772668008425,68.0583933095563,0.16294007020385654,0,294.9641747242305,0
28.03575591656531,4.951271966750078,56.925793921077045,0.11885462469370973,0,232.9410450934718,0
22.76294512470284,5.9290894085948525,35.89447431254113,0.0683256186102135,0,286.07484131337134,0
25.023903264566975,5.669109878736238,61.076952227376225,0.09356401676988144,0,251.50804475705328,0
28.151498704346974,3.824445335152461,45.37363570178448,0.16300843357811606,0,412.7493835254422,0
22.71142567252198,4.89807072748456,50.49284389408652,0.13428150171130107,0,388.07096859237777,0
22.93603985614397,6.228877494450559,44.88744471066721,0.06250643599726476,1,232.19424009694637,0
26.654873207911315,3.772479122538969,45.28565360208303,0.0,0,311.58530382637025,0
30.99161646694064,6.282663504495288,58.15576943470343,0.07792867915178044,0,318.6939740675391,0
24.844700460589387,5.992087442001752,50.33071544234642,0.12377940558668228,0,244.49716586756253,0
25.827719074688094,5.391115428710593,47.62944746166069,0.06652850152045506,0,263.9409381740074,0
20.472889754911698,4.0312784906831025,50.58709479481819,0.10315947491013544,1,321.6486681360959,0
26.033086384540432,4.760887906089754,52.63973401524729,0.1641901990234557,1,244.36324108054202,0
22.813580911526007,5.624775112266647,59.57036489607699,0.13947334325497882,0,279.7250128141551,0
27.917114960720525,5.123613425694381,58.735342965398054,5.644099699626646,0,333.1525521134952,3
28.432517104744246,4.493704362753313,55.506858954402944,0.21177912563966111,0,340.65944135042724,0
84.83123572195575,71.82769016792533,17.016846257157738,0.05179593372457062,0,294.49045595849117,2
26.774469747314146,5.696696129764406,47.56551221173975,0.13004513052390795,0,296.62884385162874,0
22.885859749803235,5.121259206916059,65.56397222160845,0.09931499868307812,0,279.599970986479,0
25.50946688218055,6.98138620437453,50.923797144636275,0.1218958302356002,0,202.21265660134478,0
25.418702861429093,3.5406914791611426,61.406557194340465,0.052357054071235906,0,339.3500507436931,0
28.644668606024112,6.1863428689556095,62.30661569878279,0.1517943856214724,0,240.05967462383015,0
26.817128182824074,4.908771353817163,35.803284313600784,0.1738068583417653,0,373.6839558304416,0
26.561411491808816,4.21198096082406,42.63389710895679,0.10594264385638937,0,310.51011587975825,0
72.74362209720654,62.491854751642094,15.529030011071471,0.10889837605464509,1,317.94909199837656,2
25.65761414868365,3.8403493251645378,43.748891031825046,0.10148221940592102,0,316.53970593995507,0
27.459852708363087,6.268077624636009,45.964293149096136,0.16254291140035337,0,257.7388243461762,0
26.091122330173878,5.04872344536192,50.56512518492542,0.060968248984248935,0,335.98477749231216,0
25.53800864343306,4.381459486141546,44.91643250888466,0.012006853395378228,0,359.48983833856573,0
22.906318094130665,4.913322874626483,34.41848013636684,5.642093490667024,0,364.4109121908419,3
22.0815472883181,4.160057645029971,56.49242989920527,0.1409548240143661,0,204.73443944992334,0
24.158235019009958,3.198018918761692,39.78835026607271,0.04609518478154935,0,400.63510016373874,0
24.478622084927633,5.372191131660175,39.7168089557877,0.15206979578192845,1,311.6925537452942,0
26.056260855494017,28.462400606046753,43.59237719623746,0.05686343311674717,0,286.52632486777486,1
25.084811067571692,5.721623183729791,58.18133846288044,0.09500880210719076,0,275.31660973779515,0
26.652577375995385,3.6081916751822876,61.112474125468225,0.169142603507291,0,305.14554272855474,0
26.42828753250154,5.293875558336381,65.74061177929333,0.10542817339179708,0,210.84001391605756,0
24.342696823760384,3.07882017335237,53.16162612757043,0.08934883656819732,0,291.20640875603135,0
25.07788783313295,5.947411063029178,43.51269341196086,0.10414386607515222,0,254.4640105461149,0
25.87405657532271,4.4734609292937275,59.9088434994393,0.09588604999478031,0,296.0541941909229,0
26.203273059507804,6.077205995534282,65.42135176268977,4.837235907167359,1,339.35036591655154,3
23.072694852403977,1.9809169415279575,29.49171949003499,0.13739716266222832,1,299.8639742748005,0
26.351237484252156,5.594385836400463,72.57123768393942,0.1825340047811882,0,248.74693213411246,0
27.35145174149425,3.2391199815245177,50.94687299651899,0.058498702350322354,0,349.1457836462994,0
25.44279577743325,4.9290061201211754,31.587695411782093,0.11284997081565108,0,273.4984182434094,0
22.840363778112266,5.088236594156331,63.693123982498356,0.002751977479994755,0,333.46611817887543,0
21.55181422281551,3.9405537236251105,59.28879785298254,0.035512806753330795,1,288.27063977553445,0
24.814103088743053,4.503113568567792,44.15172311486695,0.1014531085211177,0,314.24466612800046,0
23.63882205453435,5.556147221870629,32.207511709492834,0.15079277151862813,1,264.29421107415027,0
22.662215572836804,4.807543169401748,66.02259678217287,0.0829056972400775,0,316.9913197512332,0
26.033543617327798,5.180132883502391,47.038524468410735,0.143755157072271,1,262.6337614109943,0
23.29215543315214,5.553661971405388,60.78608866315222,0.12128652156475263,0,236.64980032661032,0
21.94896399234456,5.84547457958272,43.53397334119297,0.1373237830068128,1,385.5575734298766,0
27.93828949275538,4.32310156297898,62.85149189926314,0.14547806092596466,1,385.7176347500015,0
26.6132509257154,4.8658358025679505,50.95880526082343,0.11681337749468168,0,384.1829833466274,0
46.20049931452523,56.26457776462945,19.90089156886179,0.1153494115202482,0,280.5143338244077,2
26.676967235768128,4.582330554480795,50.75216798772049,0.1438683905282506,0,230.55408778820433,0
59.256073359822025,97.2674259809881,21.78555939166453,0.03265982618618413,0,356.4150164771101,2
25.33707344341992,4.018291245271584,39.401471247247756,0.10371346833948893,0,297.57206117519695,0
22.84336690938809,32.58481810378016,41.56170474364205,0.14763858665843965,1,309.47462627848887,1
23.58821046303826,5.469597548389566,55.1470040480289,0.11174980525636312,0,272.089099680584,0
25.82296147297343,4.423987970181101,51.756416013616494,0.10530687528516267,0,281.6680749609155,0
25.312646368511835,2.9355908765657643,60.7508520543317,0.1684669233883649,0,357.30133051846985,0
27.559086593911093,5.911686123660466,54.45179993365266,0.13376504628172894,1,305.91427998328135,0
23.549748215319152,6.292249855839483,52.73613085832548,0.08474839624186556,0,211.80063326375267,0
26.022075372489226,2.9870379427560363,54.113346218929266,0.15849229583498808,0,344.7419775316547,0
26.230438842424448,4.049735504342981,61.19195887146244,0.11301930798431727,0,278.14369505982506,0
23.295872502051953,5.864258504445146,58.7814605069228,0.0682261106557499,0,239.4083586010254,0
25.734134570628807,5.8213075410374575,50.71008770700087,0.22544378839347104,1,250.23507153190764,0
23.548640778203467,4.403325350392377,48.79839169890293,0.07427163318475707,0,287.761948677685,0
28.57368211820839,5.4406888603185495,42.319966571325395,0.10327953777348915,0,315.33402058346115,0
23.40982705720779,4.852691011845417,43.215545128989596,0.046507614007623155,0,256.0709732182246,0
25.59371324179739,6.04755364079841,46.64592420656981,0.06860320857587447,0,285.30295298112475,0
25.838362973333496,6.6527093886292565,42.47288115940229,0.035684804322631034,0,309.5312714780946,0
70.62958125311216,70.26032230725768,23.16378163603296,0.06110805350592658,0,208.76598323333582,2
23.204744443271192,5.68253020086618,55.42979186581475,0.1079862820894693,0,231.08468028784134,0
29.443692018713925,7.23307362254212,44.996545574857564,7.944356107629985,0,240.2048520965858,3
21.903726670355454,27.77284027400658,52.507296719691304,0.14810181308389306,0,371.34193227514953,1
22.658199445532038,6.691936977530124,62.387833916363526,0.08969901619614129,0,237.53994150318778,0
25.119141358975053,5.5544001775168,64.69827190782004,0.12233639882811738,0,368.109254630956,0
21.51974759551348,5.593974770844235,62.23110863384046,0.08003324260440686,0,238.7393901573383,0
20.801097911031444,5.310777197753509,70.35426984019917,0.11318782027719543,0,369.29784563478745,0
24.55282295827487,4.543644148702365,65.10528594372151,0.09040644198376713,1,296.3958766519981,0
26.58775703451063,6.10487314570044,56.93961709410586,0.05230443803218432,0,285.8494148532275,0
25.694243283436464,2.1823671374236304,58.944733640163115,0.1516760469367758,0,276.86971217677007,0
23.266587027702737,4.669017813065899,58.09636093376908,0.10198003884828924,1,299.52895149323075,0
25.346701113729015,5.285883920865299,64.96214650625936,0.16831377447310064,1,310.6980306917792,0
26.118051726437542,5.816594259107355,51.23713094890045,0.15843693856132887,0,349.4600780910679,0
29.54610311806992,5.491468774700732,45.92027439074201,0.08174633205621026,0,266.7584993206939,0
25.8611362702528,5.6086267303739135,67.27892303053494,0.08302218060029394,0,264.61611819009454,0
24.928105914749732,27.500227541788732,49.69739329635928,0.05122017208971344,0,278.07962585271804,1
22.62643869925995,5.069226456481647,40.21391782034664,0.1570698798427596,1,284.40047281934153,0
47.721504882565554,6.303716336735821,43.312656835814515,0.017311498956965723,0,413.5735513894004,1
64.3741114851837,71.51456428568763,18.872585923063195,0.15507213171813033,0,415.1570277272375,2
62.01378871174898,56.762447071508106,21.001777189379517,0.06979738349801741,0,218.99492580586679,2
23.044325950190682,33.06697096628112,72.5978781165663,0.14324994174519312,0,234.59848868434858,1
25.68416319078601,5.0706097607076615,48.42971436486176,0.15883170402314675,0,310.0971105947711,0
22.879695103967578,4.4295785520990965,46.80126456019461,0.06957542530040482,0,298.27518500379927,0
25.369367720972114,6.364316153018331,51.114226222712986,0.021251476656111004,0,413.4522035284567,0
23.863370019211125,4.7472247801148635,49.80139766561301,0.09151028917506107,1,40.62956406137833,1
21.102975257309886,5.944241278146239,60.61556872418733,0.019463685943406292,0,245.57175377601843,0
25.91994511756472,4.383902816272812,36.23195898540719,0.11934998079821293,1,280.8950621180237,0
25.195268150127212,5.157903592818302,48.774690062587695,0.10486837801520502,0,298.8043495364911,0
25.85550362949455,3.6693603318980688,53.770835534071786,0.10519525719764211,0,298.33160004172953,0
23.723561507712972,5.844368154117098,50.63433052142923,0.19817944530043216,0,229.09721286158438,0
25.60464770181227,3.410974484483023,44.15687600671684,0.18917088094274165,0,342.9479203525747,0
22.88431889557139,5.0053331096619,47.93449629641253,0.19891316516068325,1,288.15003373632584,0
25.473391392300442,3.4364957334759376,51.157780812011985,0.15569959780715223,0,232.14818685229795,0
21.929054996926375,33.95623017409467,51.250647326943,0.17293597473341188,0,198.13960607892002,1
25.1113747094839,6.995225517456474,42.56035068120786,4.523376780730746,1,362.8536608790918,3
28.19258429275542,4.82545173384275,65.1020515968772,0.08295315908288939,1,293.60772991233466,0
28.487193005125505,4.236740896152249,52.911984025119914,0.08464436408709979,1,402.4517057631425,0
24.57500657759706,7.732035899930319,61.2143071093843,0.02765887195992829,0,243.035276591085,0
26.514023380006048,5.919559928696962,36.77017821817308,0.14297575874689558,0,349.2831877667674,0
24.54912624654932,6.426953115627675,40.24859279155034,0.1397231583906865,0,310.68956329182595,0
26.09366248169227,30.49205009574794,70.2123837971798,0.08099827678038274,0,284.0712515378022,1
27.644622080816145,33.13545351563952,62.01631436169157,0.06748798924204547,1,304.85481101476415,1
28.23017970385234,4.868869155411165,49.072507444378616,0.10724548959772782,0,356.8053817596655,0
24.458171025801576,5.330832199366378,40.2376903734025,0.1406951566270001,0,284.2652535920205,0
24.482941062928635,3.4223405741957658,58.66060638780208,0.05555108345170187,1,319.18644916830607,0
24.929676719377163,5.038437272553392,44.441426517671786,0.15807294684787565,0,297.4690424640528,0
26.868502451139733,4.860823914076806,50.77742837343812,0.15424797837976864,1,282.4496516455841,0
24.358806525869575,4.0367094259633856,59.528311951663134,0.1919454843530115,0,328.6529543187649,0
26.81147228706338,6.497293860645215,42.378009066706156,0.0887512516823793,1,52.19172472179271,1
23.18045691901029,3.245187956963041,43.77732133433819,0.11371231009301175,1,382.81948389361725,0
25.990189014921835,5.203017067016228,55.42987251138233,0.17617219649415966,0,168.77694688157703,0
22.2294477392747,5.369422916451649,37.4014725096397,0.03013414939964172,0,334.371975320123,0
26.009695963303045,5.883330305049835,45.401997035970865,0.07923177023729468,0,382.68612205247194,0
25.681065314513766,6.502815522347051,40.76969398507896,0.09340823661476186,0,295.4028118553695,0
25.34580558357486,5.447567261919963,51.64530226499403,0.09140122932673897,1,307.25169319494705,0
23.186561342489743,30.807952410687218,59.1847067893475,0.1267183980763798,0,221.48967163176204,1
23.4280888708808,5.551176168082435,41.5492164368516,0.08202108833872607,1,320.12632584642927,0
23.673375889618715,4.2450036937485605,54.374838338804494,0.093287407269384,0,442.07600113282234,0
25.547422425851387,5.242263620626971,53.53818960904796,0.05764698479739727,0,309.1689924020363,0
31.09183790516915,6.1558815051692175,38.86299210904363,0.08331027512035113,1,210.46891907329407,0
25.121779849960625,4.119046477557125,26.4223391317468,0.08649008986531033,0,299.7235332901378,0
24.288682131316662,7.651653766614837,26.450443422514,0.06825947212333766,0,268.785263930173,0
24.448273350413224,4.4211025054692135,70.32004852361055,0.08075971747756958,0,328.8910687132269,0
21.311436034468752,4.271449035720305,46.77299400480993,5.2735488274087645,1,286.8001528833639,3
21.844359321822335,6.770570782040924,31.79391884593498,0.18881747410897623,1,299.25364836281364,0
23.285754383077293,4.4183668546212385,58.0249042498323,0.08616920950189412,0,352.0052889741705,0
24.65139085336575,5.964586072852799,55.17918933571501,0.1666982758592837,0,281.6370954581801,0
24.103304970773372,6.634838064231982,63.1087733579614,0.07905184769116128,0,300.7974151556265,0
26.573417317658443,3.7993968290145808,67.24445102105179,0.16726569120720788,1,346.7585958339687,0
24.2266038368942,5.963795618204324,63.059174515377194,0.1269612486257925,0,348.3698462339222,0
26.69378115048877,5.444536703416778,54.04482631569266,0.1596167438561189,1,268.8322986981152,0
26.156341732316317,5.390026624837143,47.81556838749642,0.14952881904218368,0,256.4719754969089,0
24.127349411636917,4.576856037868985,46.66516888562092,0.040749748316696255,0,283.37856673457014,0
25.82894900262534,5.942033765245768,60.513690290634685,0.12743359946451474,0,270.647659524825,0
26.138751996614022,3.686958325738158,39.460962133083655,0.10558718520380186,0,325.42773432729086,0
26.409795879849096,5.579203712358147,53.10778601065955,0.07486109541926855,1,389.6775040291403,0
27.684617788832988,5.384675719390981,57.938748548636326,0.11748499291918235,0,353.7387005421641,0
23.810299960763334,4.400959122985377,41.220076796264024,0.11543215554668809,0,270.7392070374182,0
24.762515026289034,5.269437699683874,62.25670094781489,0.13550277426314264,0,355.50638921720343,0
48.35398116351427,4.334216098306007,54.23585550755796,0.11438132788103794,0,304.3773643992514,1
22.16708439174305,5.002123899008695,57.08353057271601,0.1514207945373625,0,285.91306069053627,0
23.253687611985264,5.121985032215471,48.847151380034646,0.1736669903960299,1,383.223315258398,0
23.698205901296113,4.86065817388788,75.37190229898249,0.03007117344945219,0,322.15512012811035,0
23.933738919161115,4.115917155567866,57.59134525482136,0.17157614323412002,0,312.6298242947815,0
24.560816949780577,3.234251291891061,53.94944702649602,0.12278985301872695,0,205.68502471892253,0
24.28052043850245,5.94743194545467,27.012841281130683,0.042303826810229775,0,299.89384979703794,0
24.79582339597666,4.5798715507481695,52.16908614091733,0.04247755599560693,0,361.4082566456002,0
22.232036145330987,5.348026731611487,49.34311267829277,0.12982919201971946,0,380.43880598603704,0
22.964121925459438,3.1166486777032594,32.556266286801886,0.1434512411868846,0,338.71043471399145,0
23.70143405896334,4.582827379804224,44.86533100794738,0.05864339674099318,0,344.1913950989311,0
23.595986646528083,5.821094563232558,56.32094232963313,0.12300048332305238,0,326.0961934185445,0
27.581986220166257,2.6034065898788565,66.00320301832119,0.1528806410987508,0,353.81007298832657,0
52.62367350807115,4.532186416352624,51.26681300134068,0.037532066346739404,0,365.2123403362937,1
26.642490861172465,5.355266134828684,63.69691100266168,0.027661781389156356,0,342.6630844664503,0
25.382489738798444,4.094135218369222,68.5532510685827,0.09816738429977345,0,360.71014229694225,0
21.48317411404276,5.816415593426597,44.906790115415255,0.114101964830022,1,263.62976085697574,0
27.529948183698032,4.450417007071017,36.586356785527926,0.01696060505807731,1,289.167706674286,0
70.79709142085568,91.59329547610253,14.121725028713115,0.0422376114174041,0,306.9228425429691,2
25.70613223899085,3.3218426175106877,28.048206446002556,0.19140106256473038,0,292.75691570079255,0
27.539113925072634,3.9949619406795644,44.81981594843384,0.11822220817955567,0,362.32431275249894,0
23.1536806365899,3.4041733565135432,58.74635349267415,0.14205143712160528,0,385.77269167893735,0
28.146976169521615,3.921122793196574,55.39008682282883,0.10091181949288708,1,321.4358362189896,0
26.936551908968696,32.18184811245014,45.12077460351718,0.10607348834091651,0,313.6812743741396,1
23.74349573712344,4.657602211025548,39.336178794896654,0.11972235793195247,0,366.15892133989996,0
24.549633664489654,4.638865539532937,52.14484618057214,0.11170137859507251,0,430.0336869610408,0
24.50678815585701,6.210908069199926,37.891947434791255,0.1145530942631342,0,299.7859450716513,0
25.692394757465546,5.435670067198647,54.171889727769944,0.131495212915809,0,296.9894805196133,0
27.36251864194057,5.395227880769144,50.49824597670701,0.14324123039824926,0,283.43959598426125,0
28.434665302330444,6.042647808967573,55.88814104763504,0.07566248438044698,0,333.7918791260343,0
83.9916941859311,72.87687686132256,13.913294077219973,0.12910865946578037,0,202.38588087864804,2
25.888877038614474,4.278541801794465,49.306978677581604,0.03538965970873456,0,365.17340734669267,0
30.36881234658385,4.377045098045069,72.06674464882184,0.05849521128381928,0,364.1453239906884,0
24.912364648749627,4.883420716557138,68.61562287803281,0.05721358287790159,1,297.88622494697563,0
21.76672442131953,6.3522944008224815,61.215512118768956,0.010403578349704998,0,312.8228862305565,0
26.218900661527144,5.226383765248824,53.51228071655527,0.02974240335729421,0,355.2174449802448,0
28.56383511297167,5.929763083245461,38.96545548266133,0.14329682515532774,0,235.6633010589212,0
22.558440139947923,4.02567449141949,51.37675464333035,0.06941712456629652,0,349.73234324501016,0
24.533824258907647,5.96763954523453,30.744845939639315,0.03607038008067606,0,350.49819775288285,0
45.51165248399492,4.348383364818686,34.89303308676997,0.03639462521737717,0,306.1501667688253,1
24.51633989214664,5.903440230412623,45.60811777445173,0.08683058277244474,0,239.4953345672092,0
23.159589716918,5.884460277788568,29.22144871449923,0.0865986245165951,0,294.24249335151285,0
27.009148997781388,4.016489506326775,54.94824894230239,0.10473060834075307,0,294.4065223499583,0
25.862706673959178,4.646375534197013,18.48694337102149,2.7777382032477775,1,334.24678841596585,3
73.07208717776726,53.36559981770001,26.128222779748953,0.1858150481317536,0,306.09704646044077,2
26.814511123558574,5.365925244693386,49.56153302834926,0.12729579940612615,0,288.44488595323924,0
24.0223181856564,6.580392561400516,44.15563125652895,3.055877507744526,0,292.6129240923069,3
48.47057809026813,3.9633971984222836,54.96576020892231,0.029261943870909204,1,273.5149048051925,1
23.11540101776588,4.256284200729395,56.905349037046776,0.12722919441570843,0,389.0007204986377,0
25.46231801427946,3.898054465685377,62.51228643196258,0.17556777192555612,0,297.00785441159206,0
24.305803019003672,6.310609849630991,40.303879627895405,0.061133943091205324,0,253.32713131538938,0
23.07062289695794,6.345933976033742,32.633182254150555,0.06379862195898157,0,331.0524512394192,0
26.59341866957328,4.4922982073709266,45.38346602740413,0.15361907832069735,0,279.9453899749339,0
21.42364698915064,4.9331327965995255,38.63297587090133,0.04376500749168344,0,373.6015627903887,0
24.069646260266325,5.047126942625987,53.63104522140014,0.0,0,347.641105906893,0
24.15430509802668,4.707937128217902,44.42798028587167,0.11927270610714122,0,287.52686773566853,0
23.990462099346136,2.572351662353517,61.721906274910594,0.16550333597761663,1,172.018207495819,0
24.258600393294884,3.847024837102687,59.76735069883358,0.03668097971512123,0,324.74100828476367,0
25.757331202550077,5.003600375806937,46.33882556079318,0.08029772707819367,0,308.89382471695467,0
27.102975685544546,4.127610318047099,50.183846616973334,0.09482686251716965,0,315.63221852787325,0
21.698669995972388,3.302437062920977,69.05545285710016,0.07904481999172287,1,299.2731995749677,0
63.383043699724105,83.15270836806157,17.94935426167765,0.07393660525571519,0,275.84027669371073,2
26.704052712397022,4.938437069094164,50.13449033834287,0.09038318697487857,0,238.30773175721413,0
25.930777550965587,4.341303376956279,48.329778250889625,0.09323927885422909,0,312.9455236666408,0
25.05447073094897,3.3428509986714614,31.798158624357974,0.12856284349932873,1,262.8715278980981,0
26.324775581473606,6.247187729977484,40.08491837474883,0.21110662338215275,0,293.8229231879976,0
28.038059870216387,3.560554159348781,64.35573172439565,0.12813130433543535,0,272.53237268133967,0
24.774423026418063,5.100087965898992,50.63586001049785,0.15830645932007642,0,286.7847199397221,0
24.029021075185657,4.2093376409420165,56.15428870505716,0.09925512566253156,0,276.22504627158094,0
24.47246373455594,5.397162596473424,45.3114104995054,0.06796356045589977,0,336.33403830290484,0
24.25714450054026,5.153359995632249,46.15239432553314,0.011296671729523006,0,310.9234758676822,0
24.200477585191837,3.6271720599836446,40.270096124064054,0.16311115494820194,1,284.62205430265107,0
25.755642539425097,3.03340605340221,32.75728118868676,0.10287043670285281,0,169.07117004817755,0
24.206913916278697,5.698482023818798,40.641697145333886,0.16132267621532376,1,355.4485823428556,0
24.07031806408656,4.623003997180161,48.62726877303402,0.058623985939901056,0,364.578047944985,0
23.060965645069654,6.175934731337776,47.629199817578396,0.05258048279490338,1,307.86152332152056,0
75.34030394355739,87.61844361563875,24.664632356881206,0.07942390998635826,0,214.68622067109266,2
25.826464461448992,5.138417888585115,45.131272117802574,0.07580075451961713,0,333.7925825000613,0
26.095573594805554,4.961927240865251,43.15562163522442,0.18741232058994103,0,200.46747498696118,0
26.49355037658705,5.000642194953968,36.37203835778344,0.08512798335233207,0,294.88600404086895,0
26.466570311560375,6.435222771772951,45.82494000561799,0.12396998309669455,0,264.9645584340922,0
63.57579082011859,44.78011364267302,6.421893888183366,0.08728262721182918,0,198.81253442129326,2
23.52553159690276,6.467404236461925,52.48197937127795,0.06260411134851566,0,259.0503930135071,0
27.413479928207135,6.0610979508027985,48.18583442757998,0.10136257249330673,0,354.36708794335203,0
77.91170755005294,28.01143358121736,17.438231956522593,0.0,0,322.35424044700335,2
25.94413430264435,5.2399111102599,29.94865873863987,0.07940555755960979,0,373.83588578028235,0
24.44746054937902,6.763427963883899,51.71989569843395,0.10081878601792739,0,280.27929143386456,0
83.22786028845185,74.16658317304548,18.956043722833872,0.1650490070189204,0,305.51619249774916,2
65.68259360836697,69.92134976220576,12.374267084636191,0.07216289107970582,0,255.60621514531968,2
25.50207227363706,3.917313604811893,63.24034541261146,0.10840977198960548,0,286.95916679461214,0
24.06943664701072,6.080854289571183,45.978808848315865,0.166476965365208,1,284.3161518204304,0
25.80836359353601,6.524020883773012,15.80404413680975,0.1934140901991037,0,249.59744212823315,0
20.381725902230727,5.504394485887321,39.01565446059913,0.19475295466349984,1,291.86442881537585,0
22.481599552419407,6.2191676867364425,48.52531393826161,0.13588362221828695,0,196.68606412163288,0
25.289988673068226,4.028188626203891,42.35560181456241,0.06701847622824514,0,325.6371991800488,0
25.341534950857245,3.875993405636024,61.231417123081215,0.12527325136842682,1,48.49166020047087,1
22.149546083609653,5.769356697608065,49.98120821538284,0.1747845398003271,0,309.62646559575643,0
27.039806928285333,3.415762555235945,57.3641737390117,0.11697969016485253,0,316.8267172674073,0
21.37736844879798,5.941424733068595,57.00344435316063,0.04532496469957131,0,329.3624939240636,0
25.791652046713452,4.482028028455562,44.203064826755266,0.13518729211321584,0,302.30933133635585,0
28.3451613568656,5.270413687817556,48.210737495206665,0.1345373974654028,1,307.4946297750295,0
24.352967446948206,5.88100832637542,57.27639656877869,0.08509598698079998,0,290.0541484426146,0
24.800564250352092,5.79811154544036,44.94435810143428,0.2160295792977186,1,270.4972946629239,0
25.539179048511716,4.895701689684295,76.98463905125422,0.06576065928296865,0,316.75394620492904,0
23.896897206874886,4.14977143838786,34.62470979754801,0.06432540527051926,0,276.2642518062845,0
27.081951526126407,3.685010604528425,40.36815140471573,0.06615580737438631,0,236.27780178283896,0
26.121239341477207,5.5585927339162,42.07596045271477,0.03376477747344529,0,279.9198021182454,0
29.388068542747945,4.430213496301659,49.28468084329783,0.06576281700226558,0,333.8839758002893,0
24.487131766972706,4.557470139019474,65.2731254014031,0.07224926912547554,0,327.3820751154633,0
25.934624968300184,4.662136018869008,56.92633758211061,0.13603684706343408,1,271.79535470606163,0
24.136925918187224,5.275059885302211,31.451951412592738,0.11831319194973106,0,271.1765793250913,0
28.251969348726817,5.4749236972735345,52.43511301903338,0.10092880183132401,0,239.04212285953128,0
25.25683286746114,4.743734189151407,47.28278832807849,0.020104889791779462,0,386.48170735347367,0
24.39660187573341,4.0550373058113305,64.54856877295619,0.02653718940028829,0,219.66928750664908,0
23.85237137291307,33.905833995781464,42.623486662062,0.056524530589281405,0,278.5235088488264,1
22.035182586619996,4.251836743179382,70.42238900961112,0.20892989619191138,0,231.94687179828577,0
23.956640660105244,7.397038018153966,50.24516610157282,0.15340682690233048,0,320.5750077402677,0
25.476831128667964,33.485831806561094,41.87900579763419,0.07580901972971368,0,180.29477698379367,1
81.50275187223157,93.20884916913556,17.251391358145128,0.03704302173146104,0,254.00679686670054,2
24.01194465473731,4.012237863008376,46.178064371399905,0.0899584385349622,0,284.07653011667406,0
28.18953951192084,5.627409463902953,56.199261891828286,0.07303797844734375,0,402.7452051774379,0
23.271970314183267,6.012130249179759,38.498788581812704,0.08053272153822509,0,300.50810940615673,0
25.666401136969135,4.026580559084137,41.6359954067198,0.05170052198882403,0,260.9028074098456,0
23.542455432628646,20.481407899148664,50.627398948650956,0.22593010281122658,1,287.7459440455798,1
24.540477118810784,5.71420616764,40.16524147331964,0.16643673029707517,1,365.32970351805807,0
25.42152216700117,7.038158703468451,45.25535087014601,0.13491172808173102,0,336.2743510914047,0
25.78958880786851,7.492836701471067,46.141012777853604,0.16378277859589302,0,347.51947791548605,0
20.377137467628735,4.767788381099818,51.066686087692126,0.07753977876407858,1,301.70303104644705,0
26.6478314951211,5.774307316412491,59.69227988769511,0.057447068987530416,0,348.5354084117609,0
27.67591056326949,5.101288777984384,59.85255910775973,0.12052629919416542,0,354.58564366909036,0
21.763215968519074,5.294246164457682,53.26124606833535,0.069704640032817,0,223.23932832321503,0
25.63033394719128,3.59092559605216,68.04715795165166,0.15730126059799168,0,306.62473794029205,0
22.963205988058675,4.585612688033722,54.72798239315727,0.05400953553397256,1,377.20171890981527,0
25.597698065555864,4.602488356692322,47.89025866631087,0.10519386596386164,0,308.58912700645783,0
26.218155506021077,7.1157548522504595,45.59994191457858,0.08062918435092421,0,405.2920695746333,0
23.90310003685801,5.920244679560519,47.359661158002936,0.08475974913463256,0,401.68496841340334,0
25.18042415289352,6.053915903230566,52.40667005783124,0.11609382634728724,0,329.7205067040291,0
23.02912138798218,3.747325938261255,49.92584373449608,0.10514600999910795,0,326.29108715706195,0
27.15322069000811,5.5716386591018106,57.616861771887855,0.01847464612770447,0,311.7244556909931,0
73.8964314837378,91.77823298209822,23.643115121557372,0.1035722549293752,1,358.34424991993717,2
20.927223696940143,3.8461898075114966,51.437971844426684,0.09612019471909103,1,272.37493035825423,0
23.558647399439135,3.2534004409395236,66.44055322588322,0.1321250966533452,0,268.43256410824324,0
26.1259578650906,4.794498595879927,44.58883916876365,0.17147126898372467,1,285.4500748845522,0
23.079828509812046,5.017240769042836,43.67693195805871,0.051390758616076566,0,347.77969450852004,0
22.204468656116436,4.1940762145932,55.3620314570687,0.09361058674788295,1,326.25274660508416,0
24.10644919634503,3.419181535898838,52.5471124715265,0.03470453527290608,0,200.54073671859913,0
27.408926923414306,5.403112943964894,64.69314368071743,0.06887688712873301,0,291.51479842825626,0
23.80773427116644,5.344121991404392,56.48015014848141,0.03696866849365238,0,283.7854327220951,0
23.507857748583223,4.209096869886694,38.8226411623729,0.07762682319467243,0,276.3619598524618,0
26.298664608146858,3.631379599674345,52.803932103027705,0.010313486225188406,0,296.6876888590212,0
24.937152272544765,5.359100095022802,37.38088282600371,0.07757150741941042,0,229.07319728196146,0
26.963788920604784,3.4044235674162273,48.81165133882875,0.17380205275676341,0,307.12109750985013,0
20.037332033858853,5.439842927022207,54.342242807720815,0.019300781677434695,0,310.3785122302895,0
21.504422160804747,6.026024291468632,56.79243508915029,0.12195444468644472,0,411.81315092895915,0
25.913670757974636,5.01681573452624,30.251517261998792,0.11444815554979779,0,208.67076611926427,0
24.831105822001497,4.762743373776394,38.200298076326916,0.08614168334785292,0,322.5067817083411,0
24.536915652420532,5.142853559644218,55.514946254251385,0.14069266919272658,0,337.5001412279386,0
23.461070061470128,5.101397789263083,51.847733411515755,0.13187303107570802,1,301.95312160601253,0
24.40095782561789,5.101010686523714,39.98103152531432,0.044556746872256074,0,330.44132491039295,0
48.70339036201812,75.51846544238902,14.547804751657662,0.0074800161326847026,0,258.148239877172,2
84.08295701170911,98.02699568540484,19.589487049881438,0.15533082922416713,0,389.1588740467356,2
24.386284873770457,6.273107565030881,47.469700436425484,0.10174606196340898,1,291.39081165254623,0
23.357075156772044,6.605363992356587,43.386013895639316,0.17542042025007415,0,300.5722726443992,0
23.713862682021432,4.467471458885353,41.49510267309386,1.549468527937261,0,177.46315361970292,3
24.41462587264536,5.7569003630320195,34.86977366002378,0.03238195387390294,0,315.6889395816377,0
24.984970371222957,6.161084644423507,64.63946881541158,0.07618676167567917,0,275.298540118524,0
27.876946190745205,6.595419783669381,53.26262591331132,0.06467679480266797,0,303.77315231022175,0
82.17382047418643,91.8236375655537,22.376643568435938,0.08044984467290366,0,316.5688703659927,2
24.008850857409207,3.6136671854065545,67.90333161677015,0.0026715497970304647,0,259.41857040230093,0
25.348760797165085,5.0585274119518076,31.398897794427462,0.07301604080502166,0,347.0518911189068,0
26.762166473062887,6.061868626044331,56.419201359906495,0.10505126939172243,1,278.7771422929341,0
26.482870863207282,5.58360332226053,45.226156437306805,0.04336010993704673,0,382.5333264706762,0
24.57177399745996,5.224654489367539,51.58186963144049,0.1263598884035944,0,360.31063961569487,0
21.414984160239595,4.591708456876508,65.73438582032412,0.23259898549494237,0,280.51130361129395,0
26.258965070529594,4.637741986942546,48.84727513224807,0.18407668821172207,0,340.2674557022893,0
20.291246315413183,30.209025678487865,32.26097350677968,0.13253622258813602,0,253.51931670290503,1
22.972957875286617,5.339636489679137,39.31518662411074,0.09606437309913415,1,30.569731809609376,1
24.094208703034734,5.4899617001727385,53.90020973262928,0.1419219073223512,0,270.31027346899873,0
21.849624930052393,4.927325003958002,41.9485595919699,0.11268260155430507,0,295.65663804031334,0
53.1811904907062,4.562815749870839,42.60341735802967,0.10012900218060271,0,267.87573651190377,1
89.80795118938586,57.309956490211825,17.419303747137803,0.17702990634880794,1,190.41102828621123,2
27.023204828747534,4.795038178587125,55.467530782402314,0.1607401471953041,0,328.1095881299253,0
25.158958667835364,4.213974540942861,54.09069588207426,0.08942855087096782,0,235.78859623500227,0
24.526494316979093,4.9214643030161165,49.05117019984778,0.0802866240269985,0,284.55998409232944,0
30.367301389347713,3.464530115600509,37.5369244025639,0.07299566654061063,0,279.690247155353,0
26.003615627816814,5.95020703079443,31.038030539486627,0.20469697306615336,0,307.20608497044674,0
28.13834070128985,5.140941118055753,53.38183960595881,0.09596908294412769,0,276.9404185293936,0
28.941534610158016,4.846739051727387,61.30510868463719,0.09243646603414303,1,317.37681995554027,0
27.337742763999515,5.544669431261126,45.41875505014478,0.14376302012646097,0,240.82273743044772,0
24.41716396193927,5.3934012027516705,39.77741767991671,0.0961085013048649,1,230.76177708370483,0
26.63499870647423,4.634888535490854,35.12761390530741,0.06750167123156484,0,318.9312420401163,0
23.424817438149162,7.422852419921052,51.919872256228274,0.15123136009488192,0,234.2662686401432,0
23.726191920064853,5.231843722944604,66.31863176600231,0.025860571943737087,1,305.87051184757695,0
27.7221237413962,5.015865421018156,60.30386807249995,0.19002981394297158,1,307.0074389460541,0
49.33283963995915,5.136899288302021,51.44058578386258,0.024100842498099823,0,268.1282889866048,1
26.143347915751647,5.856954193932184,56.98741506948833,0.11033832498221406,1,361.5403993421332,0
27.93421213440185,4.016712170473197,46.075305412337556,0.14762073408710635,0,327.9564868087083,0
25.580553603199995,4.2679435279398925,37.255076219175905,0.22324466011736654,0,342.5649794859258,0
23.748194656683687,6.153701803243187,36.292029376963654,0.06582944204053653,0,291.284254042775,0
24.37347068836246,4.407406387669817,46.31298921983933,0.13591769889090738,0,266.77010624913174,0
26.352393023451548,6.488008583910283,39.57007675612966,0.05253580562659048,1,263.1612640176126,0
23.354765521801617,5.804533756895532,40.194853721397635,0.09371269704106,0,198.4160982883867,0
24.01343266672379,5.5321478301228595,50.06769450424081,0.18418415724463075,0,224.0535843215821,0
25.30695495215357,5.193648879577047,36.551822791254466,0.10475854979400945,0,164.77349921858809,0
24.362759085312387,4.487983395946545,43.505042173136374,0.1149776236383176,0,390.78034198486563,0
23.115584668484658,4.360905504968563,51.306019597744644,0.1038629309011557,1,55.83150498489596,1
22.12107606602043,5.0475827303007375,49.86089046242969,0.1784123994692527,0,321.21975419684003,0
26.275415305124145,4.911326433280699,54.367601735219615,0.21277239091846784,0,262.31235793172556,0
21.375570215314138,4.086271104985391,51.277460259455275,0.1632990380847576,0,267.34871855602023,0
23.442965752121783,4.553732578560071,29.355195384516172,0.11388721407851124,0,334.67615831262503,0
27.89923977642362,4.289706657193108,57.783441223603035,0.023640213167048355,1,382.0934959883066,0
21.621824271808947,4.791621748426202,55.60216206996395,0.1394884543154843,1,340.18774555074833,0
25.840658010093307,5.605741237109923,37.0516004658505,0.13414946550306223,0,277.2581499786559,0
21.609499357743147,5.9963145757355765,61.94583648055499,0.03898147791356256,0,281.00150203929763,0
66.22397360249104,79.02856266469234,29.391620566534634,0.0494138521046808,0,339.7557949862624,2
27.517278354388246,4.689336673977074,55.01177006274804,0.050070422463943734,0,200.68302228030467,0
25.300580694041948,5.181494294562478,61.353459517541324,0.11768674630049161,0,334.7788176700043,0
24.27932383892327,3.8920353166610466,43.27566552050152,0.13628310780598107,0,288.287464557404,0
21.75394475928763,4.90804552553392,41.5288718775175,0.15696732435931546,0,401.3986256444703,0
22.19936924046043,4.187592609056335,57.2873277901429,0.1344340500587643,0,376.6804846253166,0
22.378831026418748,6.9268740751683575,56.65107796668289,0.15004259434655895,0,266.334312925205,0
22.919313738528313,4.769964869206999,53.874064898201595,0.14771220863193535,0,322.8271963806007,0
26.56816625017847,5.231674214597866,49.726537921164294,0.06465798013226316,0,285.63283800012357,0
26.076108068278497,5.622830340976535,36.46580758470311,0.12431371299335348,1,33.26643109282548,1
24.319585310474736,4.329706304208715,49.851213942933455,0.06091992095463326,0,244.93561299610542,0
29.567025541307686,4.600360102457522,47.42188632958469,0.1347523414530611,0,366.1246838666392,0
25.993836314893738,4.572662202133217,51.89606574021795,4.232086639977491,1,308.2312650485474,3
24.355641572307782,4.892227315240464,45.74080882020948,0.14440376655704157,0,326.028358103442,0
21.933032542159694,5.301549607403704,63.64922401436161,0.047708029717001305,1,53.619603731132415,1
50.807482224196605,66.3172436080606,25.91849524904942,0.1995873276215926,0,245.05095264839713,2
28.263972415881593,4.60569882252655,46.32087811163392,0.03865395879256653,0,312.68706772647795,0
26.844567572337724,5.278286795333658,42.85338676761893,0.07099228840266834,0,369.08599302741084,0
22.414586153960787,3.917282755556011,56.43785047742376,0.09251504323191101,0,246.2180330826708,0
25.97849151671763,6.181193058898945,41.03869660894022,4.841084015237712,0,380.5248409605201,3
18.941194610384855,5.425076080563471,27.98388661370423,5.201585108899376,0,306.8795402583848,3
25.65363490345176,4.526276219027767,40.481335493108304,0.04840641995885873,1,282.9448777474789,0
25.39816471956211,3.8423975970696387,41.89917635279053,0.1499596126814944,0,414.8802101347735,0
24.681049886365287,5.829901377629984,56.306636807700954,0.1117527219959347,0,258.4810651237136,0
21.720913630547102,32.79922744885922,59.52305542795242,0.14217062647712478,1,343.05781756497873,1
25.831663863706208,6.8908603981066285,59.66755222231091,0.13535561943871577,0,352.85967183751995,0
23.675036083211598,5.071666302290777,40.61368829168904,0.08986243549797128,0,329.5559099128632,0
24.157763555220207,6.697683236598697,66.50070079852753,0.027663147118013626,0,316.1435742882289,0
24.763781521520347,4.825405437838112,35.68547464535573,0.1420163392139391,1,44.777451574654506,1
26.59353071741526,5.222491421246613,41.288447163314196,0.08401869661434469,0,302.474510866913,0
26.493860492925148,5.981955736207405,49.15273504663587,0.0,1,361.44329826777783,0
20.236178802057886,4.442070011467843,53.53614655621551,7.315341237186233,1,299.79861542516954,3
24.587494840830345,5.975941057884043,39.04984054776013,0.12393507777496889,0,345.7041327926006,0
23.49379611101189,3.243422134012564,35.13684124735376,0.0763966628730698,1,56.793111808450455,1
24.93594271038621,4.577768582667374,58.016303320148296,0.0744136096522113,0,271.63899075178176,0
23.097172908006744,5.006081232051296,42.48743855929693,0.15658177026591974,1,39.26299011998114,1
23.677299857773622,5.789373529935132,41.729666151979195,0.07121538453634031,0,414.5412708633909,0
24.43681387984838,5.793713604232048,58.32969970107949,0.04793964809784752,0,268.6076099373398,0
21.007221485783415,6.107025457089188,63.7499199113198,0.09902160580218128,0,299.8797372326611,0
22.073491365874673,4.447136148427473,56.151163402610315,0.10833968155927727,0,322.5966311849012,0
28.051211969481063,4.3943205906600795,48.18326046590431,0.12628002232007648,1,302.4371136533353,0
24.70956326106485,7.273963814689651,42.470030688623595,0.08076874587885285,0,252.12839200272595,0
27.03633843085392,5.416015312619446,59.59685568928043,0.09229726367664413,0,250.25732238403236,0
25.32275537565778,6.872370721071396,64.77452589339863,0.1402649894557463,0,347.5531627776412,0
27.814453586813492,5.479659236016688,40.962738057863966,5.733163638221623,1,296.28465742315075,3
25.23698784564818,4.291214011974619,53.08500731869465,0.1483437277200666,0,276.47564111942273,0
26.315818644822528,5.560675837800298,49.63680057975246,0.04454606609844855,1,293.99668642319483,0
20.682375131508664,4.93299575480929,49.05182057130709,0.05426666244932006,0,298.5655471975321,0
28.651919860071278,4.105314656588607,63.16106971996622,0.0808841153077488,0,310.856216897647,0
37.08401422972646,5.679481150445372,43.439654211764136,0.09189118727962087,0,255.07746919598142,1
28.36931995310425,4.901648374896809,43.26279112552687,0.05100827362334831,0,367.5546570631154,0
24.518806623516014,5.753575714505315,43.06028769397568,0.13276377964843578,0,253.8573515516189,0
25.068326588580014,6.175088168403495,61.24065953012613,4.629049660527865,0,311.75978896165805,3
28.037706890933336,21.57938913084464,69.27292402416282,0.1937725304211334,1,247.5978124523958,1
22.45746298607968,5.073698280481978,24.543475865407768,0.04157698016505334,0,287.4107156929291,0
27.431633375641255,4.247505730908718,46.05183660427863,0.16836671430790523,1,290.81491294272445,0
26.439325160659205,3.325335224022763,62.44503763056249,0.16235735893203343,0,148.27714583885273,0
23.65436203587153,3.816563079594002,50.710183142752605,0.13024694949584686,1,355.3480972736327,0
23.79706765176019,4.567872048377758,51.326541841912274,0.0,0,406.3649333560111,0
23.824606052664937,4.928219461052006,51.361918860605435,0.07885764783391783,0,371.1623479590305,0
23.264514763122897,6.028528285485165,47.52246880211201,0.10901566153119405,1,242.60501533384186,0
23.645323368496673,5.280413290011133,46.75425978436002,0.12845457235685526,0,305.4109687071162,0
40.59477571852522,4.534857368857104,40.2075661675067,0.04878924260551857,0,257.61968018142596,1
23.141991046000967,3.5681554355845675,35.92132110427071,0.11903092744598345,0,389.5626801564402,0
25.805041740511207,4.123826101203545,44.58350160815876,0.09580809083237307,0,331.782036040823,0
25.38051080199175,4.124818647889548,64.99817931220721,0.11504944673869699,1,355.1317866683271,0
23.087750213874404,6.4326854998100105,46.693252446581106,0.10016099706017409,0,236.8877407955052,0
22.525961581985413,5.228604334379705,50.648175120991695,0.1274422923562918,0,299.91995280831367,0
25.954336656591234,4.692281131764532,51.19964375995387,0.07043597493229864,0,315.5660739092528,0
24.263467845712817,5.752061634793522,49.51601439203283,0.15270021330747752,0,266.8515428671637,0
19.968374941707033,5.758845315037676,21.39771083330093,0.08291551838056327,0,262.39537530280734,0
25.69593742278136,3.647752732120666,60.82966196167078,0.16690298016512617,0,263.35781412834194,0
27.187183753424364,3.26234598580322,47.677302865527864,0.04056704849552989,0,403.87324678277304,0
22.7885422490358,4.038255182605493,50.470952679398096,0.1440735215328366,0,303.26800903046467,0
26.440840812766602,4.778199701773454,52.3797397598459,0.058121690101067235,0,268.90725687581585,0
25.697623543769605,4.57163421722341,41.62019815324058,0.05723753441850856,0,311.92724559694676,0
25.277097673055,5.856946326386194,38.17653045701266,0.02307748118856648,1,360.80654153457044,0
25.684519000067876,4.090306268853744,52.10422999421087,0.012145521013440505,0,299.43860150451655,0
25.809522403715075,25.240454645325183,59.47286687682087,0.12325038982723238,0,341.74884737477305,1
26.034065355712904,3.8343159089102636,61.59667637255387,0.05734377564931628,1,280.99883028164976,0
26.850445973818648,35.13045088202938,43.31218712052405,0.10188484261878697,0,211.65919540271204,1
24.417657944210934,4.569562781789914,69.36808149679668,0.0,1,287.5847120194815,0
23.57043564809642,3.9867084413082807,50.158497569321476,0.10788040839969971,0,398.47934847250303,0
58.9840711315329,67.80431594424624,16.298330659269816,0.07678598698303254,0,231.0250968740437,2
21.764891557935915,4.909045342160915,48.910501373839885,0.16688600656573327,0,280.5213710731381,0
22.28683262119241,3.3863902333166034,58.776868900979636,0.15305720025039793,1,271.73000995859763,0
26.90640132036066,5.079209047965816,68.00891220359486,0.12707503489341715,0,273.9789812868749,0
26.734931778740158,5.18136725171762,44.10211468615417,0.14476401730593103,0,338.9497152413289,0
48.58935829389149,110.66406477047819,19.634834968440213,0.24078111221859969,0,294.6943733102135,2
23.782329369292498,4.066578602799408,40.59457472639171,0.18793593718004792,0,262.99421345922434,0
25.43474209968844,5.125282192203682,64.6687850367047,0.07930933532045292,0,233.5115914695002,0
28.10604383465067,6.069417297003365,32.88620416947505,0.04944413244590695,1,391.10756903012253,0
26.659784717866486,5.38826139850919,43.22068438020435,0.0,1,257.2425864390112,0
22.01066672693673,3.9385455937681395,24.74773953770033,0.11361235883380741,0,336.9619955121038,0
26.45473606440564,3.7657078131795467,32.59181636016432,0.06799721114944343,1,318.77425725934233,0
27.36302377507637,5.1398587488101,44.73237405818632,0.16155980998234498,0,288.59165584957566,0
26.23581505729062,5.753036532108372,47.67565168313835,0.09001785396576127,0,317.5711912172769,0
21.713392721168706,5.490664202167636,42.194873632807216,0.034532523571062554,0,318.8457894719368,0
26.891610650934556,5.230195801533257,52.10060329409661,0.054058793053664046,1,166.84291761834734,0
26.023427729758264,5.544258029673259,39.056086125835876,0.2179094274285882,1,303.86955325977937,0
27.80780484404414,4.303931542305696,45.470802802883014,0.009987835608730428,0,323.25908400119897,0
24.409808821744765,5.213299178434494,47.77017448397096,5.8243079137281075,0,324.8871568500491,3
24.278445566151206,5.839272550305968,48.96946283454362,0.1357705403722131,0,332.65764356213225,0
26.294968655695886,5.507869723559724,45.247996312276534,0.08917691059090285,1,289.36779878978854,0
24.1439932051896,4.787799044889791,50.717266982657335,0.12869210896299074,0,403.6941975804037,0
25.100014551394345,5.405201412276725,58.49162776684096,0.06210314123389789,0,328.38013224195663,0
28.61361132848801,6.283303861305479,57.46347149001628,0.060193498220474026,0,283.641501857541,0
22.746056705159905,4.589801874492718,36.79645238568019,0.16543611760942575,0,306.6631610857003,0
23.54704436850831,7.677848614116588,46.43750466409556,0.10187330805208028,0,207.88895241491343,0
24.938626828639286,3.1732717601003566,46.61337690805713,0.14372441508462186,0,376.3996277747622,0
26.486613649703106,4.634757015375506,61.54752266375795,0.14876233075020756,0,336.4299302217129,0
24.76025301746449,6.061983248956644,50.69807520635096,0.11373590391315236,0,275.2888342073923,0
21.285184991627133,5.219719848458534,42.6356033686693,0.1788866984339238,0,258.87490996081357,0
23.083170248227102,5.2172819711391885,37.05464048237682,0.07779702196552718,0,265.99562728349775,0
26.246663556351074,3.4140638827676613,50.292604760081765,0.18810365154242537,1,283.351768416632,0
26.84523061214653,4.674311440510547,44.95404843347726,0.1334780864319986,0,260.99885694539375,0
24.92982383216332,6.19273490632396,42.74459818653967,0.1554220557726981,0,364.1046941054391,0
26.378580946734857,4.354535825608173,58.64929147626841,0.03664155559289155,0,275.13342843882583,0
23.586195008515205,3.5128319366591003,44.25643007474828,0.15432217347410337,0,304.6036311755429,0
25.058563082101383,4.659909853102333,41.702971928703754,0.18142124738155394,1,268.9999559006835,0
25.545429913567553,4.556642906615877,56.572158662124835,0.08547038293122937,0,256.2416847614545,0
26.01216633302309,38.77067755393983,38.83704597500283,0.0732963106282591,1,254.75826936170833,1
23.570291602456653,7.28104943738966,54.46837902621451,0.15728668351733227,0,372.745952167102,0
28.409038131824094,5.544660506827403,56.863224307121556,0.1328964567583424,1,355.993317558075,0
23.326875686055335,4.848815316112878,55.09525143699346,0.06373637154625239,0,348.2804660127565,0
27.713477709359918,4.762880615145673,38.958658144506245,0.04807325574408533,0,325.9546378660001,0
22.366212801151455,5.566765235672201,29.40483805779023,7.2819885380132146,0,295.33750877931294,3
71.13410965682968,87.03161630554047,18.001460890242065,0.08412183376898709,0,209.82664110314144,2
24.91437336710351,3.9641006599410815,36.13447046512269,0.17516619603962283,0,293.8583744893322,0
24.04101372475662,5.78836377739179,40.49755293245612,0.07914273570412195,1,269.15602635638356,0
25.44460043774703,4.172693036259671,45.32255541030431,0.0,0,298.0508222448993,0
23.31676483313917,3.5776046323692654,55.28256742917209,0.06345362318480491,0,390.25249312109753,0
26.80968791627432,5.098469623732192,46.82334696178371,0.057929227531012734,0,303.3048869923946,0
21.066549651273984,4.2424263276911205,69.96986549250818,0.053946072845283806,0,351.6483148152332,0
26.054925461723638,4.496744855051354,33.36063284707879,0.04019134215525799,0,322.06782285088696,0
26.832683920721426,6.128886634192348,51.07753531373184,0.0,0,239.2903603860346,0
22.694392590998028,5.4171381099230995,66.96760180217514,0.13089220416714176,0,378.1489408756204,0
23.11234598121206,3.380055387182191,51.86999008990595,0.1477038181652895,0,307.5009187556641,0
51.79111789407737,6.135988362866048,61.08347099417541,0.08650976617533006,0,272.36454711190015,1
20.733591753593686,5.190992309336004,46.297056486459184,0.12743800639457153,0,265.75014941960325,0
25.235783017106154,6.029341587558815,56.29021860123053,0.1560419297188485,0,320.8796063669001,0
24.78597875703026,4.251641347944163,58.60636636387156,0.051738920773265966,0,256.99917365088214,0
24.768176773390007,5.74702843928348,37.073102065727355,0.06635973217080673,1,294.94508860589707,0
25.524088630269407,5.456300570911624,51.161107147289584,3.0234465839528104,0,297.2388563933979,3
25.585318269915604,4.62629567714658,22.595857453276217,0.07774339169637715,0,254.66011358656004,0
71.73494648374948,92.46299738250356,15.769734401272476,0.02578637323755785,0,254.88673263927433,2
23.060048571675395,5.636191438835271,47.711462805961496,0.08922330743891296,0,345.57493078632996,0
25.31084897772278,4.2746586346792546,50.646145606887195,0.08108384553884122,1,425.174536568247,0
27.621629645403367,4.288465226958408,48.84502996218836,0.08294993111269953,1,322.0130686580524,0
25.420980527295402,7.486772339262802,49.02908603445564,0.0,0,409.45203962892083,0
77.58015262753028,126.39494683314418,21.433978527591428,0.07797754169500537,0,217.67913691627803,2
22.221049677773074,5.402513138895576,59.57611426595314,0.16521149122159773,1,369.485860114836,0
26.69235209937903,34.01290754933468,61.623482677528926,0.09596421063427876,0,365.8019159314323,1
22.444977516613484,4.523266130309931,44.10780905773316,0.03163673402918771,0,271.2795498911557,0
24.370493041789643,5.712727847459645,40.66672891816101,0.13949872374838151,1,356.45885849365914,0
26.566737479635503,6.013003740290157,48.38632250798555,0.16646784723743446,0,217.0016471596672,0
24.768950643648882,3.8906938175944674,40.4269671660108,0.050517892458510266,0,299.4095215486185,0
24.47976715550553,5.856924722258671,59.53842269572927,0.10239135391880337,0,301.28337650132767,0
24.469037846332323,5.303993264772061,47.723935850043276,0.0988706254169156,0,343.9283341230171,0
24.820373306127347,6.136854301938383,37.929867907583414,0.07542930910251022,0,347.3037553162738,0
21.79081264347564,5.678657633356013,41.07902807272149,0.11861517753497983,0,341.39801553784673,0
23.040699081647624,6.211475522952091,51.12890425471723,0.11720255855474607,0,295.9478725700933,0
25.53265860416488,5.305803926290558,49.084897763978304,0.14663341062851032,1,373.1154209161685,0
23.527723846254617,5.860659208717495,55.64175305199014,0.1616700204153522,1,306.0460781973328,0
25.669028215525994,6.114864865261456,50.3413951882716,0.032349304352316366,0,261.0058097680635,0
21.398959435871394,5.052184151355366,60.833278431492715,0.09806759962684053,0,394.45982905549357,0
28.16494496100693,4.591691222490386,60.73000289231638,0.12995593421768337,0,293.80329199443406,0
27.51558457508639,5.344982280829869,63.59719741426976,0.17498229469515658,0,300.91530714069694,0
24.546595752540394,4.483215074273998,57.89204102110071,0.11193113484233701,1,275.2582689814074,0
26.365191399556217,2.412097586090021,39.65838185084452,0.06934865348575547,0,295.8256024847031,0
25.71567752833295,3.9419421069132707,32.72877002503543,0.05662737256065715,0,356.7626179595574,0
23.449826739859922,3.7879049964598943,56.78007254904349,0.07405736634819948,0,308.42432478271013,0
24.04694723052584,4.212076228345498,49.419151016597404,0.0,0,226.8588722161922,0
27.260917663042296,5.266516646554206,50.17412553629932,0.07560424351139007,1,279.6737926529228,0
27.235850695390994,4.711129196623228,46.46063724742568,8.21708976464424,0,248.93308125248657,3
25.029956031319188,4.9987779607228555,68.5886878435269,0.1208253062206199,0,239.6152321585063,0
22.154001536575485,5.958636021422802,35.54165354670957,0.08566007156339012,0,272.50248362451356,0
29.634797002706303,5.759833876941616,45.09020759312916,0.12166672846754395,0,303.9012484579617,0
25.17544262122522,4.49451380963063,55.578529954170875,0.10185241493424713,1,265.05245046439745,0
25.643272936406607,4.791132905122218,45.66579155583881,0.061524427541609854,0,236.04007364599227,0
24.27708091270607,4.7508348734814305,38.88620670997969,0.09996157800904754,0,300.3738954354778,0
26.122223164437806,5.349700682595759,50.62074098795567,0.05209441704890929,0,201.4924205278843,0
26.137923294430696,5.548487714138232,39.960509570005165,0.1168316055661829,0,248.29162971141784,0
25.337738795280302,4.664075300823481,46.74623103698815,0.043274769721811795,0,214.26774149077275,0
23.01866422358493,5.654790629693958,55.469584791630254,0.08895413230555188,0,195.37454763462864,0
22.804154380315417,5.293578282084822,55.56899777705475,0.1286580111494262,0,309.36323690342493,0
41.46478777808879,8.074672423371187,60.1530920386286,0.0185236600265459,0,162.43931499149284,1
23.68341285666874,4.711470297849707,61.96356517949093,0.0,1,400.48676748424384,0
29.179103866493836,4.996511741665462,55.352743827768904,0.08110196557377841,0,265.4099576879654,0
24.23468717576309,3.7649379741410183,57.64093125258825,0.1671275440292523,1,314.115688223037,0
25.0181944714968,4.809944123765826,27.564823225704572,0.03862241904759498,0,214.83629672757712,0
22.89266634738654,4.999590550614499,39.78500229517226,0.05550254080908277,1,57.215787057043926,1
28.088296483381892,6.170856428123104,38.12290253574605,0.16280770351689003,0,291.9180441624802,0
43.17779142030107,5.432836704694266,46.31908347412581,0.1603729479858616,0,268.69394800447856,1
25.234068139481817,4.537455321810263,44.94130227371193,6.472887083825494,0,339.1068885511899,3
24.36514799602895,3.5501452990120157,53.825128746435205,0.15982447454135496,0,348.79194962836345,0
71.3125497289658,113.90741293782352,26.95653040613604,0.12092205532044523,0,238.7979320378629,2
25.09988411282439,6.2371955444479115,42.16613572598517,0.09039128850653978,0,273.21105578326586,0
19.053653114298854,3.831298749287514,58.451846090675964,0.17216088457918632,1,286.4186291048857,0
22.445710385577037,4.085943757660385,47.64328798121526,0.07626793576211907,0,251.31075663999354,0
24.077580998407488,4.312477122438658,59.169455678872865,0.18368395584377337,0,291.82708272755735,0
24.267505415332963,5.922398749091596,51.848131745413575,0.01884230092675264,1,260.0254116672297,0
24.912627455802518,4.282129121891673,43.31365568424387,0.030078536065357583,0,197.2377056970819,0
28.968804580088396,3.63463348175702,46.843423961061006,0.10297395417749848,0,305.9522059372375,0
25.146235397389468,5.161529322069931,51.932065736047214,0.06492464299414205,1,332.0445465158095,0
23.748525673019614,4.799203255490183,36.74180861873647,0.08775332574155043,0,268.0925597476804,0
24.780518957230193,4.72246057992008,55.02440703280042,0.10726694525402469,0,276.23866347859615,0
23.951654015560383,5.6708069261772005,37.23622490148614,0.10018604910837649,0,303.9326693937599,0
23.661472444678722,5.483634301695147,50.84571149122118,0.08112038513493806,0,230.25925325061758,0
23.95452183550541,4.761380743430907,56.15744358359132,0.022912164112725064,0,285.19437837552897,0
27.204105452048672,5.03752965130246,61.910266838349955,0.0685639050273293,0,274.64622351577367,0
24.272100988826406,5.885609266038466,47.818892561980405,0.16691702639633654,1,218.0806407211425,0
22.309256875230712,3.5948075098957784,47.513904688623455,0.06607118033931553,0,324.1298601590231,0
26.49330450704294,5.076635745926134,50.400126840137744,0.048754209070536396,0,336.5518683498127,0
25.606710502218274,3.9051940226956083,44.21636348032242,0.0670906664717413,0,289.9365128167502,0
25.998994062860984,6.561942432428353,51.11334574692946,0.0639985190862738,0,228.0222874183466,0
25.712768076123997,6.034460801727389,46.1558864420734,0.1270052358404778,0,246.03901336814872,0
61.03357428603926,80.90695608295084,21.087237600381695,0.11302956419114142,0,356.22594625835217,2
26.055781318447007,2.907355822399297,45.469799742917466,0.15211172003101225,0,319.7329265028527,0
29.220176744094548,5.497980448525901,51.29045653092359,0.12591378981325319,0,303.508304387503,0
24.164201171689683,4.579422589084476,37.54248180628675,0.1554353846107537,1,324.80736617954864,0
26.88721319461871,6.2680247585535245,50.14823162669232,6.334825098429566,0,167.68790907522686,3
25.187164781082636,3.9350853854637196,51.043736614728864,0.12430763912167572,1,228.9525756127593,0
22.068066597311404,4.7849544288384385,56.076316179496075,0.1653603962365174,0,266.52949112472237,0
26.700689083648527,4.694196114912452,63.89066091695989,0.15152337320951054,0,259.18438376274986,0
25.616106854940746,5.275692382837814,55.49882704230372,0.06276973025630377,0,253.83181479535844,0
25.727909323641683,5.3475384196236755,38.965348000126276,0.11616738854648191,1,325.8994694694811,0
25.90093833948468,5.4755550216336495,41.169358941840656,6.453736998266961,0,344.0079864684985,3
24.927700135543898,4.358155501809556,62.45399005255305,0.08716953055273918,1,190.05117732099933,0
25.070710591798996,4.646750291074302,39.41229169696324,0.13798987701990964,0,277.5304632873952,0
23.964252726674864,5.605929519695865,63.0854521995266,0.061835712680942984,0,368.93146037580266,0
24.264080138926776,5.312393386005657,35.71366385238085,0.06474770070882735,0,243.02578174538974,0
25.691582409031405,7.050716035028568,41.99664222261802,0.08363579698836517,0,346.88090526857366,0
25.027829243344684,2.6929821277216868,38.99868324237168,0.05880139064036589,0,263.83286363167747,0
26.62603398238385,4.517475460374868,57.73835816667401,0.11863939940577437,1,304.07938047614834,0
23.5534535687823,4.890682253915568,51.778369822819194,4.413212988297898,1,199.00911197637828,3
21.74159447592238,3.8389872790674477,59.262928925700265,0.0880723952076993,0,252.60676298413497,0
27.01701210121356,5.451792584622528,44.46251225176626,0.08253053383032506,0,355.7740215393516,0
21.684557093777272,4.309233137973398,55.811866137817596,0.13542880666865315,0,234.50578498313837,0
24.635919075088683,5.64723336190942,52.097063157117084,0.10260277645694556,0,390.8384101104791,0
24.6027747125476,5.445204962343435,47.14171993957014,0.005967515735190554,0,266.7460056040533,0
25.639723144428483,5.959751186682047,40.36078447873648,0.09286630093020257,1,37.062411320102356,1
54.15008905194995,75.99258437010414,26.968234091380303,0.03182364761135424,0,272.9294166210107,2
62.97811368397922,71.15575845500544,12.87072303592851,0.09961702747822367,1,260.08246647261683,2
23.508416698318744,4.504853447642507,48.254662983077985,0.09404181743946732,0,346.02493790203505,0
26.175866516507813,4.820780068185592,59.628750112612934,0.037234734528484734,1,335.75574558827174,0
23.756872735641288,4.813395422666577,57.08301784003277,0.13655228982016274,0,307.7818616024966,0
22.491109865316453,5.561255366906232,58.134121750021315,0.1327546433157492,0,299.6504367577324,0
25.3344084620877,2.9578090863782687,63.765796214302966,0.11698430507868199,1,328.84537057980083,0
23.964794584833285,5.387801611164258,50.83468977616156,0.1064097818130402,0,423.73117301901164,0
79.63710985194454,65.16651719457676,18.18710163471561,0.08899493459590505,0,318.2174746899274,2
26.764125672277906,5.050535679549965,49.51003654414807,4.603173725263939,0,262.0452902839087,3
26.252928371247165,6.2015414114024505,42.014532243724155,0.1380891563720217,0,254.72734721668022,0
23.267978812344342,7.017084834854721,56.483202127193834,0.14205133991653537,1,367.9450677871214,0
23.681596879004314,4.945523301407529,51.56032109703784,0.14871229201206693,0,261.97976329337854,0
27.013141440957867,2.7634610015216463,40.13934411880175,0.09566048353543347,1,303.4769918851754,0
26.018249408717473,4.881649756699043,62.96749691673994,0.14220207064364526,1,293.4014024070942,0
26.440137845561033,5.204097330152297,51.34919849517099,0.15559880052018,1,315.36082939269306,0
24.537083546803313,5.179026709720182,35.12465137712789,0.06011620811657787,0,359.0634497016982,0
23.193530108657992,2.7589858755452226,42.09451164957938,5.007477874211474,1,346.19994470571544,3
21.649178742445418,7.073903142361415,44.15851191071974,0.08418516383660442,0,376.28737184717033,0
21.140137440450978,4.8861198515803235,61.32510674465671,0.13816788773039962,0,281.0095007035332,0
23.229876375896637,4.4871987013212635,43.23483514640995,0.08121844644502718,1,350.0040526769429,0
25.614756922494028,4.647979107669475,53.25217104040628,0.12225662154598496,0,297.3126506187589,0
24.70892425888716,26.576608520116967,43.125927553076544,0.10084708903076457,0,260.03310785885515,1
24.006721038611254,4.702856901884169,51.660686671825275,0.06332350483689886,1,54.2805615245599,1
23.02783278679262,6.093573011451694,45.23426099616325,0.15646658923146248,0,381.7345458318059,0
23.5136756371645,4.206254595358574,44.53079146520295,0.12784593436248437,0,317.4006705438388,0
28.258608450799205,5.152498011142716,53.22267932588875,0.0918631471945836,1,442.9826448006743,0
25.979121014073677,4.6081110330459,46.971329782131,0.1528398730920606,0,237.4108267573681,0
27.59478081581095,4.13657990785776,52.70545246540332,5.515962539077951,0,330.41478549309215,3
24.965459034030417,5.896351873081852,57.55309346448514,0.08634720106485626,0,342.93731047724316,0
27.289085105397707,6.11212403394827,56.49540493132014,0.1525567056677676,0,231.65966648759508,0
23.347330718374224,6.029969649777066,49.04352601470324,0.15914957729578497,0,299.05967191012707,0
23.55523489290262,4.140576577748245,53.32132592405211,0.10719688583455195,1,310.2236821907921,0
20.942922269060812,5.44622836070648,37.62469695660013,0.13164511798649392,0,224.0347022808073,0
30.44927942822187,5.103023049448452,38.149873440912884,0.15336686284399534,0,306.6750126899487,0
26.20324504103594,4.465549724038013,43.07378988011827,0.14255346543843483,1,327.3849664231061,0
23.58695336409835,3.3571946239335526,37.97364775253568,0.07621236169145995,0,213.29108183523775,0
77.32503162613952,83.93715281949085,31.682589247545014,0.13048892577566956,0,355.090374520693,2
28.21799773919089,5.395113635224103,52.89914640704852,0.09338544693746431,0,318.3333286158734,0
23.836748507192702,4.629193371027203,26.916437402897294,0.09492849072840866,0,328.0400210536354,0
25.403674924614688,5.006151875132349,41.23733960019041,5.788755625875295,0,247.1018509749261,3
42.18628843601197,5.511052275149071,46.99471344206472,0.1546796556800986,0,322.2496073601831,1
24.076748258438794,5.273603210370262,50.15150140150473,0.09715648230535508,0,293.47440303561655,0
25.17564053360243,5.978121063395068,65.51935751174595,0.10307674333603281,0,358.6632867805764,0
25.618668484589247,4.960106296252546,65.72776265253876,0.1184271949867159,0,263.4825157576997,0
24.875098485822313,5.017125809985426,39.44074329837868,0.07144108766869194,0,195.0141812021876,0
24.179517270109514,3.959633183823253,66.67182701949288,0.09686063730526434,0,305.9608845218354,0
24.019750245921884,33.12186231041782,62.82519750030574,0.1903724351709708,0,420.29927029148666,1
27.440008266749864,4.665638725977882,35.728085824176134,0.0,0,344.1903252087528,0
44.54869534571756,3.390942999412928,53.80048187321692,0.16205947313863353,0,242.50953625084907,1
24.232928158751825,5.053414173061334,56.0212902168767,4.566061136524783,0,360.0109095656112,3
26.46221610162643,3.9257424823271094,55.29084795511338,0.08080628740711532,0,252.45753541742042,0
23.45856740582138,6.103773752008827,52.29143845104247,0.025442673593206386,0,271.7001049787857,0
24.44600344356303,5.67765276287881,37.0232662257377,0.1593531550927293,0,312.25324936694363,0
26.894755618069922,5.1297450429934255,55.71857616748024,0.15123424912458944,0,323.73318656564345,0
23.35834166223303,4.298167838909778,46.08724310597157,0.06956108383458287,0,365.8255601439686,0
26.22688632256416,6.446942474974387,56.08385093290847,0.08227705103310139,1,241.67050002231318,0
26.637587457971648,4.173382756869605,38.98264090818327,0.07681057127300277,0,284.27530968427266,0
25.461617881604166,6.700465432047535,51.134427419212706,0.06890094232757411,0,370.8578995896314,0
24.27654445546476,5.442532044949717,49.86804813037696,0.10402403544336601,0,336.3208533198208,0
27.49723895030433,5.142498930057816,49.15404443037585,0.0743553863163629,0,337.31084897611896,0
26.000129447675338,3.8941858969091996,41.81812941521698,0.17902890316643805,0,237.44319290632077,0
27.960969548766872,5.737446617890129,60.26955085797252,0.1375922044905093,0,392.7906205992399,0
25.502556789342236,5.8729489920464975,45.35058524802944,0.10731603303852655,0,379.43505465618597,0
20.996215201971662,4.769278452425136,41.08594127191972,0.19395931529583366,0,263.9163180793581,0
24.02918603241991,5.05063239973216,47.107064270074545,0.08558777147457898,1,317.81474087075185,0
24.318899060706247,37.69836543257384,36.707345501542946,0.02639204875512194,0,328.9648339348468,1
23.08388879481109,3.08139622525195,48.95450449279784,0.11771102964294401,1,366.2252830491093,0
22.850119893799857,5.311224538585814,51.71558360545359,0.10508611352614611,1,243.31804284295904,0
26.021877902598487,3.6149615714452166,69.94394051870361,0.1348824641674654,0,268.76025607940613,0
27.682638574039295,6.5785125390727455,43.66369385940847,0.012072683647440963,0,310.277543193648,0
24.635159745487233,3.971964342629049,50.607039901306564,0.1074012493597078,0,343.5654512169043,0
24.67848814498241,6.589891736728397,73.08699037416079,0.13350404870930271,1,53.46335951475328,1
27.24598530832489,3.5201803728526553,46.82334769234625,0.1730801709282646,0,397.8224297433632,0
24.702880695841763,3.332396678380748,48.77658254335406,0.0283056086440171,0,242.43688749320313,0
25.210965141536704,2.611975103660967,63.657393709699285,0.09482439918864795,0,301.85747733027694,0
21.357694316109203,4.970643720467505,64.14431565106679,0.09502295530828055,0,263.8128382074667,0
23.647578358628365,3.657771959473436,47.81284789806273,0.03309694560168029,0,329.8453409905772,0
48.957949644749974,4.666967765140505,37.31197849529106,0.18215501579719912,0,408.7804524255655,1
22.269373584410012,4.677328284335893,47.42556747258648,0.09496168093804372,0,363.63013884227706,0
25.38079127809834,5.388960404648389,39.803417161602894,0.12953664206472792,0,408.0847626129217,0
24.52030446655167,4.357029144736616,48.45492334515448,0.15372310742110454,1,335.9190421419025,0
21.960745774994017,30.353187776943205,51.95409323302943,0.11933794325437806,0,279.19228356156526,1
24.900929744367293,3.5493884474893145,44.707135026591544,0.0870800342873121,0,289.3305428087998,0
25.199112392760686,5.327215343244307,58.1745663358642,0.0,0,322.9890464491812,0
23.443348844072748,4.666930563947103,47.67886668396573,0.0744563182029365,0,343.9460227843181,0
23.808803062402074,6.503079866765087,36.2849451545746,0.09549528675873181,0,158.88693267846617,0
23.00325435398139,5.035563426460903,40.20488084794336,0.0,0,383.5022720162538,0
22.985503020309032,1.6640413968695698,57.59323047671636,5.254156346859447,0,355.70071403437146,3
25.17132562697785,6.575001644808793,35.01409042481058,0.21220854756000837,1,375.9723696615048,0
26.734230782049313,5.759605538055239,55.01942529055157,0.20130254573438952,0,307.0803790994071,0
85.25751412619516,77.42551705103473,25.904575604222437,0.07374132501181709,0,245.69883065889974,2
26.646748929998825,4.895286388371107,41.12371155607761,0.11493445276430717,1,314.98714681020897,0
24.789166428194363,5.005513121090513,45.594121301167654,0.08241733396844814,0,276.28505940067487,0
24.890474643284985,4.534549623958489,42.23786485501094,0.1519656625574526,0,344.62111488158075,0
24.491262221963794,5.080713614936432,50.8357296367711,0.05259908854007449,0,293.7553829444175,0
26.66275841200949,4.8836583344235365,21.19551325880218,0.11321562905846477,0,354.6051012852303,0
29.396145343055444,5.717904674246422,47.271903719895185,0.12005184525251328,0,272.29087860726145,0
22.797246878621845,5.90354962813754,54.717166676458874,0.06843812467349378,1,262.51519928272376,0
62.0096541955161,88.03760714155855,15.920484014324044,0.1259504220418129,1,152.75423668448943,2
25.698376316554658,5.697986008207475,61.537592526913606,0.04686305300619106,0,293.3948359321566,0
27.316014500476378,4.6416280787150495,47.63900132337648,0.12470136897201135,0,214.88888238801485,0
24.877601191232976,4.449413116445569,40.44476710013003,0.008439072633793843,0,337.12625370954163,0
23.417793418931346,4.656320497385842,51.39187163911599,0.1252260346709466,1,314.1450117865535,0
27.076676284688226,5.670974887297193,52.24396460889727,0.014962523071076192,0,265.7215889293,0
28.967018265733632,5.7378567291720755,59.500858325575074,0.1352870063940317,1,326.5344442853691,0
24.64258799990574,5.0458490079165985,50.385240139617494,0.10815904339711449,0,364.5764887643586,0
24.749183683401334,5.151417002062597,36.824438008307574,0.07730113645197152,0,238.55744299235684,0
21.881348674955568,4.8186487421081345,55.023084257477805,0.11498099594026802,1,203.22057553680025,0
59.1778022269324,80.77188767756117,21.6828828454013,0.1306209297087127,0,297.6715879003484,2
26.742686472732018,4.692152974857798,41.387141073162894,0.08315164770833362,0,314.58682799455784,0
22.69840808936146,5.134206475823821,51.69951974050807,0.09793267550519459,0,351.0007925502812,0
27.517885982383937,5.496466570063303,45.86484193568672,0.07442611821046854,0,323.16016493929635,0
24.653029482290155,4.7147058960961425,52.699322883577224,0.20577056200279456,0,341.96876426464826,0
25.926325986876858,3.9523435298393927,45.584110448157546,0.061237111579943465,0,215.55427103556926,0
26.76674597431032,4.7985882912574755,37.84751778038328,0.08116109789947952,0,374.5032316236586,0
24.63248580716019,4.7758477838324005,52.63110664010276,0.13164885725386477,0,273.2568614571352,0
22.84407060781077,4.707396649120743,60.01111821197264,0.12706653717880284,0,378.9384387497448,0
24.33647132096733,6.496625032355235,50.00621538465745,0.06327815467207107,0,273.5880804307904,0
25.165203294848318,5.578894723705065,60.70735690404408,0.14720979510020332,0,353.4957490975016,0
24.16953331909157,5.467000148712403,64.17951868530484,0.04197553425326489,0,209.43183675600972,0
25.39063300046161,4.970588643880901,64.18721592246013,0.04146072627548103,0,257.6880597818079,0
24.864381465041465,5.72504016180162,61.85257246730481,0.11742264223923042,1,193.04696588213545,0
27.276982679660758,4.907565966767604,57.13748780853522,0.14315498742792176,0,308.36546318318364,0
26.09560807138364,4.327145224082786,50.94519634052565,0.13304499950300153,0,371.2620039799547,0
24.436171660497887,3.535104447894401,55.79480491220317,0.1467417964780122,0,288.5413232564948,0
26.581596537799516,4.582536869033073,68.65374414356356,0.058938475456598916,0,330.9180570771514,0
22.28368031303445,4.344037646167881,58.85663132931465,0.21702926929794764,0,246.56332405808536,0
25.544743662259865,3.533822237706171,39.1744835508887,0.12139448175381365,0,288.8464386402857,0
25.902676327281064,4.389493444794633,49.0486286285323,0.0708084136750529,1,328.8196511319353,0
21.50659685973872,4.45504928626565,45.733331657965024,0.06295886104931786,1,293.59037562961544,0
22.544225824813054,3.7564564123190345,43.8784837696674,0.1562835831868884,0,306.048800898453,0
22.339476820008258,4.714755993104213,65.28740842671905,0.10710236663257675,0,287.16289986039163,0
21.53521730936378,6.115615868734863,32.569568160954454,0.14058318982380463,0,377.28870214462245,0
24.47125675105495,5.535372576810715,60.659660739421525,0.10956706851894199,0,298.3934529711821,0
30.63013631135532,7.011449426924127,39.96896914173174,0.09050628260157215,0,311.0263952925528,0
24.685844796612166,3.706584001204213,59.47116174020777,0.1565211623267142,1,310.51870085979493,0
24.92728986272661,5.517572214145619,59.48656410148209,0.12140838637557307,0,308.5110154258974,0
26.54666404313565,6.2613641174481165,50.363217596717206,0.11664252990567765,0,332.20969887231166,0
81.1998499901625,83.11111222700721,17.390213698636256,0.10379304489151392,1,179.01878557966893,2
26.73362208731846,3.7957162744807,45.991216076385776,0.16558511094528822,0,307.34527902950265,0
27.189795299052225,6.036446476003286,35.652882238994096,0.05608846601691265,0,321.7225259246084,0
26.787385934573543,4.372131835340237,48.447361626953764,0.09741165061294867,0,245.64733063956132,0
23.90510218979344,4.884704367147808,48.51530517290951,0.13621185693663632,0,267.8634434883958,0
30.94442021682188,4.6886627240553045,45.765015735010955,0.15535553969212304,0,331.8692076980156,0
60.601950659469594,104.55344341272153,22.0662752194528,0.0718942387110496,0,279.7317335085367,2
24.890439758363236,4.222828966186624,53.6660550046246,0.15861177034545795,0,235.41786799197666,0
23.712880205299967,4.466232108315731,58.913227193483806,0.0653264218056416,0,336.29599723052706,0
25.791766523045844,4.571625821877223,41.84617193410401,0.06983792064635201,0,255.57135654604122,0
25.14571638324861,6.161237885168731,58.647994903147556,0.0975185213522225,0,125.99292944809397,0
26.284282862664508,5.5220626810086335,55.34910368898233,0.14646641922474518,0,240.65069658293064,0
75.92444062579268,51.211957673080825,22.051893867012588,0.19691344912202516,0,264.28572075198593,2
94.23034598453881,86.58195798204957,16.064814246386142,0.0,0,272.6105766047185,2
59.3007835285521,73.38714369119937,21.172948495980144,0.14436442871884342,0,223.76307534216767,2
24.47913397794998,4.682592603503741,37.69557764321879,0.07929173280567804,1,315.3862114808202,0
24.64444565772359,5.312703856599715,32.982940179252864,0.073804467012041,0,250.89442222434272,0
24.05221925538043,4.565796612965337,43.92397322318939,0.1250413492147485,0,381.3046779014493,0
25.103197433241807,5.915845866647592,48.86635491567209,0.14614292609716417,0,261.3500108357015,0
20.384768178392733,3.752617049840281,40.20466920333132,0.202644293033099,0,336.7999479887121,0
23.756308319766777,5.254864835433216,48.29147670410092,5.8411531925698315,0,304.0528100686673,3
25.82743562546028,4.2157757855941425,42.13006691926098,0.10653586419768181,0,319.0025231815356,0
26.728231445033337,4.8917570100782255,36.77183597056942,0.18661543275967396,0,252.67341408218442,0
26.913080644316004,6.996419628789737,63.140120466187554,0.020885885641871133,0,317.3045834918097,0
21.021850043636544,6.364020039294662,48.52527516535605,0.0804285109498145,0,303.38912503732723,0
27.93532863604065,5.0286778257739835,50.49424623601835,0.036728609629142095,0,307.262168173214,0
24.595528562804137,3.7971132794015388,59.36424350345966,0.1401769711267636,0,123.40606036336524,0
23.443652411613968,3.209492321450954,44.49533579441625,0.19529982782564564,0,161.17148021960753,0
26.08884032219989,4.8500004941038855,57.37536864046129,0.0849560622735627,1,282.7744806293937,0
18.51093598512308,4.978411190321261,60.97577915195352,0.15009233536277988,1,329.0509468608529,0
23.988427427962424,5.126957408423178,53.008800498251254,0.04037968716837057,0,392.4369446215627,0
25.624962887987547,4.47555025340669,54.633090432451496,0.13777189409129686,0,396.31334694418297,0
24.14360424285601,3.5533479185998273,46.49406446527746,0.12253409568976684,0,198.97601710579008,0
23.579748036720172,5.421906990121424,49.947958841964706,0.12346209778638914,0,366.30994430568444,0
21.985550528674683,6.424657683236475,53.41665378676413,0.03879907632724122,0,308.0659572763598,0
25.957230407611963,4.770836729249047,51.53843588785703,0.16209905828351653,1,340.40059651639496,0
27.337835138040276,4.607960178960808,35.998165032420246,0.005206368824342902,0,260.42588553233776,0
24.283255062265717,5.85618627274095,45.73198894684005,0.14693625549934955,1,221.57089545650223,0
23.800409055339184,4.609447283411078,48.676699506233454,0.05526791797256722,0,355.49300191527294,0
24.717321155309236,5.4178968541983865,64.19319553525673,0.05447279867444538,0,312.9605038004516,0
21.59142680598565,4.734843504040411,44.962355907915374,0.13057136539783823,0,164.5792429408088,0
23.59414203185357,4.42433005013692,46.461012138731924,0.17336580635019694,0,197.4676316731874,0
26.299619763379454,5.342721511398504,47.84756493513306,0.0840393415552903,0,292.88300776141324,0
26.983670981619305,4.940287314784561,57.958938762875526,0.15935824387343958,0,230.45957067034095,0
62.33005461145133,92.16399100192646,26.420667239414552,0.134603833834438,0,221.7510167344786,2
23.63780656479303,5.857184489006041,47.863687017272355,0.1165110824821131,0,303.1426629185857,0
23.64024842696655,4.711945120720204,43.110849754593985,0.06811495641019993,0,364.4222946340951,0
26.406332401443112,3.9117491595122633,38.195994436050015,0.06771959509451901,0,316.7333709429503,0
57.93208757137557,71.51760061503094,15.624698717091885,0.16154802913155028,0,200.1295233820583,2
20.75165313319247,4.5373537132295265,37.757102603243,0.028709819688486654,0,278.81701392876005,0
27.91422458221273,6.417664814634619,58.856917471464214,0.043210641023056384,1,53.34111176207595,1
23.371934466564152,4.222635687990589,44.52713519872218,0.16699378497709513,0,295.65108721999576,0
24.06111484162887,6.6579956013530195,43.16368844574026,0.1733233622770003,0,320.2965586929061,0
26.745449780639913,5.281142258200987,51.826426371791385,0.08113071591589886,0,266.6984097147234,0
26.695875751915736,3.520087610702468,45.25371747946608,0.1583550196710173,0,290.90133643388157,0
25.38646921314676,4.978220346897626,49.37303356365384,0.16173322364225237,0,296.69825643440515,0
23.406517386301044,6.374148170938217,40.89932956704035,0.05512359086212897,0,176.38754639805768,0
24.703557973241157,5.638148339168808,45.339874985029525,0.13041632897958066,0,359.6629196296448,0
28.225723918323173,3.26754058933986,45.37078928626292,0.043241799023176125,0,288.8168137411444,0
22.664690217245408,4.9585323998182735,51.88280503069113,0.0,1,214.18937531658003,0
26.22927394654545,27.77236365379447,37.68512747153375,0.08416081821004415,0,285.74498481923337,1
24.49845310539836,5.109571056197593,35.01127920744108,0.05754110525834822,0,260.64161242661385,0
22.848890358024697,5.787340861422017,65.79976265224376,0.09168147460582587,0,290.27784276588926,0
23.802987964744048,4.184727528978763,55.67847204835244,0.12529761166774314,0,240.90639060275836,0
25.522275053902963,2.982725032380883,49.88648990613074,0.1831126873003494,1,313.8843227539982,0
24.140422204439894,6.3250751528908875,51.8259030111923,0.09031105884226394,1,200.6144241568355,0
24.177723264172755,6.099980433663776,55.40071322982857,0.14770019608199716,0,223.83281991051496,0
23.14817729131222,6.426749089899936,58.43190843841134,0.0820024171550916,0,283.76222994937234,0
77.71829010038921,30.89001642211376,21.62139230182552,0.058946189886810024,1,335.8560862561616,2
24.232361260857232,7.138377354093745,35.17391290840123,0.03848411363921567,0,390.9762104325656,0
30.39317454301998,4.051824280828099,52.242594789503514,0.11008529007134851,0,317.2878038871145,0
25.442344321493653,4.349027630167209,37.13102095859125,0.04363962759479019,1,361.5380546694174,0
22.116223186809368,3.3067315165386466,52.64845836767358,0.12156231875256264,0,291.80891541376184,0
36.135424496179816,5.359045031338355,52.081151657079495,0.07263320413033279,0,393.142325042837,1
24.0273167482045,4.093799405960125,57.769552207735856,0.17865164855389132,0,321.49300893300784,0
24.367717981442055,5.450627144112752,33.539180476455954,0.06793762280246927,0,357.99921318142617,0
28.131691779518977,4.7012336204301075,76.69751873580361,0.05745811063931743,1,313.1086673295189,0
28.787153685425874,3.9341713045188706,48.89462135408162,0.07032051717186026,0,258.3032281617625,0
25.73949306884978,5.363957140450391,48.65639803082082,0.07019732791734368,1,353.99044775620433,0
24.81002295833487,5.003431870815035,46.21014315110247,0.09148214568109338,1,315.0738519254106,0
23.054048660489745,4.942713642603118,42.654197006631534,0.05022328006772045,0,335.78929200415524,0
24.628713832113792,5.316862474414238,54.93058900421187,0.044465290954022865,0,329.92346759086604,0
68.67269627079492,46.972709568350965,19.551942127302894,0.0806370154168229,1,288.6908170345071,2
25.062534614717396,4.4915879994551045,47.57892860962126,0.04705321328151185,0,265.8672917272831,0
23.77234317215869,5.055234836396195,46.89861094918252,0.11480281042457738,0,288.27610135445514,0
25.48857417444105,7.941788461754824,46.00032357756621,0.11450773608920253,0,249.8286267587121,0
22.966472634193607,2.5290591091013463,51.659970997549834,2.7259337806005925,0,252.40814023453783,3
24.374167676036905,4.594106595768521,58.960550312064086,7.262151761703768,0,336.85265490926025,3
29.192145657033237,3.4929734718534737,59.057187988908645,0.0445866240264028,1,262.00581435137326,0
27.21385397756673,5.790298902458162,55.67113315227654,0.046328137708881,0,251.68873748013755,0
24.110607071262592,5.87524548614272,65.51390205957027,0.03645269182654397,0,315.1380945204625,0
27.804505848883203,6.541733583313734,65.21314517387614,0.11552376330530538,1,262.4381266068682,0
24.019306868183573,4.352764090429673,41.1557969654115,0.08789283769343692,0,315.45980570534846,0
24.45655182048367,4.300377619126062,35.756193584408464,0.10563960617905761,1,347.4636580401851,0
25.426084327624498,5.226705118178609,61.563554860472635,0.1469072396576991,0,330.36415994048673,0
24.989731782529383,4.850976132253534,59.07429898311918,0.07407729811111924,1,307.05719332493015,0
22.311996449999317,2.3447894350180047,50.55596994931031,0.008304909170738436,0,315.89552342867216,0
24.170157810744243,5.176030462638422,45.39280439625324,5.210372476225589,0,353.64581152162043,3
24.416564491893183,5.673063766762661,64.76047651409695,0.1156769149992377,0,188.50471549229215,0
25.952757651416633,4.220809531105908,47.661155737903854,0.042794845593479604,0,284.2935210906357,0
23.483648943167104,3.145870123610353,52.199930892493825,0.13500770300664874,1,364.34568408394455,0
25.763760909222334,5.515680606165064,57.20973588707887,0.057060287687626145,0,388.8846842892949,0
25.93434260210486,3.78992948683218,64.06154890295653,0.10330290110499053,1,320.05708732151567,0
23.456831689997976,4.365178395452127,45.53246298558444,0.10544706175363937,0,309.3436461746599,0
27.479281034711317,6.604467321190535,48.053038829782906,0.0,0,259.33860095992736,0
28.523383722793678,6.885146852820981,50.13010112291255,0.08449430045727424,1,287.3935430516645,0
24.619456030700103,7.602132396407208,34.09830977434806,0.10637461384512995,1,273.9727230894415,0
24.130095161031164,4.889139344798443,51.96658529345752,0.11877534610420357,0,324.9741511863964,0
26.681929840532973,4.201216951282737,35.17078159234472,0.12942174261233474,1,323.66025190748695,0
25.51099721965112,3.9520698220028816,48.23758518282164,0.10860604438268456,0,335.9829854639983,0
41.355924984367526,7.499601554401062,56.58179304491788,0.028675059119506255,0,341.1048897736759,1
23.620774095198843,5.658924371582463,45.21608404086881,0.04323775014065248,0,344.322294876473,0
27.405086937249777,4.785710800275166,60.9892868951291,0.1220846952281946,1,306.6522226833743,0
25.086866991598747,5.565703640441327,55.28290770927286,0.11282967589557452,0,238.45736199811466,0
24.561303127183024,5.261765759512755,57.19371367470616,4.545624436077904,0,235.54738019662568,3
24.32810858050473,6.942810663431821,67.88072285380441,0.06632157280824305,1,338.7465894883722,0
22.113354598917695,5.090811313263137,57.48234023608491,6.237692891077234,0,293.0852462875266,3
27.547215433559003,6.178701453361258,54.701144563806295,0.03405399346863079,0,303.5575905927816,0
20.80158748964063,3.219163301398926,41.128436998094514,0.16412110497260246,1,409.83765600679953,0
25.036358506706943,4.855963350261723,52.31617482698304,0.0,0,306.7207291918847,0
24.49993822964779,4.03643114998078,46.475952593125584,0.032738252833101694,1,256.9620382576363,0
24.2491439265101,5.857279937764439,59.8469563350361,0.0326983668798034,0,242.50860084913654,0
24.895392997924567,3.908044598704275,39.47261252363619,0.04539433572928884,1,348.8806797790203,0
21.806814431888036,4.175333420209776,37.01710597989136,0.05905313255222728,0,278.2689125751401,0
23.58436010470603,4.220775698163248,62.38226424517025,0.08779867134244759,0,290.8958034326917,0
22.410105926975746,5.752780061449932,55.766093108145895,0.09505761747345676,0,178.75496389003905,0
26.719982710544844,5.3110384788604454,50.36484964876742,0.03790768450963027,0,338.59717659915145,0
25.52533879605454,6.731362723762298,49.3493194826873,0.15079120046409253,1,314.5024579949778,0
29.066371833421748,6.46430689786938,39.533188384569385,0.18721576249315336,0,368.84491315065907,0
24.339393966332985,5.188809599148805,59.43839961921145,0.14625079123557624,0,307.0029107077596,0
21.56015205499148,4.626890434514858,43.45468580980725,0.1894908789478754,0,259.3442870378503,0
25.69409727379013,3.8994862880668957,44.25624846015065,0.11238476314465279,0,328.3988622601133,0
25.465789667885474,30.183588894635133,50.76148319076448,0.2027648828748298,0,236.64665871931714,1
22.65937211567018,6.34436030409672,26.503245415855613,0.12600768344169555,1,324.2523047806509,0
21.039831288501983,5.745818393649124,39.351150994680594,0.03581865433167185,0,264.8376729696889,0
24.645728692153984,5.997525779734444,69.56201346773767,0.05859125912351931,0,296.23974352830396,0
23.93723384402327,5.051720136891392,65.5402997032038,0.13387464443621835,0,359.85760694522384,0
27.64089607610363,5.55318898737856,58.48319609401784,0.11817440256881598,0,379.9196124255883,0
20.478675416398257,4.135763853819279,56.811304976041875,0.11453238555796222,1,257.3274054380057,0
25.338811247061365,5.345919505695064,55.28718771818533,0.13809559463766596,0,268.80151030742115,0
77.56532653321426,82.25187322528393,13.936166407769282,0.1452589825283478,0,385.81865015921557,2
27.17341697714848,24.46974216869245,72.17190216181811,0.13663719333925084,0,307.95314009859857,1
24.988985459904928,3.6584440616109717,59.62964635833071,0.12953650856059734,0,262.2675575775119,0
27.66834857857819,4.143734821596163,54.3193525166764,0.16253465457221156,0,302.811258296438,0
24.633582547748574,6.271055159655035,54.72407876631366,0.05394880336955962,0,316.841392272291,0
46.61084491991835,4.913407927542976,40.25322574067436,0.0996900405965293,0,414.11729516524264,1
25.521727505341126,3.3036474022269955,54.546925310550414,0.0,0,310.461108557835,0
67.84642975866704,68.21883851074097,20.378497863720124,0.11947960572735336,1,292.3156406397774,2
26.731326211142875,4.761046715232206,49.49748161191556,0.13245800204346755,0,240.82369557868748,0
28.489975145590492,6.165439777733064,41.46517811084443,5.028929134398079,0,425.71546801014904,3
23.462357817071844,6.535233340539224,61.64075622208248,0.1172076669785041,0,279.004776590861,0
25.656867514759682,5.313774048427541,37.350579829776855,0.058731173360278596,0,250.38868564598914,0
22.34122079676693,6.031200508382787,42.97851460504549,0.13135859587409396,0,408.5936405632252,0
24.210697819266777,5.880646591393165,46.80028457784927,0.06944239668552875,0,259.7517658989292,0
26.064419601397724,4.479141964590204,47.747161124728116,0.12345932559432604,1,37.88546500148895,1
24.491750095797578,5.787280047299257,47.764346721798695,0.1195757878423148,0,273.3102024280579,0
26.70907165707536,4.536151184291514,67.9761228306721,0.07560413100362895,0,347.99813856062207,0
26.10389020629357,26.78424072991192,63.4990119231667,0.10807384614801055,1,343.5208390062726,1
23.727985215601944,5.728822562832143,62.64259883846216,0.043896876651312026,0,337.5490493222719,0
24.64547206567913,4.900826241781439,43.98282547761309,0.07651475991128402,0,373.28769987826126,0
26.21715986469444,3.8184769286852003,56.55465627931467,0.03398157917113967,0,300.18498254971684,0
100.97089517036858,70.87734727692758,24.233321812532516,0.09232865663027515,0,340.2244051898864,2
26.52895214545362,4.523508682821979,57.20966030121658,0.059182290523184244,0,297.7945239841768,0
27.973448984577217,4.413267157324977,49.44207121463833,0.14387825131664772,0,257.91147399337547,0
22.745788324424474,4.196176174090207,47.41743137845688,0.10275120543743799,0,314.31632678939474,0
23.60354983998668,4.307080513215021,31.101323971799204,0.09490992807111809,0,262.6519310134106,0
24.453483804198093,3.9195219494098366,38.38244291961005,0.13832289623724445,1,329.1650402012696,0
24.630298148403373,6.776922395556282,49.40402549628447,0.10506151705635115,1,359.44018239585506,0
22.01052914520948,3.6647848720574725,43.47200791288739,0.13709738804942062,0,310.51193839996756,0
23.688845341085152,4.9324530625219785,56.85661100695442,0.1562978036597248,0,183.30329421369203,0
45.17923559227122,5.069721196079558,68.02635639760081,0.1136898146612816,0,215.9615415692602,1
20.876924878151907,4.460903421006466,61.27545756253962,0.006968264500762739,0,370.04913802569627,0
22.35306278641752,5.190765296561342,39.91906364768849,0.05494402064662914,1,323.4721597815334,0
25.422874876918673,6.604915767655821,51.463007005948036,0.0933176597073237,0,317.3853079206645,0
23.64960026313745,4.72806430622414,33.54705898391636,0.0,0,400.41599387199227,0
23.2511932977083,5.798617787275754,56.18327732769166,0.1201881294580623,0,244.89672352880277,0
78.54376762087563,95.96549719833457,12.231822744494693,0.11026877783193449,0,358.5844535925314,2
27.66484414303671,6.857382670802409,40.22860761774801,0.11959502640936667,1,280.44597630073116,0
25.827517340585214,4.431187307639122,47.282278746488956,0.05828515115186188,0,399.08044437607236,0
22.426410327707234,5.338128144598885,72.97220087750478,0.10255233263972326,1,335.91270775273694,0
25.32235226726842,3.272020976400044,52.60677192958069,0.03544122942863141,0,308.539535418235,0
24.172192681641864,4.507706344921429,41.646345364835945,0.06424749967353999,0,325.3798879908931,0
22.66615248399961,5.310034930447042,57.134365647057734,0.02453821487411617,0,345.6433068771256,0
25.823425951127497,6.146016920829632,57.05989115737499,0.0,0,248.1290902941829,0
23.87267131310641,7.950640637252465,45.66981407936185,0.12113406437362215,0,321.93852008840935,0
25.52774584564601,5.0120434855632015,56.81516801567683,0.10835210801008098,0,158.19708968088355,0
22.917638723487904,3.9778863075274398,48.009310546066516,0.13376105480023529,0,353.3686034557392,0
76.68157112133524,78.27348359061567,20.266301485032493,0.025816596570778033,0,398.71281080371494,2
24.451017433995027,4.972258632078402,47.06163224447017,0.032517916632520114,0,225.4247492161441,0
26.105783640164287,5.456553178276796,59.654972694166524,0.09145414620664995,0,255.59833259355352,0
28.110773784614935,5.2270168082327535,49.731567811785304,0.09175924181113176,0,338.252140426516,0
28.135752988498627,5.016353525291695,46.38634510031491,0.06032596269356774,0,280.59954957043453,0
28.189953591287217,5.59781100463714,53.29044064968876,0.04171067832608877,0,265.7654844559352,0
26.06382547473568,6.210909280497933,64.44309724123268,0.03844456821897198,0,436.67528569959234,0
24.163244129794162,5.167533545499701,44.41209661355574,0.10876269482224342,0,371.256312930355,0
23.502849731770485,3.9263980823848854,44.874962710392694,0.10960303566995104,0,288.10108984088305,0
77.6467750659192,83.24397786145583,24.456139167540815,0.07736383776903621,0,311.397403253132,2
25.561646356683223,4.977682198258272,60.1076441746477,0.0813701019438598,1,297.30368562540275,0
27.774987404380703,4.740868470006245,46.550458629275695,0.10652652119802855,0,316.7224016812328,0
25.13195672473403,2.822852281156896,53.57620974898403,0.1350953399786615,0,345.8164984876653,0
25.99847996580563,4.781227031722048,35.49550882300536,0.04218903272274832,0,356.098685960137,0
24.673452192798436,5.23655621704074,43.76675281990363,0.13494493114755118,0,318.12829821342825,0
26.795573098049022,3.5458265558771513,42.13766735928375,0.1268742299954393,0,255.6679379908917,0
23.337059845391103,5.200971646525342,66.40720089407691,0.08425850581246948,1,301.5501809152328,0
24.57307865404367,6.249606495457426,51.86534060600375,0.07920838500965532,0,358.689255032313,0
27.347060235344856,4.546647412083887,40.856537518076685,0.10002313788185234,0,269.6023896019041,0
25.41913922545717,4.700269389894813,53.51974470792517,0.05111048796154774,1,259.2894905357606,0
27.421674318527028,5.780262805016769,45.744996245854644,0.1424777630089454,0,305.5916040492722,0
24.119434783247954,5.588699603124153,61.989831525695266,0.0942425533373933,0,277.0160670698936,0
28.329679994747167,7.669208282769977,54.46319360561272,0.07535329592456917,0,286.3011534813442,0
21.72809109472835,4.5110602261081,64.03378905977871,0.14319558719254566,0,352.24899326181287,0
29.092843093435402,4.869780564584081,43.60319097675801,0.11591602151708785,0,261.85763424319424,0
26.476896404708555,3.8395212130289287,43.34962528878648,0.11952870735085873,0,325.73447179896715,0
46.250310266386656,6.7666173895342245,54.41450196093734,0.05419841836755459,1,308.74110098964644,1
22.51828891610328,3.935465018273411,62.56180661225578,0.18054695973702606,0,298.2565131115974,0
43.49024079722677,4.31224883231877,67.82824667744252,0.0762350407305331,0,308.51080897406894,1
24.13664544032443,5.496920610452224,61.511057028081225,0.12663368286472998,0,325.18626460338714,0
24.84453032585322,4.561872035676611,63.92517830679643,0.13302329911108185,0,283.864872705553,0
23.939369477122717,4.553256956351353,58.6264612552376,0.0012265254777722723,0,373.69044956726185,0
29.21897708820096,6.877596421293768,45.99299716921168,0.2454192796738006,1,338.7110809934883,0
79.51296964461471,66.15983512420797,21.645545237117624,0.12379960814471656,0,315.46202458681086,2
24.17194460211707,5.20816969759845,48.42164476405999,0.07992968448651643,0,324.8562564327776,0
23.50341581562767,4.619600677329047,53.9754738840918,0.09603874631981585,1,365.7765724813787,0
24.190982245879063,6.01140047628947,58.261440178787396,0.0,1,304.75320037197764,0
23.423171411426985,3.1163650883341347,41.811649128947934,0.128500386439012,0,289.94211249206796,0
24.03190408004527,1.9481019984968646,51.556164006794,0.19010166241192888,0,377.55373618988233,0
23.56441938763302,3.485623609135337,48.13502803806437,0.12800051807368248,0,333.4305433695505,0
22.077800369929456,5.1100056293216705,60.3516545485459,0.08285060591421223,0,370.449081651372,0
24.406347985718245,4.947143677925513,43.58407375171938,0.148415868303235,0,238.27102252262972,0
20.54997836207135,4.984702298244641,43.62347037039879,0.06780789370521267,0,243.50735301487447,0
27.523139613065155,4.220073369519175,31.907341969976038,0.04785778120649414,1,248.52219524851387,0
27.841859507069834,32.03861238397052,62.102591184657015,0.030043382071970826,0,328.96114075387544,1
24.366246358609416,6.418875266484242,54.292396716007,0.05978106425320389,0,356.29311091842936,0
24.36351297747494,4.487586202063556,49.57106656225221,0.08701485440184158,1,60.40679908321168,1
27.55305636690258,4.21464484811621,64.79942720349187,0.14812526032296386,0,272.4042325895462,0
25.405246409162338,34.25544942696767,62.96086844865587,0.0636698343139142,1,251.16829663533042,1
24.970706471739096,3.888923468417004,44.10395397494725,0.0667681484162509,0,247.55213602209145,0
51.66439576713165,5.342685426973825,47.51961765758046,0.08037861448352862,0,367.4706470463458,1
24.150996112631308,4.639797873767891,46.703037142070855,0.0946492250048987,0,291.25329075117486,0
23.7314499119939,5.728462105154445,66.29731676517889,0.10515502448221462,0,311.0784570123015,0
26.495710743952145,32.871435638725984,65.17582542145746,0.10950973941165612,0,219.7434724870567,1
27.229993529537147,5.400984645097004,65.1472526274358,0.1924604169818225,0,371.76552435009773,0
26.42605546838305,3.921359866350161,47.22997297461097,0.24921169724801065,0,311.8987246220353,0
25.2963879658156,6.247355598943093,49.28985573306362,0.13736842599399948,0,304.79859466434146,0
25.731367108258187,4.708386650029976,45.659662108390066,7.2691434548181375,1,251.60118128257838,3
24.267389084922637,5.286093153046607,51.61513497782421,0.028651170697977346,1,309.163019546985,0
22.890509068494637,5.824036228778477,58.57146968330865,0.12805050887907457,0,308.14062910323537,0
25.57128657040297,5.908268569352834,47.49024868506176,0.18473405462021159,0,316.2466569363879,0
23.60672887275425,6.079560289713864,30.239206487073663,0.1401896359109173,0,334.5175025012396,0
27.12062441136235,4.287062575319754,56.711712418849146,0.0934950977059243,1,258.1253648979902,0
26.598347972791352,5.998320591956769,46.0740664709249,7.820591502005275,0,279.22384352094565,3
25.500092577161993,5.6060996622209895,59.597530765328706,0.004072970268135689,1,273.61170620416164,0
27.998230191594725,5.109884851190615,56.768464352191245,0.07947984182357068,0,286.8879177937009,0
68.16250703465556,40.84703739976854,19.961278530031922,0.1666504880142905,0,253.99038477998272,2
24.169225224622185,5.204464351896503,44.32775457890601,0.1643437913290139,1,57.14478819085646,1
23.68819883932089,5.099752607326254,61.88218779786815,0.07805874344525429,1,294.41197158932084,0
22.42242413723574,4.65939284139716,48.044514393697575,0.16973411319892587,0,304.5614313702075,0
27.62936463380139,4.99293918255678,47.84857939097642,0.12740039208866785,0,313.82050833307073,0
23.30045793521279,4.191024671967185,41.899973925581854,0.08508637159027746,0,308.4305678359649,0
26.047134046644945,5.328263714994276,82.71019656346017,0.18064916497559091,0,335.4639743866016,0
84.77852556001262,97.36891776353886,21.176853299891402,0.1990662523313101,0,356.76403324010323,2
23.572809130941895,5.635213517197662,56.34969532954824,0.2273617380715965,0,285.7661291724093,0
89.72196531549561,29.670683487132877,19.327677470158648,0.10689818105192933,0,289.91428256341385,2
28.969997307686807,21.815083579384492,55.79461260471809,0.049830765602221105,1,353.31294770146786,1
29.781756781564493,4.402882427605023,76.70553428092413,0.07649040227183093,0,375.59658771000863,0
23.399695772477877,5.9329276730921645,35.16997649353717,0.07054104119017318,0,326.68713353338336,0
23.596287080931738,3.9009557130662795,51.4101013655671,0.0,0,299.68012070196534,0
22.36800534582815,5.2698671328689155,57.23452598361317,0.10702906263944485,0,320.9020161218965,0
23.43625915890555,5.41590347426444,59.1488925180444,0.05118504818947751,0,201.98831306937154,0
23.37169884523749,5.544215488293246,28.976906754191347,0.17983647419867052,0,382.6983709977287,0
26.649237911640203,5.739307720554759,54.07696511378894,0.1155240638266252,1,276.59124480891273,0
26.912786304793602,3.990741073803543,52.696167032025286,0.06356810255739484,1,61.684633122520026,1
26.41461021132783,4.882757112587668,37.56012664239441,0.09735182209451763,0,258.4148293035802,0
25.745481369049397,5.7510774281088874,52.63645192961377,0.1332117856127097,0,303.15539597543597,0
27.987160571510337,3.4460240497554393,42.347811071961836,0.1625340718961677,0,263.23584192092636,0
29.302855817660834,5.373217252835143,50.208820772670734,0.10629406469063199,1,280.58483538142946,0
77.3745475849157,77.89090275973453,16.415511648343447,0.08979237896481583,0,354.0592760994412,2
26.362731917282932,5.7217574296637235,45.434988402020466,4.1712506344032,0,286.0777639620649,3
25.977278448336413,4.293145610227508,41.63135068032544,0.11981754596225747,0,230.42276405795292,0
24.692260219028626,5.677707516129511,39.56626923461111,0.08015058091775759,0,327.3017719344101,0
22.70533339592593,4.606741734355613,51.22954252748991,0.056052932949345324,0,316.801826322747,0
25.189962445270577,3.889065566521393,36.03602599847196,0.15808689268000478,0,226.41033093765049,0
20.569217140359807,5.470384162093158,63.81638502712586,0.08291289499709477,0,250.48780050455667,0
26.918728770474235,6.247558285247628,53.82223216550636,0.08011071162364741,0,340.3725543806209,0
24.61002380727935,3.9821267434806744,38.79127731917329,0.06550009287032546,0,356.7971096104421,0
26.859241406105777,4.3078148412803925,42.4526267332626,0.06507982864695697,1,207.70582304973914,0
25.130679855427626,4.776132209028837,54.23308610645602,0.13427364807420208,0,344.2193597680887,0
24.89975172011552,5.452213684070459,54.308840106625674,0.09927608968463529,0,301.4715016009993,0
26.714569554076917,4.104389128874268,46.85605344659176,0.025906657460842836,0,235.94508777127618,0
27.35763550444128,4.9574765312349385,49.25355111978426,0.09717608618049603,1,362.7771961329985,0
26.501124638384777,4.607601635334734,60.85309581182499,0.19377253384029894,0,294.4269757819673,0
24.87616185381927,4.0899862035107635,48.71897142537799,0.057022604800950755,0,408.22108998966223,0
28.31485711815818,4.760396912451445,50.89457147392305,0.04657646223330597,1,283.37519537569614,0
25.01384782982854,5.772376064861096,38.30291587236301,0.14925872143143737,0,206.85329322452424,0
25.01917376955313,4.392003449808316,56.42508506022462,0.05760720665612118,0,314.4159988515175,0
25.743657129558716,4.492481885442434,51.518213045674536,0.16057725835001002,0,339.84701463473226,0
24.135942881514723,7.366489902840586,35.8488373136342,0.09351189332075499,0,236.01377353604047,0
47.44124759769495,4.8637328114463285,50.84244429122035,0.06333053895882866,0,345.7463552129935,1
22.798989186383707,5.6655660017365905,48.990495048557904,0.15322978067593868,0,278.6190217835996,0
23.303598870230253,5.525672303021944,46.84992303831853,0.10946458988267364,0,222.98249840904836,0
24.60869184313654,6.162817320112556,49.35879701382989,0.08529276014317833,0,284.62913464169475,0
22.631964564818247,6.858435879467557,47.7407282454548,0.09390280793646448,0,279.9591379099655,0
23.557585864943913,5.0643566494399,44.26105804770819,0.07436232110177082,0,307.6759361812863,0
24.931736916266715,5.23579233698507,69.95230292870824,0.06833209441867905,0,318.44461441307214,0
25.609336709301502,4.810747431944003,80.15966220248434,0.10964772345137018,0,430.40482239477683,0
25.96783312327997,7.055224396993495,43.75162058698285,0.06527184928957741,0,430.72331580824834,0
23.43803494977478,2.3136799136160064,49.18202222919286,0.04257796440743594,1,297.3285954102618,0
21.63550593377132,5.589873143624845,56.47771666455845,0.11813597396475169,0,267.12933735668423,0
21.245208077071936,5.619393609292061,44.34746679584577,0.06840937736071938,1,306.00329741064627,0
26.88577361106384,5.1812850937233925,76.84425931957628,0.102634247376344,0,229.29295124160237,0
24.224501709789767,36.7391626567566,50.55540243483487,0.10093870626343238,1,308.3183547379585,1
25.556207651402072,2.576951229582204,65.1523801294191,0.09720360959113845,0,299.7522294763298,0
25.25407103042891,5.326996117589901,44.66141467956869,0.09949312636724467,0,334.94722611578345,0
26.602183214572143,4.813471546006371,46.94702582746071,0.1607908982834687,0,336.5761046514117,0
21.54066932895863,3.909652802610304,37.86633550107633,0.14589188967301625,0,340.54946182239576,0
69.81182509895018,80.1675666701757,17.690750376598068,0.03351120016762438,1,309.43195021220583,2
